date,region,resource_type,usage_cpu,usage_storage,users_active,econ_index,cloud_market_demand,holiday,day_of_week,month,quarter,is_weekend,cpu_usage_lag_1,storage_usage_lag_1,cpu_usage_lag_3,storage_usage_lag_3,cpu_usage_lag_7,storage_usage_lag_7,cpu_usage_rollmean_3,cpu_usage_rollmax_3,cpu_usage_rollmin_3,storage_usage_rollmean_3,storage_usage_rollmax_3,storage_usage_rollmin_3,cpu_usage_rollmean_7,cpu_usage_rollmax_7,cpu_usage_rollmin_7,storage_usage_rollmean_7,storage_usage_rollmax_7,storage_usage_rollmin_7,cpu_utilization_ratio,storage_efficiency
2023-01-01,eastus,Container,70,621,414,104.97,0.99,True,6,1,1,1,,,,,,,,,,,,,,,,,,,0.7070707070707071,0.3112781954887218
2023-01-02,eastus,Container,86,1146,220,106.48,1.15,False,0,1,1,0,70.0,621.0,,,,,,,,,,,,,,,,,0.8686868686868687,0.5744360902255639
2023-01-03,eastus,Container,57,1985,414,97.66,0.98,False,1,1,1,0,86.0,1146.0,,,,,71.0,86.0,57.0,1250.6666666666667,1985.0,621.0,,,,,,,0.5757575757575758,0.9949874686716792
2023-01-04,eastus,Container,57,1279,232,115.79,1.08,False,2,1,1,0,57.0,1985.0,70.0,621.0,,,66.66666666666667,86.0,57.0,1470.0,1985.0,1146.0,,,,,,,0.5757575757575758,0.6411027568922306
2023-01-05,eastus,Container,85,1024,359,95.31,1.05,False,3,1,1,0,57.0,1279.0,86.0,1146.0,,,66.33333333333333,85.0,57.0,1429.3333333333333,1985.0,1024.0,,,,,,,0.8585858585858586,0.5132832080200501
2023-01-06,eastus,Container,81,1995,432,95.37,0.95,False,4,1,1,0,85.0,1024.0,57.0,1985.0,,,74.33333333333333,85.0,57.0,1432.6666666666667,1995.0,1024.0,,,,,,,0.8181818181818182,1.0
2023-01-07,eastus,Container,55,1481,439,102.42,0.81,True,5,1,1,1,81.0,1995.0,57.0,1279.0,,,73.66666666666667,85.0,55.0,1500.0,1995.0,1024.0,70.14285714285714,86.0,55.0,1361.5714285714287,1995.0,621.0,0.5555555555555556,0.7423558897243108
2023-01-08,eastus,Container,81,1514,208,82.75,0.94,True,6,1,1,1,55.0,1481.0,85.0,1024.0,70.0,621.0,72.33333333333333,81.0,55.0,1663.3333333333333,1995.0,1481.0,71.71428571428571,86.0,55.0,1489.142857142857,1995.0,1024.0,0.8181818181818182,0.7588972431077694
2023-01-09,eastus,Container,97,1915,334,89.87,1.03,False,0,1,1,0,81.0,1514.0,81.0,1995.0,86.0,1146.0,77.66666666666667,97.0,55.0,1636.6666666666667,1915.0,1481.0,73.28571428571429,97.0,55.0,1599.0,1995.0,1024.0,0.9797979797979798,0.9598997493734336
2023-01-10,eastus,Container,86,779,380,90.92,0.86,False,1,1,1,0,97.0,1915.0,55.0,1481.0,57.0,1985.0,88.0,97.0,81.0,1402.6666666666667,1915.0,779.0,77.42857142857143,97.0,55.0,1426.7142857142858,1995.0,779.0,0.8686868686868687,0.3904761904761905
2023-01-11,eastus,Container,56,535,372,114.66,0.98,False,2,1,1,0,86.0,779.0,81.0,1514.0,57.0,1279.0,79.66666666666667,97.0,56.0,1076.3333333333333,1915.0,535.0,77.28571428571429,97.0,55.0,1320.4285714285713,1995.0,535.0,0.5656565656565656,0.2681704260651629
2023-01-12,eastus,Container,93,504,302,100.68,0.86,False,3,1,1,0,56.0,535.0,97.0,1915.0,85.0,1024.0,78.33333333333333,93.0,56.0,606.0,779.0,504.0,78.42857142857143,97.0,55.0,1246.142857142857,1995.0,504.0,0.9393939393939394,0.25263157894736843
2023-01-13,eastus,Container,71,1360,446,94.56,1.01,False,4,1,1,0,93.0,504.0,86.0,779.0,81.0,1995.0,73.33333333333333,93.0,56.0,799.6666666666666,1360.0,504.0,77.0,97.0,55.0,1155.4285714285713,1915.0,504.0,0.7171717171717171,0.681704260651629
2023-01-14,eastus,Container,65,1291,446,88.49,1.04,True,5,1,1,1,71.0,1360.0,56.0,535.0,55.0,1481.0,76.33333333333333,93.0,65.0,1051.6666666666667,1360.0,504.0,78.42857142857143,97.0,56.0,1128.2857142857142,1915.0,504.0,0.6565656565656566,0.6471177944862155
2023-01-15,eastus,Container,83,614,304,93.99,0.97,True,6,1,1,1,65.0,1291.0,93.0,504.0,81.0,1514.0,73.0,83.0,65.0,1088.3333333333333,1360.0,614.0,78.71428571428571,97.0,56.0,999.7142857142857,1915.0,504.0,0.8383838383838383,0.30776942355889725
2023-01-16,eastus,Container,97,1228,386,93.98,1.19,False,0,1,1,0,83.0,614.0,71.0,1360.0,97.0,1915.0,81.66666666666667,97.0,65.0,1044.3333333333333,1291.0,614.0,78.71428571428571,97.0,56.0,901.5714285714286,1360.0,504.0,0.9797979797979798,0.6155388471177945
2023-01-17,eastus,Container,96,1087,208,99.87,0.89,False,1,1,1,0,97.0,1228.0,65.0,1291.0,86.0,779.0,92.0,97.0,83.0,976.3333333333334,1228.0,614.0,80.14285714285714,97.0,56.0,945.5714285714286,1360.0,504.0,0.9696969696969697,0.5448621553884712
2023-01-18,eastus,Container,52,672,340,108.23,0.88,False,2,1,1,0,96.0,1087.0,83.0,614.0,56.0,535.0,81.66666666666667,97.0,52.0,995.6666666666666,1228.0,672.0,79.57142857142857,97.0,52.0,965.1428571428571,1360.0,504.0,0.5252525252525253,0.3368421052631579
2023-01-19,eastus,Container,64,1938,200,102.09,0.8,False,3,1,1,0,52.0,672.0,97.0,1228.0,93.0,504.0,70.66666666666667,96.0,52.0,1232.3333333333333,1938.0,672.0,75.42857142857143,97.0,52.0,1170.0,1938.0,614.0,0.6464646464646465,0.9714285714285714
2023-01-20,eastus,Container,54,949,209,86.72,1.02,False,4,1,1,0,64.0,1938.0,96.0,1087.0,71.0,1360.0,56.666666666666664,64.0,52.0,1186.3333333333333,1938.0,672.0,73.0,97.0,52.0,1111.2857142857142,1938.0,614.0,0.5454545454545454,0.4756892230576441
2023-01-21,eastus,Container,59,582,344,107.38,1.02,True,5,1,1,1,54.0,949.0,52.0,672.0,65.0,1291.0,59.0,64.0,54.0,1156.3333333333333,1938.0,582.0,72.14285714285714,97.0,52.0,1010.0,1938.0,582.0,0.5959595959595959,0.29172932330827067
2023-01-22,eastus,Container,86,1352,265,98.84,0.97,True,6,1,1,1,59.0,582.0,64.0,1938.0,83.0,614.0,66.33333333333333,86.0,54.0,961.0,1352.0,582.0,72.57142857142857,97.0,52.0,1115.4285714285713,1938.0,582.0,0.8686868686868687,0.6776942355889725
2023-01-23,eastus,Container,60,610,448,85.21,0.93,False,0,1,1,0,86.0,1352.0,54.0,949.0,97.0,1228.0,68.33333333333333,86.0,59.0,848.0,1352.0,582.0,67.28571428571429,96.0,52.0,1027.142857142857,1938.0,582.0,0.6060606060606061,0.3057644110275689
2023-01-24,eastus,Container,94,1596,481,95.39,1.11,False,1,1,1,0,60.0,610.0,59.0,582.0,96.0,1087.0,80.0,94.0,60.0,1186.0,1596.0,610.0,67.0,94.0,52.0,1099.857142857143,1938.0,582.0,0.9494949494949495,0.8
2023-01-25,eastus,Container,92,1797,493,103.44,0.82,False,2,1,1,0,94.0,1596.0,86.0,1352.0,52.0,672.0,82.0,94.0,60.0,1334.3333333333333,1797.0,610.0,72.71428571428571,94.0,54.0,1260.5714285714287,1938.0,582.0,0.9292929292929293,0.9007518796992481
2023-01-26,eastus,Container,68,924,300,103.24,0.96,False,3,1,1,0,92.0,1797.0,60.0,610.0,64.0,1938.0,84.66666666666667,94.0,68.0,1439.0,1797.0,924.0,73.28571428571429,94.0,54.0,1115.7142857142858,1797.0,582.0,0.6868686868686869,0.4631578947368421
2023-01-27,eastus,Container,98,1003,261,93.23,1.06,False,4,1,1,0,68.0,924.0,94.0,1596.0,54.0,949.0,86.0,98.0,68.0,1241.3333333333333,1797.0,924.0,79.57142857142857,98.0,59.0,1123.4285714285713,1797.0,582.0,0.98989898989899,0.5027568922305764
2023-01-28,eastus,Container,89,820,300,110.31,1.09,True,5,1,1,1,98.0,1003.0,92.0,1797.0,59.0,582.0,85.0,98.0,68.0,915.6666666666666,1003.0,820.0,83.85714285714286,98.0,60.0,1157.4285714285713,1797.0,610.0,0.898989898989899,0.41102756892230574
2023-01-29,eastus,Container,74,1565,288,91.61,0.97,True,6,1,1,1,89.0,820.0,68.0,924.0,86.0,1352.0,87.0,98.0,74.0,1129.3333333333333,1565.0,820.0,82.14285714285714,98.0,60.0,1187.857142857143,1797.0,610.0,0.7474747474747475,0.7844611528822055
2023-01-30,eastus,Container,86,1934,488,103.31,1.1,False,0,1,1,0,74.0,1565.0,98.0,1003.0,60.0,610.0,83.0,89.0,74.0,1439.6666666666667,1934.0,820.0,85.85714285714286,98.0,68.0,1377.0,1934.0,820.0,0.8686868686868687,0.9694235588972431
2023-01-31,eastus,Container,59,1371,237,95.21,0.98,False,1,1,1,0,86.0,1934.0,89.0,820.0,94.0,1596.0,73.0,86.0,59.0,1623.3333333333333,1934.0,1371.0,80.85714285714286,98.0,59.0,1344.857142857143,1934.0,820.0,0.5959595959595959,0.687218045112782
2023-02-01,eastus,Container,95,1928,309,88.94,0.88,False,2,2,1,0,59.0,1371.0,74.0,1565.0,92.0,1797.0,80.0,95.0,59.0,1744.3333333333333,1934.0,1371.0,81.28571428571429,98.0,59.0,1363.5714285714287,1934.0,820.0,0.9595959595959596,0.9664160401002506
2023-02-02,eastus,Container,56,1348,283,108.13,1.14,False,3,2,1,0,95.0,1928.0,86.0,1934.0,68.0,924.0,70.0,95.0,56.0,1549.0,1928.0,1348.0,79.57142857142857,98.0,56.0,1424.142857142857,1934.0,820.0,0.5656565656565656,0.6756892230576441
2023-02-03,eastus,Container,50,1787,254,99.28,1.1,False,4,2,1,0,56.0,1348.0,59.0,1371.0,98.0,1003.0,67.0,95.0,50.0,1687.6666666666667,1928.0,1348.0,72.71428571428571,95.0,50.0,1536.142857142857,1934.0,820.0,0.5050505050505051,0.8957393483709273
2023-02-04,eastus,Container,70,1409,422,103.62,0.94,True,5,2,1,1,50.0,1787.0,95.0,1928.0,89.0,820.0,58.666666666666664,70.0,50.0,1514.6666666666667,1787.0,1348.0,70.0,95.0,50.0,1620.2857142857142,1934.0,1348.0,0.7070707070707071,0.706265664160401
2023-02-05,eastus,Container,95,627,423,103.61,1.15,True,6,2,1,1,70.0,1409.0,56.0,1348.0,74.0,1565.0,71.66666666666667,95.0,50.0,1274.3333333333333,1787.0,627.0,73.0,95.0,50.0,1486.2857142857142,1934.0,627.0,0.9595959595959596,0.3142857142857143
2023-02-06,eastus,Container,72,841,226,99.64,1.16,False,0,2,1,0,95.0,627.0,50.0,1787.0,86.0,1934.0,79.0,95.0,70.0,959.0,1409.0,627.0,71.0,95.0,50.0,1330.142857142857,1928.0,627.0,0.7272727272727273,0.42155388471177946
2023-02-07,eastus,Container,71,568,488,73.8,1.08,False,1,2,1,0,72.0,841.0,70.0,1409.0,59.0,1371.0,79.33333333333333,95.0,71.0,678.6666666666666,841.0,568.0,72.71428571428571,95.0,50.0,1215.4285714285713,1928.0,568.0,0.7171717171717171,0.2847117794486215
2023-02-08,eastus,Container,73,838,463,100.87,0.97,False,2,2,1,0,71.0,568.0,95.0,627.0,95.0,1928.0,72.0,73.0,71.0,749.0,841.0,568.0,69.57142857142857,95.0,50.0,1059.7142857142858,1787.0,568.0,0.7373737373737373,0.42005012531328323
2023-02-09,eastus,Container,79,871,302,100.92,0.8,False,3,2,1,0,73.0,838.0,72.0,841.0,56.0,1348.0,74.33333333333333,79.0,71.0,759.0,871.0,568.0,72.85714285714286,95.0,50.0,991.5714285714286,1787.0,568.0,0.797979797979798,0.43659147869674186
2023-02-10,eastus,Container,81,1562,228,97.8,1.04,False,4,2,1,0,79.0,871.0,71.0,568.0,50.0,1787.0,77.66666666666667,81.0,73.0,1090.3333333333333,1562.0,838.0,77.28571428571429,95.0,70.0,959.4285714285714,1562.0,568.0,0.8181818181818182,0.7829573934837093
2023-02-11,eastus,Container,56,1063,459,114.78,0.95,True,5,2,1,1,81.0,1562.0,73.0,838.0,70.0,1409.0,72.0,81.0,56.0,1165.3333333333333,1562.0,871.0,75.28571428571429,95.0,56.0,910.0,1562.0,568.0,0.5656565656565656,0.5328320802005012
2023-02-12,eastus,Container,96,1612,267,91.92,0.95,True,6,2,1,1,56.0,1063.0,79.0,871.0,95.0,627.0,77.66666666666667,96.0,56.0,1412.3333333333333,1612.0,1063.0,75.42857142857143,96.0,56.0,1050.7142857142858,1612.0,568.0,0.9696969696969697,0.8080200501253133
2023-02-13,eastus,Container,99,1563,423,109.15,1.03,False,0,2,1,0,96.0,1612.0,81.0,1562.0,72.0,841.0,83.66666666666667,99.0,56.0,1412.6666666666667,1612.0,1063.0,79.28571428571429,99.0,56.0,1153.857142857143,1612.0,568.0,1.0,0.7834586466165413
2023-02-14,eastus,Container,92,1960,357,94.7,1.05,False,1,2,1,0,99.0,1563.0,56.0,1063.0,71.0,568.0,95.66666666666667,99.0,92.0,1711.6666666666667,1960.0,1563.0,82.28571428571429,99.0,56.0,1352.7142857142858,1960.0,838.0,0.9292929292929293,0.9824561403508771
2023-02-15,eastus,Container,53,1230,391,100.97,1.1,False,2,2,1,0,92.0,1960.0,96.0,1612.0,73.0,838.0,81.33333333333333,99.0,53.0,1584.3333333333333,1960.0,1230.0,79.42857142857143,99.0,53.0,1408.7142857142858,1960.0,871.0,0.5353535353535354,0.6165413533834586
2023-02-16,eastus,Container,78,656,274,92.98,0.97,False,3,2,1,0,53.0,1230.0,99.0,1563.0,79.0,871.0,74.33333333333333,92.0,53.0,1282.0,1960.0,656.0,79.28571428571429,99.0,53.0,1378.0,1960.0,656.0,0.7878787878787878,0.3288220551378446
2023-02-17,eastus,Container,64,1550,373,96.08,0.85,False,4,2,1,0,78.0,656.0,92.0,1960.0,81.0,1562.0,65.0,78.0,53.0,1145.3333333333333,1550.0,656.0,76.85714285714286,99.0,53.0,1376.2857142857142,1960.0,656.0,0.6464646464646465,0.7769423558897243
2023-02-18,eastus,Container,82,601,466,102.96,1.03,True,5,2,1,1,64.0,1550.0,53.0,1230.0,56.0,1063.0,74.66666666666667,82.0,64.0,935.6666666666666,1550.0,601.0,80.57142857142857,99.0,53.0,1310.2857142857142,1960.0,601.0,0.8282828282828283,0.3012531328320802
2023-02-19,eastus,Container,55,508,461,100.05,0.98,True,6,2,1,1,82.0,601.0,78.0,656.0,96.0,1612.0,67.0,82.0,55.0,886.3333333333334,1550.0,508.0,74.71428571428571,99.0,53.0,1152.5714285714287,1960.0,508.0,0.5555555555555556,0.2546365914786967
2023-02-20,eastus,Container,68,1249,372,85.85,0.96,False,0,2,1,0,55.0,508.0,64.0,1550.0,99.0,1563.0,68.33333333333333,82.0,55.0,786.0,1249.0,508.0,70.28571428571429,92.0,53.0,1107.7142857142858,1960.0,508.0,0.6868686868686869,0.6260651629072682
2023-02-21,eastus,Container,90,919,449,96.57,0.92,False,1,2,1,0,68.0,1249.0,82.0,601.0,92.0,1960.0,71.0,90.0,55.0,892.0,1249.0,508.0,70.0,90.0,53.0,959.0,1550.0,508.0,0.9090909090909091,0.4606516290726817
2023-02-22,eastus,Container,88,1337,344,98.39,1.04,False,2,2,1,0,90.0,919.0,55.0,508.0,53.0,1230.0,82.0,90.0,68.0,1168.3333333333333,1337.0,919.0,75.0,90.0,55.0,974.2857142857143,1550.0,508.0,0.8888888888888888,0.6701754385964912
2023-02-23,eastus,Container,86,804,319,118.86,1.02,False,3,2,1,0,88.0,1337.0,68.0,1249.0,78.0,656.0,88.0,90.0,86.0,1020.0,1337.0,804.0,76.14285714285714,90.0,55.0,995.4285714285714,1550.0,508.0,0.8686868686868687,0.4030075187969925
2023-02-24,eastus,Container,99,1708,238,102.58,0.99,False,4,2,1,0,86.0,804.0,90.0,919.0,64.0,1550.0,91.0,99.0,86.0,1283.0,1708.0,804.0,81.14285714285714,99.0,55.0,1018.0,1708.0,508.0,1.0,0.856140350877193
2023-02-25,eastus,Container,98,1087,488,80.81,1.0,True,5,2,1,1,99.0,1708.0,88.0,1337.0,82.0,601.0,94.33333333333333,99.0,86.0,1199.6666666666667,1708.0,804.0,83.42857142857143,99.0,55.0,1087.4285714285713,1708.0,508.0,0.98989898989899,0.5448621553884712
2023-02-26,eastus,Container,73,1321,288,100.6,1.25,True,6,2,1,1,98.0,1087.0,86.0,804.0,55.0,508.0,90.0,99.0,73.0,1372.0,1708.0,1087.0,86.0,99.0,68.0,1203.5714285714287,1708.0,804.0,0.7373737373737373,0.6621553884711779
2023-02-27,eastus,Container,64,542,220,98.08,1.03,False,0,2,1,0,73.0,1321.0,99.0,1708.0,68.0,1249.0,78.33333333333333,98.0,64.0,983.3333333333334,1321.0,542.0,85.42857142857143,99.0,64.0,1102.5714285714287,1708.0,542.0,0.6464646464646465,0.27167919799498746
2023-02-28,eastus,Container,80,1631,273,99.65,0.88,False,1,2,1,0,64.0,542.0,98.0,1087.0,90.0,919.0,72.33333333333333,80.0,64.0,1164.6666666666667,1631.0,542.0,84.0,99.0,64.0,1204.2857142857142,1708.0,542.0,0.8080808080808081,0.8175438596491228
2023-03-01,eastus,Container,76,1816,267,111.43,1.08,False,2,3,1,0,80.0,1631.0,73.0,1321.0,88.0,1337.0,73.33333333333333,80.0,64.0,1329.6666666666667,1816.0,542.0,82.28571428571429,99.0,64.0,1272.7142857142858,1816.0,542.0,0.7676767676767676,0.9102756892230577
2023-03-02,eastus,Container,74,1269,490,107.91,0.91,False,3,3,1,0,76.0,1816.0,64.0,542.0,86.0,804.0,76.66666666666667,80.0,74.0,1572.0,1816.0,1269.0,80.57142857142857,99.0,64.0,1339.142857142857,1816.0,542.0,0.7474747474747475,0.6360902255639098
2023-03-03,eastus,Container,87,566,499,114.03,0.86,False,4,3,1,0,74.0,1269.0,80.0,1631.0,99.0,1708.0,79.0,87.0,74.0,1217.0,1816.0,566.0,78.85714285714286,98.0,64.0,1176.0,1816.0,542.0,0.8787878787878788,0.2837092731829574
2023-03-04,eastus,Container,77,1126,303,105.87,1.22,True,5,3,1,1,87.0,566.0,76.0,1816.0,98.0,1087.0,79.33333333333333,87.0,74.0,987.0,1269.0,566.0,75.85714285714286,87.0,64.0,1181.5714285714287,1816.0,542.0,0.7777777777777778,0.5644110275689223
2023-03-05,eastus,Container,71,1839,300,90.09,0.94,True,6,3,1,1,77.0,1126.0,74.0,1269.0,73.0,1321.0,78.33333333333333,87.0,71.0,1177.0,1839.0,566.0,75.57142857142857,87.0,64.0,1255.5714285714287,1839.0,542.0,0.7171717171717171,0.9218045112781955
2023-03-06,eastus,Container,82,663,294,101.0,0.95,False,0,3,1,0,71.0,1839.0,87.0,566.0,64.0,542.0,76.66666666666667,82.0,71.0,1209.3333333333333,1839.0,663.0,78.14285714285714,87.0,71.0,1272.857142857143,1839.0,566.0,0.8282828282828283,0.3323308270676692
2023-03-07,eastus,Container,68,1277,329,84.49,1.01,False,1,3,1,0,82.0,663.0,77.0,1126.0,80.0,1631.0,73.66666666666667,82.0,68.0,1259.6666666666667,1839.0,663.0,76.42857142857143,87.0,68.0,1222.2857142857142,1839.0,566.0,0.6868686868686869,0.6401002506265664
2023-03-08,eastus,Container,84,1018,354,89.38,1.05,False,2,3,1,0,68.0,1277.0,71.0,1839.0,76.0,1816.0,78.0,84.0,68.0,986.0,1277.0,663.0,77.57142857142857,87.0,68.0,1108.2857142857142,1839.0,566.0,0.8484848484848485,0.5102756892230577
2023-03-09,eastus,Container,83,1123,451,90.81,1.15,False,3,3,1,0,84.0,1018.0,82.0,663.0,74.0,1269.0,78.33333333333333,84.0,68.0,1139.3333333333333,1277.0,1018.0,78.85714285714286,87.0,68.0,1087.4285714285713,1839.0,566.0,0.8383838383838383,0.562907268170426
2023-03-10,eastus,Container,66,1455,372,92.17,0.97,False,4,3,1,0,83.0,1123.0,68.0,1277.0,87.0,566.0,77.66666666666667,84.0,66.0,1198.6666666666667,1455.0,1018.0,75.85714285714286,84.0,66.0,1214.4285714285713,1839.0,663.0,0.6666666666666666,0.7293233082706767
2023-03-11,eastus,Container,66,1746,335,108.14,0.88,True,5,3,1,1,66.0,1455.0,84.0,1018.0,77.0,1126.0,71.66666666666667,83.0,66.0,1441.3333333333333,1746.0,1123.0,74.28571428571429,84.0,66.0,1303.0,1839.0,663.0,0.6666666666666666,0.8751879699248121
2023-03-12,eastus,Container,93,1811,373,102.27,1.13,True,6,3,1,1,66.0,1746.0,83.0,1123.0,71.0,1839.0,75.0,93.0,66.0,1670.6666666666667,1811.0,1455.0,77.42857142857143,93.0,66.0,1299.0,1811.0,663.0,0.9393939393939394,0.9077694235588972
2023-03-13,eastus,Container,78,712,482,83.93,1.02,False,0,3,1,0,93.0,1811.0,66.0,1455.0,82.0,663.0,79.0,93.0,66.0,1423.0,1811.0,712.0,76.85714285714286,93.0,66.0,1306.0,1811.0,712.0,0.7878787878787878,0.3568922305764411
2023-03-14,eastus,Container,70,801,430,102.6,1.08,False,1,3,1,0,78.0,712.0,66.0,1746.0,68.0,1277.0,80.33333333333333,93.0,70.0,1108.0,1811.0,712.0,77.14285714285714,93.0,66.0,1238.0,1811.0,712.0,0.7070707070707071,0.40150375939849625
2023-03-15,eastus,Container,87,1441,459,87.63,0.87,False,2,3,1,0,70.0,801.0,93.0,1811.0,84.0,1018.0,78.33333333333333,87.0,70.0,984.6666666666666,1441.0,712.0,77.57142857142857,93.0,66.0,1298.4285714285713,1811.0,712.0,0.8787878787878788,0.7223057644110276
2023-03-16,eastus,Container,98,1706,345,105.22,1.03,False,3,3,1,0,87.0,1441.0,78.0,712.0,83.0,1123.0,85.0,98.0,70.0,1316.0,1706.0,801.0,79.71428571428571,98.0,66.0,1381.7142857142858,1811.0,712.0,0.98989898989899,0.8551378446115289
2023-03-17,eastus,Container,68,1949,234,102.5,1.03,False,4,3,1,0,98.0,1706.0,70.0,801.0,66.0,1455.0,84.33333333333333,98.0,68.0,1698.6666666666667,1949.0,1441.0,80.0,98.0,66.0,1452.2857142857142,1949.0,712.0,0.6868686868686869,0.9769423558897243
2023-03-18,eastus,Container,56,662,419,93.2,1.02,True,5,3,1,1,68.0,1949.0,87.0,1441.0,66.0,1746.0,74.0,98.0,56.0,1439.0,1949.0,662.0,78.57142857142857,98.0,56.0,1297.4285714285713,1949.0,662.0,0.5656565656565656,0.3318295739348371
2023-03-19,eastus,Container,67,1654,286,102.93,0.93,True,6,3,1,1,56.0,662.0,98.0,1706.0,93.0,1811.0,63.666666666666664,68.0,56.0,1421.6666666666667,1949.0,662.0,74.85714285714286,98.0,56.0,1275.0,1949.0,662.0,0.6767676767676768,0.8290726817042606
2023-03-20,eastus,Container,65,934,324,118.66,1.05,False,0,3,1,0,67.0,1654.0,68.0,1949.0,78.0,712.0,62.666666666666664,67.0,56.0,1083.3333333333333,1654.0,662.0,73.0,98.0,56.0,1306.7142857142858,1949.0,662.0,0.6565656565656566,0.4681704260651629
2023-03-21,eastus,Container,74,1777,243,88.09,1.07,False,1,3,1,0,65.0,934.0,56.0,662.0,70.0,801.0,68.66666666666667,74.0,65.0,1455.0,1777.0,934.0,73.57142857142857,98.0,56.0,1446.142857142857,1949.0,662.0,0.7474747474747475,0.8907268170426065
2023-03-22,eastus,Container,50,1514,207,90.25,1.08,False,2,3,1,0,74.0,1777.0,67.0,1654.0,87.0,1441.0,63.0,74.0,50.0,1408.3333333333333,1777.0,934.0,68.28571428571429,98.0,50.0,1456.5714285714287,1949.0,662.0,0.5050505050505051,0.7588972431077694
2023-03-23,eastus,Container,54,726,388,111.59,0.92,False,3,3,1,0,50.0,1514.0,65.0,934.0,98.0,1706.0,59.333333333333336,74.0,50.0,1339.0,1777.0,726.0,62.0,74.0,50.0,1316.5714285714287,1949.0,662.0,0.5454545454545454,0.36390977443609024
2023-03-24,eastus,Container,69,1392,471,109.63,1.04,False,4,3,1,0,54.0,726.0,74.0,1777.0,68.0,1949.0,57.666666666666664,69.0,50.0,1210.6666666666667,1514.0,726.0,62.142857142857146,74.0,50.0,1237.0,1777.0,662.0,0.696969696969697,0.6977443609022557
2023-03-25,eastus,Container,72,1966,290,108.22,1.19,True,5,3,1,1,69.0,1392.0,50.0,1514.0,56.0,662.0,65.0,72.0,54.0,1361.3333333333333,1966.0,726.0,64.42857142857143,74.0,50.0,1423.2857142857142,1966.0,726.0,0.7272727272727273,0.9854636591478697
2023-03-26,eastus,Container,87,1960,363,97.55,0.92,True,6,3,1,1,72.0,1966.0,54.0,726.0,67.0,1654.0,76.0,87.0,69.0,1772.6666666666667,1966.0,1392.0,67.28571428571429,87.0,50.0,1467.0,1966.0,726.0,0.8787878787878788,0.9824561403508771
2023-03-27,eastus,Container,86,1512,400,91.1,0.92,False,0,3,1,0,87.0,1960.0,69.0,1392.0,65.0,934.0,81.66666666666667,87.0,72.0,1812.6666666666667,1966.0,1512.0,70.28571428571429,87.0,50.0,1549.5714285714287,1966.0,726.0,0.8686868686868687,0.7578947368421053
2023-03-28,eastus,Container,73,1685,456,99.23,1.03,False,1,3,1,0,86.0,1512.0,72.0,1966.0,74.0,1777.0,82.0,87.0,73.0,1719.0,1960.0,1512.0,70.14285714285714,87.0,50.0,1536.4285714285713,1966.0,726.0,0.7373737373737373,0.8446115288220551
2023-03-29,eastus,Container,92,881,432,102.77,1.08,False,2,3,1,0,73.0,1685.0,87.0,1960.0,50.0,1514.0,83.66666666666667,92.0,73.0,1359.3333333333333,1685.0,881.0,76.14285714285714,92.0,54.0,1446.0,1966.0,726.0,0.9292929292929293,0.44160401002506267
2023-03-30,eastus,Container,88,1487,449,100.13,1.15,False,3,3,1,0,92.0,881.0,86.0,1512.0,54.0,726.0,84.33333333333333,92.0,73.0,1351.0,1685.0,881.0,81.0,92.0,69.0,1554.7142857142858,1966.0,881.0,0.8888888888888888,0.7453634085213032
2023-03-31,eastus,Container,58,1900,238,97.35,1.27,False,4,3,1,0,88.0,1487.0,73.0,1685.0,69.0,1392.0,79.33333333333333,92.0,58.0,1422.6666666666667,1900.0,881.0,79.42857142857143,92.0,58.0,1627.2857142857142,1966.0,881.0,0.5858585858585859,0.9523809523809523
2023-01-01,eastus,Storage,92,1595,388,104.97,0.99,True,6,1,1,1,,,,,,,,,,,,,,,,,,,0.9292929292929293,0.8007028112449799
2023-01-02,eastus,Storage,93,1767,330,106.48,1.15,False,0,1,1,0,92.0,1595.0,,,,,,,,,,,,,,,,,0.9393939393939394,0.8870481927710844
2023-01-03,eastus,Storage,85,769,470,97.66,0.98,False,1,1,1,0,93.0,1767.0,,,,,90.0,93.0,85.0,1377.0,1767.0,769.0,,,,,,,0.8585858585858586,0.38604417670682734
2023-01-04,eastus,Storage,77,634,400,115.79,1.08,False,2,1,1,0,85.0,769.0,92.0,1595.0,,,85.0,93.0,77.0,1056.6666666666667,1767.0,634.0,,,,,,,0.7777777777777778,0.31827309236947793
2023-01-05,eastus,Storage,94,1694,228,95.31,1.05,False,3,1,1,0,77.0,634.0,93.0,1767.0,,,85.33333333333333,94.0,77.0,1032.3333333333333,1694.0,634.0,,,,,,,0.9494949494949495,0.8504016064257028
2023-01-06,eastus,Storage,93,1163,359,95.37,0.95,False,4,1,1,0,94.0,1694.0,85.0,769.0,,,88.0,94.0,77.0,1163.6666666666667,1694.0,634.0,,,,,,,0.9393939393939394,0.5838353413654619
2023-01-07,eastus,Storage,73,1383,297,102.42,0.81,True,5,1,1,1,93.0,1163.0,77.0,634.0,,,86.66666666666667,94.0,73.0,1413.3333333333333,1694.0,1163.0,86.71428571428571,94.0,73.0,1286.4285714285713,1767.0,634.0,0.7373737373737373,0.6942771084337349
2023-01-08,eastus,Storage,61,952,236,82.75,0.94,True,6,1,1,1,73.0,1383.0,94.0,1694.0,92.0,1595.0,75.66666666666667,93.0,61.0,1166.0,1383.0,952.0,82.28571428571429,94.0,61.0,1194.5714285714287,1767.0,634.0,0.6161616161616161,0.4779116465863454
2023-01-09,eastus,Storage,82,897,476,89.87,1.03,False,0,1,1,0,61.0,952.0,93.0,1163.0,93.0,1767.0,72.0,82.0,61.0,1077.3333333333333,1383.0,897.0,80.71428571428571,94.0,61.0,1070.2857142857142,1694.0,634.0,0.8282828282828283,0.4503012048192771
2023-01-10,eastus,Storage,55,598,432,90.92,0.86,False,1,1,1,0,82.0,897.0,73.0,1383.0,85.0,769.0,66.0,82.0,55.0,815.6666666666666,952.0,598.0,76.42857142857143,94.0,55.0,1045.857142857143,1694.0,598.0,0.5555555555555556,0.3002008032128514
2023-01-11,eastus,Storage,75,1420,212,114.66,0.98,False,2,1,1,0,55.0,598.0,61.0,952.0,77.0,634.0,70.66666666666667,82.0,55.0,971.6666666666666,1420.0,598.0,76.14285714285714,94.0,55.0,1158.142857142857,1694.0,598.0,0.7575757575757576,0.7128514056224899
2023-01-12,eastus,Storage,82,763,252,100.68,0.86,False,3,1,1,0,75.0,1420.0,82.0,897.0,94.0,1694.0,70.66666666666667,82.0,55.0,927.0,1420.0,598.0,74.42857142857143,93.0,55.0,1025.142857142857,1420.0,598.0,0.8282828282828283,0.3830321285140562
2023-01-13,eastus,Storage,88,1203,268,94.56,1.01,False,4,1,1,0,82.0,763.0,55.0,598.0,93.0,1163.0,81.66666666666667,88.0,75.0,1128.6666666666667,1420.0,763.0,73.71428571428571,88.0,55.0,1030.857142857143,1420.0,598.0,0.8888888888888888,0.6039156626506024
2023-01-14,eastus,Storage,81,1268,203,88.49,1.04,True,5,1,1,1,88.0,1203.0,75.0,1420.0,73.0,1383.0,83.66666666666667,88.0,81.0,1078.0,1268.0,763.0,74.85714285714286,88.0,55.0,1014.4285714285714,1420.0,598.0,0.8181818181818182,0.6365461847389559
2023-01-15,eastus,Storage,78,1469,289,93.99,0.97,True,6,1,1,1,81.0,1268.0,82.0,763.0,61.0,952.0,82.33333333333333,88.0,78.0,1313.3333333333333,1469.0,1203.0,77.28571428571429,88.0,55.0,1088.2857142857142,1469.0,598.0,0.7878787878787878,0.7374497991967871
2023-01-16,eastus,Storage,66,561,283,93.98,1.19,False,0,1,1,0,78.0,1469.0,88.0,1203.0,82.0,897.0,75.0,81.0,66.0,1099.3333333333333,1469.0,561.0,75.0,88.0,55.0,1040.2857142857142,1469.0,561.0,0.6666666666666666,0.2816265060240964
2023-01-17,eastus,Storage,78,734,345,99.87,0.89,False,1,1,1,0,66.0,561.0,81.0,1268.0,55.0,598.0,74.0,78.0,66.0,921.3333333333334,1469.0,561.0,78.28571428571429,88.0,66.0,1059.7142857142858,1469.0,561.0,0.7878787878787878,0.3684738955823293
2023-01-18,eastus,Storage,75,538,325,108.23,0.88,False,2,1,1,0,78.0,734.0,78.0,1469.0,75.0,1420.0,73.0,78.0,66.0,611.0,734.0,538.0,78.28571428571429,88.0,66.0,933.7142857142857,1469.0,538.0,0.7575757575757576,0.2700803212851406
2023-01-19,eastus,Storage,90,1828,213,102.09,0.8,False,3,1,1,0,75.0,538.0,66.0,561.0,82.0,763.0,81.0,90.0,75.0,1033.3333333333333,1828.0,538.0,79.42857142857143,90.0,66.0,1085.857142857143,1828.0,538.0,0.9090909090909091,0.9176706827309237
2023-01-20,eastus,Storage,84,1776,281,86.72,1.02,False,4,1,1,0,90.0,1828.0,78.0,734.0,88.0,1203.0,83.0,90.0,75.0,1380.6666666666667,1828.0,538.0,78.85714285714286,90.0,66.0,1167.7142857142858,1828.0,538.0,0.8484848484848485,0.891566265060241
2023-01-21,eastus,Storage,86,1176,401,107.38,1.02,True,5,1,1,1,84.0,1776.0,75.0,538.0,81.0,1268.0,86.66666666666667,90.0,84.0,1593.3333333333333,1828.0,1176.0,79.57142857142857,90.0,66.0,1154.5714285714287,1828.0,538.0,0.8686868686868687,0.5903614457831325
2023-01-22,eastus,Storage,96,1418,406,98.84,0.97,True,6,1,1,1,86.0,1176.0,90.0,1828.0,78.0,1469.0,88.66666666666667,96.0,84.0,1456.6666666666667,1776.0,1176.0,82.14285714285714,96.0,66.0,1147.2857142857142,1828.0,538.0,0.9696969696969697,0.7118473895582329
2023-01-23,eastus,Storage,92,542,439,85.21,0.93,False,0,1,1,0,96.0,1418.0,84.0,1776.0,66.0,561.0,91.33333333333333,96.0,86.0,1045.3333333333333,1418.0,542.0,85.85714285714286,96.0,75.0,1144.5714285714287,1828.0,538.0,0.9292929292929293,0.2720883534136546
2023-01-24,eastus,Storage,98,1601,417,95.39,1.11,False,1,1,1,0,92.0,542.0,86.0,1176.0,78.0,734.0,95.33333333333333,98.0,92.0,1187.0,1601.0,542.0,88.71428571428571,98.0,75.0,1268.4285714285713,1828.0,538.0,0.98989898989899,0.803714859437751
2023-01-25,eastus,Storage,52,1418,437,103.44,0.82,False,2,1,1,0,98.0,1601.0,96.0,1418.0,75.0,538.0,80.66666666666667,98.0,52.0,1187.0,1601.0,542.0,85.42857142857143,98.0,52.0,1394.142857142857,1828.0,542.0,0.5252525252525253,0.7118473895582329
2023-01-26,eastus,Storage,57,1892,435,103.24,0.96,False,3,1,1,0,52.0,1418.0,92.0,542.0,90.0,1828.0,69.0,98.0,52.0,1637.0,1892.0,1418.0,80.71428571428571,98.0,52.0,1403.2857142857142,1892.0,542.0,0.5757575757575758,0.9497991967871486
2023-01-27,eastus,Storage,60,503,333,93.23,1.06,False,4,1,1,0,57.0,1892.0,98.0,1601.0,84.0,1776.0,56.333333333333336,60.0,52.0,1271.0,1892.0,503.0,77.28571428571429,98.0,52.0,1221.4285714285713,1892.0,503.0,0.6060606060606061,0.25251004016064255
2023-01-28,eastus,Storage,93,1397,212,110.31,1.09,True,5,1,1,1,60.0,503.0,52.0,1418.0,86.0,1176.0,70.0,93.0,57.0,1264.0,1892.0,503.0,78.28571428571429,98.0,52.0,1253.0,1892.0,503.0,0.9393939393939394,0.7013052208835341
2023-01-29,eastus,Storage,75,1073,331,91.61,0.97,True,6,1,1,1,93.0,1397.0,57.0,1892.0,96.0,1418.0,76.0,93.0,60.0,991.0,1397.0,503.0,75.28571428571429,98.0,52.0,1203.7142857142858,1892.0,503.0,0.7575757575757576,0.5386546184738956
2023-01-30,eastus,Storage,87,1964,296,103.31,1.1,False,0,1,1,0,75.0,1073.0,60.0,503.0,92.0,542.0,85.0,93.0,75.0,1478.0,1964.0,1073.0,74.57142857142857,98.0,52.0,1406.857142857143,1964.0,503.0,0.8787878787878788,0.9859437751004017
2023-01-31,eastus,Storage,69,510,453,95.21,0.98,False,1,1,1,0,87.0,1964.0,93.0,1397.0,98.0,1601.0,77.0,87.0,69.0,1182.3333333333333,1964.0,510.0,70.42857142857143,93.0,52.0,1251.0,1964.0,503.0,0.696969696969697,0.2560240963855422
2023-02-01,eastus,Storage,90,1278,456,88.94,0.88,False,2,2,1,0,69.0,510.0,75.0,1073.0,52.0,1418.0,82.0,90.0,69.0,1250.6666666666667,1964.0,510.0,75.85714285714286,93.0,57.0,1231.0,1964.0,503.0,0.9090909090909091,0.641566265060241
2023-02-02,eastus,Storage,75,655,248,108.13,1.14,False,3,2,1,0,90.0,1278.0,87.0,1964.0,57.0,1892.0,78.0,90.0,69.0,814.3333333333334,1278.0,510.0,78.42857142857143,93.0,60.0,1054.2857142857142,1964.0,503.0,0.7575757575757576,0.3288152610441767
2023-02-03,eastus,Storage,79,1446,331,99.28,1.1,False,4,2,1,0,75.0,655.0,69.0,510.0,60.0,503.0,81.33333333333333,90.0,75.0,1126.3333333333333,1446.0,655.0,81.14285714285714,93.0,69.0,1189.0,1964.0,510.0,0.797979797979798,0.7259036144578314
2023-02-04,eastus,Storage,95,990,364,103.62,0.94,True,5,2,1,1,79.0,1446.0,90.0,1278.0,93.0,1397.0,83.0,95.0,75.0,1030.3333333333333,1446.0,655.0,81.42857142857143,95.0,69.0,1130.857142857143,1964.0,510.0,0.9595959595959596,0.49698795180722893
2023-02-05,eastus,Storage,66,1213,357,103.61,1.15,True,6,2,1,1,95.0,990.0,75.0,655.0,75.0,1073.0,80.0,95.0,66.0,1216.3333333333333,1446.0,990.0,80.14285714285714,95.0,66.0,1150.857142857143,1964.0,510.0,0.6666666666666666,0.6089357429718876
2023-02-06,eastus,Storage,86,1676,275,99.64,1.16,False,0,2,1,0,66.0,1213.0,79.0,1446.0,87.0,1964.0,82.33333333333333,95.0,66.0,1293.0,1676.0,990.0,80.0,95.0,66.0,1109.7142857142858,1676.0,510.0,0.8686868686868687,0.8413654618473896
2023-02-07,eastus,Storage,96,1163,445,73.8,1.08,False,1,2,1,0,86.0,1676.0,95.0,990.0,69.0,510.0,82.66666666666667,96.0,66.0,1350.6666666666667,1676.0,1163.0,83.85714285714286,96.0,66.0,1203.0,1676.0,655.0,0.9696969696969697,0.5838353413654619
2023-02-08,eastus,Storage,59,511,279,100.87,0.97,False,2,2,1,0,96.0,1163.0,66.0,1213.0,90.0,1278.0,80.33333333333333,96.0,59.0,1116.6666666666667,1676.0,511.0,79.42857142857143,96.0,59.0,1093.4285714285713,1676.0,511.0,0.5959595959595959,0.2565261044176707
2023-02-09,eastus,Storage,78,1093,422,100.92,0.8,False,3,2,1,0,59.0,511.0,86.0,1676.0,75.0,655.0,77.66666666666667,96.0,59.0,922.3333333333334,1163.0,511.0,79.85714285714286,96.0,59.0,1156.0,1676.0,511.0,0.7878787878787878,0.5486947791164659
2023-02-10,eastus,Storage,62,1664,473,97.8,1.04,False,4,2,1,0,78.0,1093.0,96.0,1163.0,79.0,1446.0,66.33333333333333,78.0,59.0,1089.3333333333333,1664.0,511.0,77.42857142857143,96.0,59.0,1187.142857142857,1676.0,511.0,0.6262626262626263,0.8353413654618473
2023-02-11,eastus,Storage,62,725,352,114.78,0.95,True,5,2,1,1,62.0,1664.0,59.0,511.0,95.0,990.0,67.33333333333333,78.0,62.0,1160.6666666666667,1664.0,725.0,72.71428571428571,96.0,59.0,1149.2857142857142,1676.0,511.0,0.6262626262626263,0.36395582329317266
2023-02-12,eastus,Storage,84,1280,319,91.92,0.95,True,6,2,1,1,62.0,725.0,78.0,1093.0,66.0,1213.0,69.33333333333333,84.0,62.0,1223.0,1664.0,725.0,75.28571428571429,96.0,59.0,1158.857142857143,1676.0,511.0,0.8484848484848485,0.642570281124498
2023-02-13,eastus,Storage,54,1472,280,109.15,1.03,False,0,2,1,0,84.0,1280.0,62.0,1664.0,86.0,1676.0,66.66666666666667,84.0,54.0,1159.0,1472.0,725.0,70.71428571428571,96.0,54.0,1129.7142857142858,1664.0,511.0,0.5454545454545454,0.7389558232931727
2023-02-14,eastus,Storage,80,1034,359,94.7,1.05,False,1,2,1,0,54.0,1472.0,62.0,725.0,96.0,1163.0,72.66666666666667,84.0,54.0,1262.0,1472.0,1034.0,68.42857142857143,84.0,54.0,1111.2857142857142,1664.0,511.0,0.8080808080808081,0.5190763052208835
2023-02-15,eastus,Storage,69,983,441,100.97,1.1,False,2,2,1,0,80.0,1034.0,84.0,1280.0,59.0,511.0,67.66666666666667,80.0,54.0,1163.0,1472.0,983.0,69.85714285714286,84.0,54.0,1178.7142857142858,1664.0,725.0,0.696969696969697,0.4934738955823293
2023-02-16,eastus,Storage,62,538,470,92.98,0.97,False,3,2,1,0,69.0,983.0,54.0,1472.0,78.0,1093.0,70.33333333333333,80.0,62.0,851.6666666666666,1034.0,538.0,67.57142857142857,84.0,54.0,1099.4285714285713,1664.0,538.0,0.6262626262626263,0.2700803212851406
2023-02-17,eastus,Storage,78,1832,207,96.08,0.85,False,4,2,1,0,62.0,538.0,80.0,1034.0,62.0,1664.0,69.66666666666667,78.0,62.0,1117.6666666666667,1832.0,538.0,69.85714285714286,84.0,54.0,1123.4285714285713,1832.0,538.0,0.7878787878787878,0.9196787148594378
2023-02-18,eastus,Storage,87,510,416,102.96,1.03,True,5,2,1,1,78.0,1832.0,69.0,983.0,62.0,725.0,75.66666666666667,87.0,62.0,960.0,1832.0,510.0,73.42857142857143,87.0,54.0,1092.7142857142858,1832.0,510.0,0.8787878787878788,0.2560240963855422
2023-02-19,eastus,Storage,83,605,322,100.05,0.98,True,6,2,1,1,87.0,510.0,62.0,538.0,84.0,1280.0,82.66666666666667,87.0,78.0,982.3333333333334,1832.0,510.0,73.28571428571429,87.0,54.0,996.2857142857143,1832.0,510.0,0.8383838383838383,0.303714859437751
2023-02-20,eastus,Storage,94,1766,321,85.85,0.96,False,0,2,1,0,83.0,605.0,78.0,1832.0,54.0,1472.0,88.0,94.0,83.0,960.3333333333334,1766.0,510.0,79.0,94.0,62.0,1038.2857142857142,1832.0,510.0,0.9494949494949495,0.8865461847389559
2023-02-21,eastus,Storage,73,1446,295,96.57,0.92,False,1,2,1,0,94.0,1766.0,87.0,510.0,80.0,1034.0,83.33333333333333,94.0,73.0,1272.3333333333333,1766.0,605.0,78.0,94.0,62.0,1097.142857142857,1832.0,510.0,0.7373737373737373,0.7259036144578314
2023-02-22,eastus,Storage,74,1607,329,98.39,1.04,False,2,2,1,0,73.0,1446.0,83.0,605.0,69.0,983.0,80.33333333333333,94.0,73.0,1606.3333333333333,1766.0,1446.0,78.71428571428571,94.0,62.0,1186.2857142857142,1832.0,510.0,0.7474747474747475,0.8067269076305221
2023-02-23,eastus,Storage,92,1186,403,118.86,1.02,False,3,2,1,0,74.0,1607.0,94.0,1766.0,62.0,538.0,79.66666666666667,92.0,73.0,1413.0,1607.0,1186.0,83.0,94.0,73.0,1278.857142857143,1832.0,510.0,0.9292929292929293,0.5953815261044176
2023-02-24,eastus,Storage,92,625,416,102.58,0.99,False,4,2,1,0,92.0,1186.0,73.0,1446.0,78.0,1832.0,86.0,92.0,74.0,1139.3333333333333,1607.0,625.0,85.0,94.0,73.0,1106.4285714285713,1766.0,510.0,0.9292929292929293,0.3137550200803213
2023-02-25,eastus,Storage,57,802,431,80.81,1.0,True,5,2,1,1,92.0,625.0,74.0,1607.0,87.0,510.0,80.33333333333333,92.0,57.0,871.0,1186.0,625.0,80.71428571428571,94.0,57.0,1148.142857142857,1766.0,605.0,0.5757575757575758,0.4026104417670683
2023-02-26,eastus,Storage,68,1888,328,100.6,1.25,True,6,2,1,1,57.0,802.0,92.0,1186.0,83.0,605.0,72.33333333333333,92.0,57.0,1105.0,1888.0,625.0,78.57142857142857,94.0,57.0,1331.4285714285713,1888.0,625.0,0.6868686868686869,0.9477911646586346
2023-02-27,eastus,Storage,64,1823,427,98.08,1.03,False,0,2,1,0,68.0,1888.0,92.0,625.0,94.0,1766.0,63.0,68.0,57.0,1504.3333333333333,1888.0,802.0,74.28571428571429,92.0,57.0,1339.5714285714287,1888.0,625.0,0.6464646464646465,0.9151606425702812
2023-02-28,eastus,Storage,75,1868,462,99.65,0.88,False,1,2,1,0,64.0,1823.0,57.0,802.0,73.0,1446.0,69.0,75.0,64.0,1859.6666666666667,1888.0,1823.0,74.57142857142857,92.0,57.0,1399.857142857143,1888.0,625.0,0.7575757575757576,0.9377510040160643
2023-03-01,eastus,Storage,65,1572,353,111.43,1.08,False,2,3,1,0,75.0,1868.0,68.0,1888.0,74.0,1607.0,68.0,75.0,64.0,1754.3333333333333,1868.0,1572.0,73.28571428571429,92.0,57.0,1394.857142857143,1888.0,625.0,0.6565656565656566,0.7891566265060241
2023-03-02,eastus,Storage,62,1008,453,107.91,0.91,False,3,3,1,0,65.0,1572.0,64.0,1823.0,92.0,1186.0,67.33333333333333,75.0,62.0,1482.6666666666667,1868.0,1008.0,69.0,92.0,57.0,1369.4285714285713,1888.0,625.0,0.6262626262626263,0.5060240963855421
2023-03-03,eastus,Storage,81,648,463,114.03,0.86,False,4,3,1,0,62.0,1008.0,75.0,1868.0,92.0,625.0,69.33333333333333,81.0,62.0,1076.0,1572.0,648.0,67.42857142857143,81.0,57.0,1372.7142857142858,1888.0,648.0,0.8181818181818182,0.3253012048192771
2023-03-04,eastus,Storage,65,736,478,105.87,1.22,True,5,3,1,1,81.0,648.0,65.0,1572.0,57.0,802.0,69.33333333333333,81.0,62.0,797.3333333333334,1008.0,648.0,68.57142857142857,81.0,62.0,1363.2857142857142,1888.0,648.0,0.6565656565656566,0.36947791164658633
2023-03-05,eastus,Storage,84,905,342,90.09,0.94,True,6,3,1,1,65.0,736.0,62.0,1008.0,68.0,1888.0,76.66666666666667,84.0,65.0,763.0,905.0,648.0,70.85714285714286,84.0,62.0,1222.857142857143,1868.0,648.0,0.8484848484848485,0.4543172690763052
2023-03-06,eastus,Storage,51,1292,452,101.0,0.95,False,0,3,1,0,84.0,905.0,81.0,648.0,64.0,1823.0,66.66666666666667,84.0,51.0,977.6666666666666,1292.0,736.0,69.0,84.0,51.0,1147.0,1868.0,648.0,0.5151515151515151,0.6485943775100401
2023-03-07,eastus,Storage,68,786,204,84.49,1.01,False,1,3,1,0,51.0,1292.0,65.0,736.0,75.0,1868.0,67.66666666666667,84.0,51.0,994.3333333333334,1292.0,786.0,68.0,84.0,51.0,992.4285714285714,1572.0,648.0,0.6868686868686869,0.39457831325301207
2023-03-08,eastus,Storage,99,1586,315,89.38,1.05,False,2,3,1,0,68.0,786.0,84.0,905.0,65.0,1572.0,72.66666666666667,99.0,51.0,1221.3333333333333,1586.0,786.0,72.85714285714286,99.0,51.0,994.4285714285714,1586.0,648.0,1.0,0.7961847389558233
2023-03-09,eastus,Storage,75,1009,395,90.81,1.15,False,3,3,1,0,99.0,1586.0,51.0,1292.0,62.0,1008.0,80.66666666666667,99.0,68.0,1127.0,1586.0,786.0,74.71428571428571,99.0,51.0,994.5714285714286,1586.0,648.0,0.7575757575757576,0.5065261044176707
2023-03-10,eastus,Storage,57,1444,278,92.17,0.97,False,4,3,1,0,75.0,1009.0,68.0,786.0,81.0,648.0,77.0,99.0,57.0,1346.3333333333333,1586.0,1009.0,71.28571428571429,99.0,51.0,1108.2857142857142,1586.0,736.0,0.5757575757575758,0.7248995983935743
2023-03-11,eastus,Storage,59,1491,419,108.14,0.88,True,5,3,1,1,57.0,1444.0,99.0,1586.0,65.0,736.0,63.666666666666664,75.0,57.0,1314.6666666666667,1491.0,1009.0,70.42857142857143,99.0,51.0,1216.142857142857,1586.0,786.0,0.5959595959595959,0.7484939759036144
2023-03-12,eastus,Storage,74,1289,412,102.27,1.13,True,6,3,1,1,59.0,1491.0,75.0,1009.0,84.0,905.0,63.333333333333336,74.0,57.0,1408.0,1491.0,1289.0,69.0,99.0,51.0,1271.0,1586.0,786.0,0.7474747474747475,0.6470883534136547
2023-03-13,eastus,Storage,62,1989,457,83.93,1.02,False,0,3,1,0,74.0,1289.0,57.0,1444.0,51.0,1292.0,65.0,74.0,59.0,1589.6666666666667,1989.0,1289.0,70.57142857142857,99.0,57.0,1370.5714285714287,1989.0,786.0,0.6262626262626263,0.9984939759036144
2023-03-14,eastus,Storage,84,1747,209,102.6,1.08,False,1,3,1,0,62.0,1989.0,59.0,1491.0,68.0,786.0,73.33333333333333,84.0,62.0,1675.0,1989.0,1289.0,72.85714285714286,99.0,57.0,1507.857142857143,1989.0,1009.0,0.8484848484848485,0.8770080321285141
2023-03-15,eastus,Storage,75,1992,401,87.63,0.87,False,2,3,1,0,84.0,1747.0,74.0,1289.0,99.0,1586.0,73.66666666666667,84.0,62.0,1909.3333333333333,1992.0,1747.0,69.42857142857143,84.0,57.0,1565.857142857143,1992.0,1009.0,0.7575757575757576,1.0
2023-03-16,eastus,Storage,85,1873,382,105.22,1.03,False,3,3,1,0,75.0,1992.0,62.0,1989.0,75.0,1009.0,81.33333333333333,85.0,75.0,1870.6666666666667,1992.0,1747.0,70.85714285714286,85.0,57.0,1689.2857142857142,1992.0,1289.0,0.8585858585858586,0.9402610441767069
2023-03-17,eastus,Storage,94,1209,250,102.5,1.03,False,4,3,1,0,85.0,1873.0,84.0,1747.0,57.0,1444.0,84.66666666666667,94.0,75.0,1691.3333333333333,1992.0,1209.0,76.14285714285714,94.0,59.0,1655.7142857142858,1992.0,1209.0,0.9494949494949495,0.6069277108433735
2023-03-18,eastus,Storage,79,1865,419,93.2,1.02,True,5,3,1,1,94.0,1209.0,75.0,1992.0,59.0,1491.0,86.0,94.0,79.0,1649.0,1873.0,1209.0,79.0,94.0,62.0,1709.142857142857,1992.0,1209.0,0.797979797979798,0.9362449799196787
2023-03-19,eastus,Storage,86,813,220,102.93,0.93,True,6,3,1,1,79.0,1865.0,85.0,1873.0,74.0,1289.0,86.33333333333333,94.0,79.0,1295.6666666666667,1865.0,813.0,80.71428571428571,94.0,62.0,1641.142857142857,1992.0,813.0,0.8686868686868687,0.40813253012048195
2023-03-20,eastus,Storage,51,1341,297,118.66,1.05,False,0,3,1,0,86.0,813.0,94.0,1209.0,62.0,1989.0,72.0,86.0,51.0,1339.6666666666667,1865.0,813.0,79.14285714285714,94.0,51.0,1548.5714285714287,1992.0,813.0,0.5151515151515151,0.6731927710843374
2023-03-21,eastus,Storage,77,1549,265,88.09,1.07,False,1,3,1,0,51.0,1341.0,79.0,1865.0,84.0,1747.0,71.33333333333333,86.0,51.0,1234.3333333333333,1549.0,813.0,78.14285714285714,94.0,51.0,1520.2857142857142,1992.0,813.0,0.7777777777777778,0.7776104417670683
2023-03-22,eastus,Storage,76,539,419,90.25,1.08,False,2,3,1,0,77.0,1549.0,86.0,813.0,75.0,1992.0,68.0,77.0,51.0,1143.0,1549.0,539.0,78.28571428571429,94.0,51.0,1312.7142857142858,1873.0,539.0,0.7676767676767676,0.27058232931726905
2023-03-23,eastus,Storage,74,1429,353,111.59,0.92,False,3,3,1,0,76.0,539.0,51.0,1341.0,85.0,1873.0,75.66666666666667,77.0,74.0,1172.3333333333333,1549.0,539.0,76.71428571428571,94.0,51.0,1249.2857142857142,1865.0,539.0,0.7474747474747475,0.7173694779116466
2023-03-24,eastus,Storage,76,1430,488,109.63,1.04,False,4,3,1,0,74.0,1429.0,77.0,1549.0,94.0,1209.0,75.33333333333333,76.0,74.0,1132.6666666666667,1430.0,539.0,74.14285714285714,86.0,51.0,1280.857142857143,1865.0,539.0,0.7676767676767676,0.7178714859437751
2023-03-25,eastus,Storage,55,1774,418,108.22,1.19,True,5,3,1,1,76.0,1430.0,76.0,539.0,79.0,1865.0,68.33333333333333,76.0,55.0,1544.3333333333333,1774.0,1429.0,70.71428571428571,86.0,51.0,1267.857142857143,1774.0,539.0,0.5555555555555556,0.8905622489959839
2023-03-26,eastus,Storage,68,1442,319,97.55,0.92,True,6,3,1,1,55.0,1774.0,74.0,1429.0,86.0,813.0,66.33333333333333,76.0,55.0,1548.6666666666667,1774.0,1430.0,68.14285714285714,77.0,51.0,1357.7142857142858,1774.0,539.0,0.6868686868686869,0.7238955823293173
2023-03-27,eastus,Storage,70,1848,475,91.1,0.92,False,0,3,1,0,68.0,1442.0,76.0,1430.0,51.0,1341.0,64.33333333333333,70.0,55.0,1688.0,1848.0,1442.0,70.85714285714286,77.0,55.0,1430.142857142857,1848.0,539.0,0.7070707070707071,0.927710843373494
2023-03-28,eastus,Storage,94,1078,393,99.23,1.03,False,1,3,1,0,70.0,1848.0,55.0,1774.0,77.0,1549.0,77.33333333333333,94.0,68.0,1456.0,1848.0,1078.0,73.28571428571429,94.0,55.0,1362.857142857143,1848.0,539.0,0.9494949494949495,0.5411646586345381
2023-03-29,eastus,Storage,98,1203,305,102.77,1.08,False,2,3,1,0,94.0,1078.0,68.0,1442.0,76.0,539.0,87.33333333333333,98.0,70.0,1376.3333333333333,1848.0,1078.0,76.42857142857143,98.0,55.0,1457.7142857142858,1848.0,1078.0,0.98989898989899,0.6039156626506024
2023-03-30,eastus,Storage,82,1824,289,100.13,1.15,False,3,3,1,0,98.0,1203.0,70.0,1848.0,74.0,1429.0,91.33333333333333,98.0,82.0,1368.3333333333333,1824.0,1078.0,77.57142857142857,98.0,55.0,1514.142857142857,1848.0,1078.0,0.8282828282828283,0.9156626506024096
2023-03-31,eastus,Storage,51,1789,409,97.35,1.27,False,4,3,1,0,82.0,1824.0,94.0,1078.0,76.0,1430.0,77.0,98.0,51.0,1605.3333333333333,1824.0,1203.0,74.0,98.0,51.0,1565.4285714285713,1848.0,1078.0,0.5151515151515151,0.8980923694779116
2023-01-01,eastus,VM,88,1959,470,104.97,0.99,True,6,1,1,1,,,,,,,,,,,,,,,,,,,0.8888888888888888,0.983433734939759
2023-01-02,eastus,VM,96,1457,250,106.48,1.15,False,0,1,1,0,88.0,1959.0,,,,,,,,,,,,,,,,,0.9696969696969697,0.731425702811245
2023-01-03,eastus,VM,93,661,401,97.66,0.98,False,1,1,1,0,96.0,1457.0,,,,,92.33333333333333,96.0,88.0,1359.0,1959.0,661.0,,,,,,,0.9393939393939394,0.3318273092369478
2023-01-04,eastus,VM,91,730,240,115.79,1.08,False,2,1,1,0,93.0,661.0,88.0,1959.0,,,93.33333333333333,96.0,91.0,949.3333333333334,1457.0,661.0,,,,,,,0.9191919191919192,0.36646586345381527
2023-01-05,eastus,VM,81,984,430,95.31,1.05,False,3,1,1,0,91.0,730.0,96.0,1457.0,,,88.33333333333333,93.0,81.0,791.6666666666666,984.0,661.0,,,,,,,0.8181818181818182,0.4939759036144578
2023-01-06,eastus,VM,86,1748,433,95.37,0.95,False,4,1,1,0,81.0,984.0,93.0,661.0,,,86.0,91.0,81.0,1154.0,1748.0,730.0,,,,,,,0.8686868686868687,0.8775100401606426
2023-01-07,eastus,VM,66,1266,493,102.42,0.81,True,5,1,1,1,86.0,1748.0,91.0,730.0,,,77.66666666666667,86.0,66.0,1332.6666666666667,1748.0,984.0,85.85714285714286,96.0,66.0,1257.857142857143,1959.0,661.0,0.6666666666666666,0.6355421686746988
2023-01-08,eastus,VM,98,501,453,82.75,0.94,True,6,1,1,1,66.0,1266.0,81.0,984.0,88.0,1959.0,83.33333333333333,98.0,66.0,1171.6666666666667,1748.0,501.0,87.28571428571429,98.0,66.0,1049.5714285714287,1748.0,501.0,0.98989898989899,0.25150602409638556
2023-01-09,eastus,VM,85,660,267,89.87,1.03,False,0,1,1,0,98.0,501.0,86.0,1748.0,96.0,1457.0,83.0,98.0,66.0,809.0,1266.0,501.0,85.71428571428571,98.0,66.0,935.7142857142857,1748.0,501.0,0.8585858585858586,0.3313253012048193
2023-01-10,eastus,VM,77,657,245,90.92,0.86,False,1,1,1,0,85.0,660.0,66.0,1266.0,93.0,661.0,86.66666666666667,98.0,77.0,606.0,660.0,501.0,83.42857142857143,98.0,66.0,935.1428571428571,1748.0,501.0,0.7777777777777778,0.32981927710843373
2023-01-11,eastus,VM,97,1562,369,114.66,0.98,False,2,1,1,0,77.0,657.0,98.0,501.0,91.0,730.0,86.33333333333333,97.0,77.0,959.6666666666666,1562.0,657.0,84.28571428571429,98.0,66.0,1054.0,1748.0,501.0,0.9797979797979798,0.7841365461847389
2023-01-12,eastus,VM,92,943,300,100.68,0.86,False,3,1,1,0,97.0,1562.0,85.0,660.0,81.0,984.0,88.66666666666667,97.0,77.0,1054.0,1562.0,657.0,85.85714285714286,98.0,66.0,1048.142857142857,1748.0,501.0,0.9292929292929293,0.47339357429718876
2023-01-13,eastus,VM,50,1795,388,94.56,1.01,False,4,1,1,0,92.0,943.0,77.0,657.0,86.0,1748.0,79.66666666666667,97.0,50.0,1433.3333333333333,1795.0,943.0,80.71428571428571,98.0,50.0,1054.857142857143,1795.0,501.0,0.5050505050505051,0.9011044176706827
2023-01-14,eastus,VM,80,1261,346,88.49,1.04,True,5,1,1,1,50.0,1795.0,97.0,1562.0,66.0,1266.0,74.0,92.0,50.0,1333.0,1795.0,943.0,82.71428571428571,98.0,50.0,1054.142857142857,1795.0,501.0,0.8080808080808081,0.6330321285140562
2023-01-15,eastus,VM,66,589,463,93.99,0.97,True,6,1,1,1,80.0,1261.0,92.0,943.0,98.0,501.0,65.33333333333333,80.0,50.0,1215.0,1795.0,589.0,78.14285714285714,97.0,50.0,1066.7142857142858,1795.0,589.0,0.6666666666666666,0.2956827309236948
2023-01-16,eastus,VM,84,1372,485,93.98,1.19,False,0,1,1,0,66.0,589.0,50.0,1795.0,85.0,660.0,76.66666666666667,84.0,66.0,1074.0,1372.0,589.0,78.0,97.0,50.0,1168.4285714285713,1795.0,589.0,0.8484848484848485,0.6887550200803213
2023-01-17,eastus,VM,54,1686,414,99.87,0.89,False,1,1,1,0,84.0,1372.0,80.0,1261.0,77.0,657.0,68.0,84.0,54.0,1215.6666666666667,1686.0,589.0,74.71428571428571,97.0,50.0,1315.4285714285713,1795.0,589.0,0.5454545454545454,0.8463855421686747
2023-01-18,eastus,VM,88,590,401,108.23,0.88,False,2,1,1,0,54.0,1686.0,66.0,589.0,97.0,1562.0,75.33333333333333,88.0,54.0,1216.0,1686.0,590.0,73.42857142857143,92.0,50.0,1176.5714285714287,1795.0,589.0,0.8888888888888888,0.2961847389558233
2023-01-19,eastus,VM,69,1964,246,102.09,0.8,False,3,1,1,0,88.0,590.0,84.0,1372.0,92.0,943.0,70.33333333333333,88.0,54.0,1413.3333333333333,1964.0,590.0,70.14285714285714,88.0,50.0,1322.4285714285713,1964.0,589.0,0.696969696969697,0.9859437751004017
2023-01-20,eastus,VM,78,1408,245,86.72,1.02,False,4,1,1,0,69.0,1964.0,54.0,1686.0,50.0,1795.0,78.33333333333333,88.0,69.0,1320.6666666666667,1964.0,590.0,74.14285714285714,88.0,54.0,1267.142857142857,1964.0,589.0,0.7878787878787878,0.7068273092369478
2023-01-21,eastus,VM,87,1270,222,107.38,1.02,True,5,1,1,1,78.0,1408.0,88.0,590.0,80.0,1261.0,78.0,87.0,69.0,1547.3333333333333,1964.0,1270.0,75.14285714285714,88.0,54.0,1268.4285714285713,1964.0,589.0,0.8787878787878788,0.6375502008032129
2023-01-22,eastus,VM,66,1123,454,98.84,0.97,True,6,1,1,1,87.0,1270.0,69.0,1964.0,66.0,589.0,77.0,87.0,66.0,1267.0,1408.0,1123.0,75.14285714285714,88.0,54.0,1344.7142857142858,1964.0,590.0,0.6666666666666666,0.5637550200803213
2023-01-23,eastus,VM,83,552,404,85.21,0.93,False,0,1,1,0,66.0,1123.0,78.0,1408.0,84.0,1372.0,78.66666666666667,87.0,66.0,981.6666666666666,1270.0,552.0,75.0,88.0,54.0,1227.5714285714287,1964.0,552.0,0.8383838383838383,0.27710843373493976
2023-01-24,eastus,VM,75,1569,233,95.39,1.11,False,1,1,1,0,83.0,552.0,87.0,1270.0,54.0,1686.0,74.66666666666667,83.0,66.0,1081.3333333333333,1569.0,552.0,78.0,88.0,66.0,1210.857142857143,1964.0,552.0,0.7575757575757576,0.7876506024096386
2023-01-25,eastus,VM,63,1198,206,103.44,0.82,False,2,1,1,0,75.0,1569.0,66.0,1123.0,88.0,590.0,73.66666666666667,83.0,63.0,1106.3333333333333,1569.0,552.0,74.42857142857143,87.0,63.0,1297.7142857142858,1964.0,552.0,0.6363636363636364,0.6014056224899599
2023-01-26,eastus,VM,71,533,310,103.24,0.96,False,3,1,1,0,63.0,1198.0,83.0,552.0,69.0,1964.0,69.66666666666667,75.0,63.0,1100.0,1569.0,533.0,74.71428571428571,87.0,63.0,1093.2857142857142,1569.0,533.0,0.7171717171717171,0.267570281124498
2023-01-27,eastus,VM,51,967,419,93.23,1.06,False,4,1,1,0,71.0,533.0,75.0,1569.0,78.0,1408.0,61.666666666666664,71.0,51.0,899.3333333333334,1198.0,533.0,70.85714285714286,87.0,51.0,1030.2857142857142,1569.0,533.0,0.5151515151515151,0.4854417670682731
2023-01-28,eastus,VM,59,760,337,110.31,1.09,True,5,1,1,1,51.0,967.0,63.0,1198.0,87.0,1270.0,60.333333333333336,71.0,51.0,753.3333333333334,967.0,533.0,66.85714285714286,83.0,51.0,957.4285714285714,1569.0,533.0,0.5959595959595959,0.3815261044176707
2023-01-29,eastus,VM,68,1902,277,91.61,0.97,True,6,1,1,1,59.0,760.0,71.0,533.0,66.0,1123.0,59.333333333333336,68.0,51.0,1209.6666666666667,1902.0,760.0,67.14285714285714,83.0,51.0,1068.7142857142858,1902.0,533.0,0.6868686868686869,0.9548192771084337
2023-01-30,eastus,VM,76,919,356,103.31,1.1,False,0,1,1,0,68.0,1902.0,51.0,967.0,83.0,552.0,67.66666666666667,76.0,59.0,1193.6666666666667,1902.0,760.0,66.14285714285714,76.0,51.0,1121.142857142857,1902.0,533.0,0.7676767676767676,0.46134538152610444
2023-01-31,eastus,VM,92,1806,268,95.21,0.98,False,1,1,1,0,76.0,919.0,59.0,760.0,75.0,1569.0,78.66666666666667,92.0,68.0,1542.3333333333333,1902.0,919.0,68.57142857142857,92.0,51.0,1155.0,1902.0,533.0,0.9292929292929293,0.9066265060240963
2023-02-01,eastus,VM,78,1985,495,88.94,0.88,False,2,2,1,0,92.0,1806.0,68.0,1902.0,63.0,1198.0,82.0,92.0,76.0,1570.0,1985.0,919.0,70.71428571428571,92.0,51.0,1267.4285714285713,1985.0,533.0,0.7878787878787878,0.9964859437751004
2023-02-02,eastus,VM,78,562,349,108.13,1.14,False,3,2,1,0,78.0,1985.0,76.0,919.0,71.0,533.0,82.66666666666667,92.0,78.0,1451.0,1985.0,562.0,71.71428571428571,92.0,51.0,1271.5714285714287,1985.0,562.0,0.7878787878787878,0.2821285140562249
2023-02-03,eastus,VM,77,1636,313,99.28,1.1,False,4,2,1,0,78.0,562.0,92.0,1806.0,51.0,967.0,77.66666666666667,78.0,77.0,1394.3333333333333,1985.0,562.0,75.42857142857143,92.0,59.0,1367.142857142857,1985.0,562.0,0.7777777777777778,0.821285140562249
2023-02-04,eastus,VM,63,1811,319,103.62,0.94,True,5,2,1,1,77.0,1636.0,78.0,1985.0,59.0,760.0,72.66666666666667,78.0,63.0,1336.3333333333333,1811.0,562.0,76.0,92.0,63.0,1517.2857142857142,1985.0,562.0,0.6363636363636364,0.9091365461847389
2023-02-05,eastus,VM,93,1353,479,103.61,1.15,True,6,2,1,1,63.0,1811.0,78.0,562.0,68.0,1902.0,77.66666666666667,93.0,63.0,1600.0,1811.0,1353.0,79.57142857142857,93.0,63.0,1438.857142857143,1985.0,562.0,0.9393939393939394,0.6792168674698795
2023-02-06,eastus,VM,87,533,216,99.64,1.16,False,0,2,1,0,93.0,1353.0,77.0,1636.0,76.0,919.0,81.0,93.0,63.0,1232.3333333333333,1811.0,533.0,81.14285714285714,93.0,63.0,1383.7142857142858,1985.0,533.0,0.8787878787878788,0.267570281124498
2023-02-07,eastus,VM,89,1750,297,73.8,1.08,False,1,2,1,0,87.0,533.0,63.0,1811.0,92.0,1806.0,89.66666666666667,93.0,87.0,1212.0,1750.0,533.0,80.71428571428571,93.0,63.0,1375.7142857142858,1985.0,533.0,0.898989898989899,0.8785140562248996
2023-02-08,eastus,VM,86,1567,216,100.87,0.97,False,2,2,1,0,89.0,1750.0,93.0,1353.0,78.0,1985.0,87.33333333333333,89.0,86.0,1283.3333333333333,1750.0,533.0,81.85714285714286,93.0,63.0,1316.0,1811.0,533.0,0.8686868686868687,0.7866465863453815
2023-02-09,eastus,VM,57,1326,414,100.92,0.8,False,3,2,1,0,86.0,1567.0,87.0,533.0,78.0,562.0,77.33333333333333,89.0,57.0,1547.6666666666667,1750.0,1326.0,78.85714285714286,93.0,57.0,1425.142857142857,1811.0,533.0,0.5757575757575758,0.6656626506024096
2023-02-10,eastus,VM,91,1045,450,97.8,1.04,False,4,2,1,0,57.0,1326.0,89.0,1750.0,77.0,1636.0,78.0,91.0,57.0,1312.6666666666667,1567.0,1045.0,80.85714285714286,93.0,57.0,1340.7142857142858,1811.0,533.0,0.9191919191919192,0.5245983935742972
2023-02-11,eastus,VM,88,1963,210,114.78,0.95,True,5,2,1,1,91.0,1045.0,86.0,1567.0,63.0,1811.0,78.66666666666667,91.0,57.0,1444.6666666666667,1963.0,1045.0,84.42857142857143,93.0,57.0,1362.4285714285713,1963.0,533.0,0.8888888888888888,0.9854417670682731
2023-02-12,eastus,VM,73,502,359,91.92,0.95,True,6,2,1,1,88.0,1963.0,57.0,1326.0,93.0,1353.0,84.0,91.0,73.0,1170.0,1963.0,502.0,81.57142857142857,91.0,57.0,1240.857142857143,1963.0,502.0,0.7373737373737373,0.2520080321285141
2023-02-13,eastus,VM,97,1472,483,109.15,1.03,False,0,2,1,0,73.0,502.0,91.0,1045.0,87.0,533.0,86.0,97.0,73.0,1312.3333333333333,1963.0,502.0,83.0,97.0,57.0,1375.0,1963.0,502.0,0.9797979797979798,0.7389558232931727
2023-02-14,eastus,VM,94,1325,448,94.7,1.05,False,1,2,1,0,97.0,1472.0,88.0,1963.0,89.0,1750.0,88.0,97.0,73.0,1099.6666666666667,1472.0,502.0,83.71428571428571,97.0,57.0,1314.2857142857142,1963.0,502.0,0.9494949494949495,0.6651606425702812
2023-02-15,eastus,VM,78,777,395,100.97,1.1,False,2,2,1,0,94.0,1325.0,73.0,502.0,86.0,1567.0,89.66666666666667,97.0,78.0,1191.3333333333333,1472.0,777.0,82.57142857142857,97.0,57.0,1201.4285714285713,1963.0,502.0,0.7878787878787878,0.39006024096385544
2023-02-16,eastus,VM,78,1015,298,92.98,0.97,False,3,2,1,0,78.0,777.0,97.0,1472.0,57.0,1326.0,83.33333333333333,94.0,78.0,1039.0,1325.0,777.0,85.57142857142857,97.0,73.0,1157.0,1963.0,502.0,0.7878787878787878,0.5095381526104418
2023-02-17,eastus,VM,76,1583,344,96.08,0.85,False,4,2,1,0,78.0,1015.0,94.0,1325.0,91.0,1045.0,77.33333333333333,78.0,76.0,1125.0,1583.0,777.0,83.42857142857143,97.0,73.0,1233.857142857143,1963.0,502.0,0.7676767676767676,0.7946787148594378
2023-02-18,eastus,VM,67,1843,294,102.96,1.03,True,5,2,1,1,76.0,1583.0,78.0,777.0,88.0,1963.0,73.66666666666667,78.0,67.0,1480.3333333333333,1843.0,1015.0,80.42857142857143,97.0,67.0,1216.7142857142858,1843.0,502.0,0.6767676767676768,0.9252008032128514
2023-02-19,eastus,VM,95,621,342,100.05,0.98,True,6,2,1,1,67.0,1843.0,78.0,1015.0,73.0,502.0,79.33333333333333,95.0,67.0,1349.0,1843.0,621.0,83.57142857142857,97.0,67.0,1233.7142857142858,1843.0,621.0,0.9595959595959596,0.3117469879518072
2023-02-20,eastus,VM,72,1408,224,85.85,0.96,False,0,2,1,0,95.0,621.0,76.0,1583.0,97.0,1472.0,78.0,95.0,67.0,1290.6666666666667,1843.0,621.0,80.0,95.0,67.0,1224.5714285714287,1843.0,621.0,0.7272727272727273,0.7068273092369478
2023-02-21,eastus,VM,77,1887,219,96.57,0.92,False,1,2,1,0,72.0,1408.0,67.0,1843.0,94.0,1325.0,81.33333333333333,95.0,72.0,1305.3333333333333,1887.0,621.0,77.57142857142857,95.0,67.0,1304.857142857143,1887.0,621.0,0.7777777777777778,0.947289156626506
2023-02-22,eastus,VM,96,513,430,98.39,1.04,False,2,2,1,0,77.0,1887.0,95.0,621.0,78.0,777.0,81.66666666666667,96.0,72.0,1269.3333333333333,1887.0,513.0,80.14285714285714,96.0,67.0,1267.142857142857,1887.0,513.0,0.9696969696969697,0.2575301204819277
2023-02-23,eastus,VM,69,1807,320,118.86,1.02,False,3,2,1,0,96.0,513.0,72.0,1408.0,78.0,1015.0,80.66666666666667,96.0,69.0,1402.3333333333333,1887.0,513.0,78.85714285714286,96.0,67.0,1380.2857142857142,1887.0,513.0,0.696969696969697,0.9071285140562249
2023-02-24,eastus,VM,99,1739,450,102.58,0.99,False,4,2,1,0,69.0,1807.0,77.0,1887.0,76.0,1583.0,88.0,99.0,69.0,1353.0,1807.0,513.0,82.14285714285714,99.0,67.0,1402.5714285714287,1887.0,513.0,1.0,0.8729919678714859
2023-02-25,eastus,VM,67,1668,225,80.81,1.0,True,5,2,1,1,99.0,1739.0,96.0,513.0,67.0,1843.0,78.33333333333333,99.0,67.0,1738.0,1807.0,1668.0,82.14285714285714,99.0,67.0,1377.5714285714287,1887.0,513.0,0.6767676767676768,0.8373493975903614
2023-02-26,eastus,VM,62,1500,478,100.6,1.25,True,6,2,1,1,67.0,1668.0,69.0,1807.0,95.0,621.0,76.0,99.0,62.0,1635.6666666666667,1739.0,1500.0,77.42857142857143,99.0,62.0,1503.142857142857,1887.0,513.0,0.6262626262626263,0.7530120481927711
2023-02-27,eastus,VM,61,1656,492,98.08,1.03,False,0,2,1,0,62.0,1500.0,99.0,1739.0,72.0,1408.0,63.333333333333336,67.0,61.0,1608.0,1668.0,1500.0,75.85714285714286,99.0,61.0,1538.5714285714287,1887.0,513.0,0.6161616161616161,0.8313253012048193
2023-02-28,eastus,VM,51,1088,331,99.65,0.88,False,1,2,1,0,61.0,1656.0,67.0,1668.0,77.0,1887.0,58.0,62.0,51.0,1414.6666666666667,1656.0,1088.0,72.14285714285714,99.0,51.0,1424.4285714285713,1807.0,513.0,0.5151515151515151,0.5461847389558233
2023-03-01,eastus,VM,91,1083,351,111.43,1.08,False,2,3,1,0,51.0,1088.0,62.0,1500.0,96.0,513.0,67.66666666666667,91.0,51.0,1275.6666666666667,1656.0,1083.0,71.42857142857143,99.0,51.0,1505.857142857143,1807.0,1083.0,0.9191919191919192,0.5436746987951807
2023-03-02,eastus,VM,60,1149,277,107.91,0.91,False,3,3,1,0,91.0,1083.0,61.0,1656.0,69.0,1807.0,67.33333333333333,91.0,51.0,1106.6666666666667,1149.0,1083.0,70.14285714285714,99.0,51.0,1411.857142857143,1739.0,1083.0,0.6060606060606061,0.5768072289156626
2023-03-03,eastus,VM,54,927,226,114.03,0.86,False,4,3,1,0,60.0,1149.0,51.0,1088.0,99.0,1739.0,68.33333333333333,91.0,54.0,1053.0,1149.0,927.0,63.714285714285715,91.0,51.0,1295.857142857143,1668.0,927.0,0.5454545454545454,0.46536144578313254
2023-03-04,eastus,VM,65,1479,202,105.87,1.22,True,5,3,1,1,54.0,927.0,91.0,1083.0,67.0,1668.0,59.666666666666664,65.0,54.0,1185.0,1479.0,927.0,63.42857142857143,91.0,51.0,1268.857142857143,1656.0,927.0,0.6565656565656566,0.7424698795180723
2023-03-05,eastus,VM,72,1719,461,90.09,0.94,True,6,3,1,1,65.0,1479.0,60.0,1149.0,62.0,1500.0,63.666666666666664,72.0,54.0,1375.0,1719.0,927.0,64.85714285714286,91.0,51.0,1300.142857142857,1719.0,927.0,0.7272727272727273,0.8629518072289156
2023-03-06,eastus,VM,69,765,224,101.0,0.95,False,0,3,1,0,72.0,1719.0,54.0,927.0,61.0,1656.0,68.66666666666667,72.0,65.0,1321.0,1719.0,765.0,66.0,91.0,51.0,1172.857142857143,1719.0,765.0,0.696969696969697,0.38403614457831325
2023-03-07,eastus,VM,51,1583,350,84.49,1.01,False,1,3,1,0,69.0,765.0,65.0,1479.0,51.0,1088.0,64.0,72.0,51.0,1355.6666666666667,1719.0,765.0,66.0,91.0,51.0,1243.5714285714287,1719.0,765.0,0.5151515151515151,0.7946787148594378
2023-03-08,eastus,VM,85,623,430,89.38,1.05,False,2,3,1,0,51.0,1583.0,72.0,1719.0,91.0,1083.0,68.33333333333333,85.0,51.0,990.3333333333334,1583.0,623.0,65.14285714285714,85.0,51.0,1177.857142857143,1719.0,623.0,0.8585858585858586,0.31275100401606426
2023-03-09,eastus,VM,60,1202,455,90.81,1.15,False,3,3,1,0,85.0,623.0,69.0,765.0,60.0,1149.0,65.33333333333333,85.0,51.0,1136.0,1583.0,623.0,65.14285714285714,85.0,51.0,1185.4285714285713,1719.0,623.0,0.6060606060606061,0.6034136546184738
2023-03-10,eastus,VM,83,1275,413,92.17,0.97,False,4,3,1,0,60.0,1202.0,51.0,1583.0,54.0,927.0,76.0,85.0,60.0,1033.3333333333333,1275.0,623.0,69.28571428571429,85.0,51.0,1235.142857142857,1719.0,623.0,0.8383838383838383,0.6400602409638554
2023-03-11,eastus,VM,54,849,207,108.14,0.88,True,5,3,1,1,83.0,1275.0,85.0,623.0,65.0,1479.0,65.66666666666667,83.0,54.0,1108.6666666666667,1275.0,849.0,67.71428571428571,85.0,51.0,1145.142857142857,1719.0,623.0,0.5454545454545454,0.42620481927710846
2023-03-12,eastus,VM,58,987,323,102.27,1.13,True,6,3,1,1,54.0,849.0,60.0,1202.0,72.0,1719.0,65.0,83.0,54.0,1037.0,1275.0,849.0,65.71428571428571,85.0,51.0,1040.5714285714287,1583.0,623.0,0.5858585858585859,0.4954819277108434
2023-03-13,eastus,VM,74,1033,484,83.93,1.02,False,0,3,1,0,58.0,987.0,83.0,1275.0,69.0,765.0,62.0,74.0,54.0,956.3333333333334,1033.0,849.0,66.42857142857143,85.0,51.0,1078.857142857143,1583.0,623.0,0.7474747474747475,0.518574297188755
2023-03-14,eastus,VM,52,948,303,102.6,1.08,False,1,3,1,0,74.0,1033.0,54.0,849.0,51.0,1583.0,61.333333333333336,74.0,52.0,989.3333333333334,1033.0,948.0,66.57142857142857,85.0,52.0,988.1428571428571,1275.0,623.0,0.5252525252525253,0.4759036144578313
2023-03-15,eastus,VM,69,1035,426,87.63,0.87,False,2,3,1,0,52.0,948.0,58.0,987.0,85.0,623.0,65.0,74.0,52.0,1005.3333333333334,1035.0,948.0,64.28571428571429,83.0,52.0,1047.0,1275.0,849.0,0.696969696969697,0.5195783132530121
2023-03-16,eastus,VM,68,931,372,105.22,1.03,False,3,3,1,0,69.0,1035.0,74.0,1033.0,60.0,1202.0,63.0,69.0,52.0,971.3333333333334,1035.0,931.0,65.42857142857143,83.0,52.0,1008.2857142857143,1275.0,849.0,0.6868686868686869,0.46736947791164657
2023-03-17,eastus,VM,62,753,317,102.5,1.03,False,4,3,1,0,68.0,931.0,52.0,948.0,83.0,1275.0,66.33333333333333,69.0,62.0,906.3333333333334,1035.0,753.0,62.42857142857143,74.0,52.0,933.7142857142857,1035.0,753.0,0.6262626262626263,0.37801204819277107
2023-03-18,eastus,VM,70,1425,305,93.2,1.02,True,5,3,1,1,62.0,753.0,69.0,1035.0,54.0,849.0,66.66666666666667,70.0,62.0,1036.3333333333333,1425.0,753.0,64.71428571428571,74.0,52.0,1016.0,1425.0,753.0,0.7070707070707071,0.7153614457831325
2023-03-19,eastus,VM,93,1395,341,102.93,0.93,True,6,3,1,1,70.0,1425.0,68.0,931.0,58.0,987.0,75.0,93.0,62.0,1191.0,1425.0,753.0,69.71428571428571,93.0,52.0,1074.2857142857142,1425.0,753.0,0.9393939393939394,0.7003012048192772
2023-03-20,eastus,VM,51,521,311,118.66,1.05,False,0,3,1,0,93.0,1395.0,62.0,753.0,74.0,1033.0,71.33333333333333,93.0,51.0,1113.6666666666667,1425.0,521.0,66.42857142857143,93.0,51.0,1001.1428571428571,1425.0,521.0,0.5151515151515151,0.2615461847389558
2023-03-21,eastus,VM,77,1281,367,88.09,1.07,False,1,3,1,0,51.0,521.0,70.0,1425.0,52.0,948.0,73.66666666666667,93.0,51.0,1065.6666666666667,1395.0,521.0,70.0,93.0,51.0,1048.7142857142858,1425.0,521.0,0.7777777777777778,0.6430722891566265
2023-03-22,eastus,VM,51,1274,458,90.25,1.08,False,2,3,1,0,77.0,1281.0,93.0,1395.0,69.0,1035.0,59.666666666666664,77.0,51.0,1025.3333333333333,1281.0,521.0,67.42857142857143,93.0,51.0,1082.857142857143,1425.0,521.0,0.5151515151515151,0.6395582329317269
2023-03-23,eastus,VM,76,630,395,111.59,0.92,False,3,3,1,0,51.0,1274.0,51.0,521.0,68.0,931.0,68.0,77.0,51.0,1061.6666666666667,1281.0,630.0,68.57142857142857,93.0,51.0,1039.857142857143,1425.0,521.0,0.7676767676767676,0.31626506024096385
2023-03-24,eastus,VM,60,1361,470,109.63,1.04,False,4,3,1,0,76.0,630.0,77.0,1281.0,62.0,753.0,62.333333333333336,76.0,51.0,1088.3333333333333,1361.0,630.0,68.28571428571429,93.0,51.0,1126.7142857142858,1425.0,521.0,0.6060606060606061,0.6832329317269076
2023-03-25,eastus,VM,67,1638,424,108.22,1.19,True,5,3,1,1,60.0,1361.0,51.0,1274.0,70.0,1425.0,67.66666666666667,76.0,60.0,1209.6666666666667,1638.0,630.0,67.85714285714286,93.0,51.0,1157.142857142857,1638.0,521.0,0.6767676767676768,0.822289156626506
2023-03-26,eastus,VM,56,1586,272,97.55,0.92,True,6,3,1,1,67.0,1638.0,76.0,630.0,93.0,1395.0,61.0,67.0,56.0,1528.3333333333333,1638.0,1361.0,62.57142857142857,77.0,51.0,1184.4285714285713,1638.0,521.0,0.5656565656565656,0.7961847389558233
2023-03-27,eastus,VM,95,1992,454,91.1,0.92,False,0,3,1,0,56.0,1586.0,60.0,1361.0,51.0,521.0,72.66666666666667,95.0,56.0,1738.6666666666667,1992.0,1586.0,68.85714285714286,95.0,51.0,1394.5714285714287,1992.0,630.0,0.9595959595959596,1.0
2023-03-28,eastus,VM,53,1929,275,99.23,1.03,False,1,3,1,0,95.0,1992.0,67.0,1638.0,77.0,1281.0,68.0,95.0,53.0,1835.6666666666667,1992.0,1586.0,65.42857142857143,95.0,51.0,1487.142857142857,1992.0,630.0,0.5353535353535354,0.9683734939759037
2023-03-29,eastus,VM,88,840,444,102.77,1.08,False,2,3,1,0,53.0,1929.0,56.0,1586.0,51.0,1274.0,78.66666666666667,95.0,53.0,1587.0,1992.0,840.0,70.71428571428571,95.0,53.0,1425.142857142857,1992.0,630.0,0.8888888888888888,0.42168674698795183
2023-03-30,eastus,VM,61,944,439,100.13,1.15,False,3,3,1,0,88.0,840.0,95.0,1992.0,76.0,630.0,67.33333333333333,88.0,53.0,1237.6666666666667,1929.0,840.0,68.57142857142857,95.0,53.0,1470.0,1992.0,840.0,0.6161616161616161,0.4738955823293173
2023-03-31,eastus,VM,78,604,401,97.35,1.27,False,4,3,1,0,61.0,944.0,53.0,1929.0,60.0,1361.0,75.66666666666667,88.0,61.0,796.0,944.0,604.0,71.14285714285714,95.0,53.0,1361.857142857143,1992.0,604.0,0.7878787878787878,0.3032128514056225
2023-01-01,northeurope,Container,82,959,221,104.97,0.99,True,6,1,1,1,,,,,,,,,,,,,,,,,,,0.8282828282828283,0.4853238866396761
2023-01-02,northeurope,Container,96,534,405,106.48,1.15,False,0,1,1,0,82.0,959.0,,,,,,,,,,,,,,,,,0.9696969696969697,0.2702429149797571
2023-01-03,northeurope,Container,73,1652,335,97.66,0.98,False,1,1,1,0,96.0,534.0,,,,,83.66666666666667,96.0,73.0,1048.3333333333333,1652.0,534.0,,,,,,,0.7373737373737373,0.8360323886639676
2023-01-04,northeurope,Container,63,1370,482,115.79,1.08,False,2,1,1,0,73.0,1652.0,82.0,959.0,,,77.33333333333333,96.0,63.0,1185.3333333333333,1652.0,534.0,,,,,,,0.6363636363636364,0.6933198380566802
2023-01-05,northeurope,Container,60,1871,430,95.31,1.05,False,3,1,1,0,63.0,1370.0,96.0,534.0,,,65.33333333333333,73.0,60.0,1631.0,1871.0,1370.0,,,,,,,0.6060606060606061,0.9468623481781376
2023-01-06,northeurope,Container,82,884,325,95.37,0.95,False,4,1,1,0,60.0,1871.0,73.0,1652.0,,,68.33333333333333,82.0,60.0,1375.0,1871.0,884.0,,,,,,,0.8282828282828283,0.4473684210526316
2023-01-07,northeurope,Container,88,837,328,102.42,0.81,True,5,1,1,1,82.0,884.0,63.0,1370.0,,,76.66666666666667,88.0,60.0,1197.3333333333333,1871.0,837.0,77.71428571428571,96.0,60.0,1158.142857142857,1871.0,534.0,0.8888888888888888,0.423582995951417
2023-01-08,northeurope,Container,69,753,426,82.75,0.94,True,6,1,1,1,88.0,837.0,60.0,1871.0,82.0,959.0,79.66666666666667,88.0,69.0,824.6666666666666,884.0,753.0,75.85714285714286,96.0,60.0,1128.7142857142858,1871.0,534.0,0.696969696969697,0.3810728744939271
2023-01-09,northeurope,Container,70,1297,296,89.87,1.03,False,0,1,1,0,69.0,753.0,82.0,884.0,96.0,534.0,75.66666666666667,88.0,69.0,962.3333333333334,1297.0,753.0,72.14285714285714,88.0,60.0,1237.7142857142858,1871.0,753.0,0.7070707070707071,0.6563765182186235
2023-01-10,northeurope,Container,52,1185,479,90.92,0.86,False,1,1,1,0,70.0,1297.0,88.0,837.0,73.0,1652.0,63.666666666666664,70.0,52.0,1078.3333333333333,1297.0,753.0,69.14285714285714,88.0,52.0,1171.0,1871.0,753.0,0.5252525252525253,0.5996963562753036
2023-01-11,northeurope,Container,74,1074,389,114.66,0.98,False,2,1,1,0,52.0,1185.0,69.0,753.0,63.0,1370.0,65.33333333333333,74.0,52.0,1185.3333333333333,1297.0,1074.0,70.71428571428571,88.0,52.0,1128.7142857142858,1871.0,753.0,0.7474747474747475,0.5435222672064778
2023-01-12,northeurope,Container,75,616,478,100.68,0.86,False,3,1,1,0,74.0,1074.0,70.0,1297.0,60.0,1871.0,67.0,75.0,52.0,958.3333333333334,1185.0,616.0,72.85714285714286,88.0,52.0,949.4285714285714,1297.0,616.0,0.7575757575757576,0.3117408906882591
2023-01-13,northeurope,Container,65,717,238,94.56,1.01,False,4,1,1,0,75.0,616.0,52.0,1185.0,82.0,884.0,71.33333333333333,75.0,65.0,802.3333333333334,1074.0,616.0,70.42857142857143,88.0,52.0,925.5714285714286,1297.0,616.0,0.6565656565656566,0.36285425101214575
2023-01-14,northeurope,Container,82,1691,242,88.49,1.04,True,5,1,1,1,65.0,717.0,74.0,1074.0,88.0,837.0,74.0,82.0,65.0,1008.0,1691.0,616.0,69.57142857142857,82.0,52.0,1047.5714285714287,1691.0,616.0,0.8282828282828283,0.8557692307692307
2023-01-15,northeurope,Container,67,1508,295,93.99,0.97,True,6,1,1,1,82.0,1691.0,75.0,616.0,69.0,753.0,71.33333333333333,82.0,65.0,1305.3333333333333,1691.0,717.0,69.28571428571429,82.0,52.0,1155.4285714285713,1691.0,616.0,0.6767676767676768,0.7631578947368421
2023-01-16,northeurope,Container,54,1622,224,93.98,1.19,False,0,1,1,0,67.0,1508.0,65.0,717.0,70.0,1297.0,67.66666666666667,82.0,54.0,1607.0,1691.0,1508.0,67.0,82.0,52.0,1201.857142857143,1691.0,616.0,0.5454545454545454,0.8208502024291497
2023-01-17,northeurope,Container,97,1888,344,99.87,0.89,False,1,1,1,0,54.0,1622.0,82.0,1691.0,52.0,1185.0,72.66666666666667,97.0,54.0,1672.6666666666667,1888.0,1508.0,73.42857142857143,97.0,54.0,1302.2857142857142,1888.0,616.0,0.9797979797979798,0.9554655870445344
2023-01-18,northeurope,Container,94,1171,372,108.23,0.88,False,2,1,1,0,97.0,1888.0,67.0,1508.0,74.0,1074.0,81.66666666666667,97.0,54.0,1560.3333333333333,1888.0,1171.0,76.28571428571429,97.0,54.0,1316.142857142857,1888.0,616.0,0.9494949494949495,0.5926113360323887
2023-01-19,northeurope,Container,77,1231,240,102.09,0.8,False,3,1,1,0,94.0,1171.0,54.0,1622.0,75.0,616.0,89.33333333333333,97.0,77.0,1430.0,1888.0,1171.0,76.57142857142857,97.0,54.0,1404.0,1888.0,717.0,0.7777777777777778,0.6229757085020243
2023-01-20,northeurope,Container,74,1326,482,86.72,1.02,False,4,1,1,0,77.0,1231.0,97.0,1888.0,65.0,717.0,81.66666666666667,94.0,74.0,1242.6666666666667,1326.0,1171.0,77.85714285714286,97.0,54.0,1491.0,1888.0,1171.0,0.7474747474747475,0.6710526315789473
2023-01-21,northeurope,Container,83,937,317,107.38,1.02,True,5,1,1,1,74.0,1326.0,94.0,1171.0,82.0,1691.0,78.0,83.0,74.0,1164.6666666666667,1326.0,937.0,78.0,97.0,54.0,1383.2857142857142,1888.0,937.0,0.8383838383838383,0.4741902834008097
2023-01-22,northeurope,Container,91,580,332,98.84,0.97,True,6,1,1,1,83.0,937.0,77.0,1231.0,67.0,1508.0,82.66666666666667,91.0,74.0,947.6666666666666,1326.0,580.0,81.42857142857143,97.0,54.0,1250.7142857142858,1888.0,580.0,0.9191919191919192,0.2935222672064777
2023-01-23,northeurope,Container,99,560,321,85.21,0.93,False,0,1,1,0,91.0,580.0,74.0,1326.0,54.0,1622.0,91.0,99.0,83.0,692.3333333333334,937.0,560.0,87.85714285714286,99.0,74.0,1099.0,1888.0,560.0,1.0,0.2834008097165992
2023-01-24,northeurope,Container,64,802,326,95.39,1.11,False,1,1,1,0,99.0,560.0,83.0,937.0,97.0,1888.0,84.66666666666667,99.0,64.0,647.3333333333334,802.0,560.0,83.14285714285714,99.0,64.0,943.8571428571429,1326.0,560.0,0.6464646464646465,0.4058704453441296
2023-01-25,northeurope,Container,62,1735,224,103.44,0.82,False,2,1,1,0,64.0,802.0,91.0,580.0,94.0,1171.0,75.0,99.0,62.0,1032.3333333333333,1735.0,560.0,78.57142857142857,99.0,62.0,1024.4285714285713,1735.0,560.0,0.6262626262626263,0.8780364372469636
2023-01-26,northeurope,Container,73,1322,336,103.24,0.96,False,3,1,1,0,62.0,1735.0,99.0,560.0,77.0,1231.0,66.33333333333333,73.0,62.0,1286.3333333333333,1735.0,802.0,78.0,99.0,62.0,1037.4285714285713,1735.0,560.0,0.7373737373737373,0.6690283400809717
2023-01-27,northeurope,Container,96,500,289,93.23,1.06,False,4,1,1,0,73.0,1322.0,64.0,802.0,74.0,1326.0,77.0,96.0,62.0,1185.6666666666667,1735.0,500.0,81.14285714285714,99.0,62.0,919.4285714285714,1735.0,500.0,0.9696969696969697,0.25303643724696356
2023-01-28,northeurope,Container,50,1819,259,110.31,1.09,True,5,1,1,1,96.0,500.0,62.0,1735.0,83.0,937.0,73.0,96.0,50.0,1213.6666666666667,1819.0,500.0,76.42857142857143,99.0,50.0,1045.4285714285713,1819.0,500.0,0.5050505050505051,0.9205465587044535
2023-01-29,northeurope,Container,89,1562,397,91.61,0.97,True,6,1,1,1,50.0,1819.0,73.0,1322.0,91.0,580.0,78.33333333333333,96.0,50.0,1293.6666666666667,1819.0,500.0,76.14285714285714,99.0,50.0,1185.7142857142858,1819.0,500.0,0.898989898989899,0.7904858299595142
2023-01-30,northeurope,Container,54,1680,246,103.31,1.1,False,0,1,1,0,89.0,1562.0,96.0,500.0,99.0,560.0,64.33333333333333,89.0,50.0,1687.0,1819.0,1562.0,69.71428571428571,96.0,50.0,1345.7142857142858,1819.0,500.0,0.5454545454545454,0.8502024291497976
2023-01-31,northeurope,Container,61,1503,332,95.21,0.98,False,1,1,1,0,54.0,1680.0,50.0,1819.0,64.0,802.0,68.0,89.0,54.0,1581.6666666666667,1680.0,1503.0,69.28571428571429,96.0,50.0,1445.857142857143,1819.0,500.0,0.6161616161616161,0.7606275303643725
2023-02-01,northeurope,Container,51,1733,216,88.94,0.88,False,2,2,1,0,61.0,1503.0,89.0,1562.0,62.0,1735.0,55.333333333333336,61.0,51.0,1638.6666666666667,1733.0,1503.0,67.71428571428571,96.0,50.0,1445.5714285714287,1819.0,500.0,0.5151515151515151,0.8770242914979757
2023-02-02,northeurope,Container,79,784,485,108.13,1.14,False,3,2,1,0,51.0,1733.0,54.0,1680.0,73.0,1322.0,63.666666666666664,79.0,51.0,1340.0,1733.0,784.0,68.57142857142857,96.0,50.0,1368.7142857142858,1819.0,500.0,0.797979797979798,0.3967611336032389
2023-02-03,northeurope,Container,57,1577,448,99.28,1.1,False,4,2,1,0,79.0,784.0,61.0,1503.0,96.0,500.0,62.333333333333336,79.0,51.0,1364.6666666666667,1733.0,784.0,63.0,89.0,50.0,1522.5714285714287,1819.0,784.0,0.5757575757575758,0.7980769230769231
2023-02-04,northeurope,Container,69,1245,394,103.62,0.94,True,5,2,1,1,57.0,1577.0,51.0,1733.0,50.0,1819.0,68.33333333333333,79.0,57.0,1202.0,1577.0,784.0,65.71428571428571,89.0,51.0,1440.5714285714287,1733.0,784.0,0.696969696969697,0.6300607287449392
2023-02-05,northeurope,Container,75,941,228,103.61,1.15,True,6,2,1,1,69.0,1245.0,79.0,784.0,89.0,1562.0,67.0,75.0,57.0,1254.3333333333333,1577.0,941.0,63.714285714285715,79.0,51.0,1351.857142857143,1733.0,784.0,0.7575757575757576,0.47621457489878544
2023-02-06,northeurope,Container,85,1894,481,99.64,1.16,False,0,2,1,0,75.0,941.0,57.0,1577.0,54.0,1680.0,76.33333333333333,85.0,69.0,1360.0,1894.0,941.0,68.14285714285714,85.0,51.0,1382.4285714285713,1894.0,784.0,0.8585858585858586,0.958502024291498
2023-02-07,northeurope,Container,92,541,224,73.8,1.08,False,1,2,1,0,85.0,1894.0,69.0,1245.0,61.0,1503.0,84.0,92.0,75.0,1125.3333333333333,1894.0,541.0,72.57142857142857,92.0,51.0,1245.0,1894.0,541.0,0.9292929292929293,0.27378542510121456
2023-02-08,northeurope,Container,65,1210,481,100.87,0.97,False,2,2,1,0,92.0,541.0,75.0,941.0,51.0,1733.0,80.66666666666667,92.0,65.0,1215.0,1894.0,541.0,74.57142857142857,92.0,57.0,1170.2857142857142,1894.0,541.0,0.6565656565656566,0.6123481781376519
2023-02-09,northeurope,Container,64,996,203,100.92,0.8,False,3,2,1,0,65.0,1210.0,85.0,1894.0,79.0,784.0,73.66666666666667,92.0,64.0,915.6666666666666,1210.0,541.0,72.42857142857143,92.0,57.0,1200.5714285714287,1894.0,541.0,0.6464646464646465,0.5040485829959515
2023-02-10,northeurope,Container,79,823,345,97.8,1.04,False,4,2,1,0,64.0,996.0,92.0,541.0,57.0,1577.0,69.33333333333333,79.0,64.0,1009.6666666666666,1210.0,823.0,75.57142857142857,92.0,64.0,1092.857142857143,1894.0,541.0,0.797979797979798,0.416497975708502
2023-02-11,northeurope,Container,72,1188,208,114.78,0.95,True,5,2,1,1,79.0,823.0,65.0,1210.0,69.0,1245.0,71.66666666666667,79.0,64.0,1002.3333333333334,1188.0,823.0,76.0,92.0,64.0,1084.7142857142858,1894.0,541.0,0.7272727272727273,0.6012145748987854
2023-02-12,northeurope,Container,54,1918,425,91.92,0.95,True,6,2,1,1,72.0,1188.0,64.0,996.0,75.0,941.0,68.33333333333333,79.0,54.0,1309.6666666666667,1918.0,823.0,73.0,92.0,54.0,1224.2857142857142,1918.0,541.0,0.5454545454545454,0.9706477732793523
2023-02-13,northeurope,Container,97,1280,244,109.15,1.03,False,0,2,1,0,54.0,1918.0,79.0,823.0,85.0,1894.0,74.33333333333333,97.0,54.0,1462.0,1918.0,1188.0,74.71428571428571,97.0,54.0,1136.5714285714287,1918.0,541.0,0.9797979797979798,0.6477732793522267
2023-02-14,northeurope,Container,83,1199,362,94.7,1.05,False,1,2,1,0,97.0,1280.0,72.0,1188.0,92.0,541.0,78.0,97.0,54.0,1465.6666666666667,1918.0,1199.0,73.42857142857143,97.0,54.0,1230.5714285714287,1918.0,823.0,0.8383838383838383,0.6067813765182186
2023-02-15,northeurope,Container,61,1530,228,100.97,1.1,False,2,2,1,0,83.0,1199.0,54.0,1918.0,65.0,1210.0,80.33333333333333,97.0,61.0,1336.3333333333333,1530.0,1199.0,72.85714285714286,97.0,54.0,1276.2857142857142,1918.0,823.0,0.6161616161616161,0.7742914979757085
2023-02-16,northeurope,Container,55,1976,456,92.98,0.97,False,3,2,1,0,61.0,1530.0,97.0,1280.0,64.0,996.0,66.33333333333333,83.0,55.0,1568.3333333333333,1976.0,1199.0,71.57142857142857,97.0,54.0,1416.2857142857142,1976.0,823.0,0.5555555555555556,1.0
2023-02-17,northeurope,Container,97,1516,413,96.08,0.85,False,4,2,1,0,55.0,1976.0,83.0,1199.0,79.0,823.0,71.0,97.0,55.0,1674.0,1976.0,1516.0,74.14285714285714,97.0,54.0,1515.2857142857142,1976.0,1188.0,0.9797979797979798,0.7672064777327935
2023-02-18,northeurope,Container,82,501,424,102.96,1.03,True,5,2,1,1,97.0,1516.0,61.0,1530.0,72.0,1188.0,78.0,97.0,55.0,1331.0,1976.0,501.0,75.57142857142857,97.0,54.0,1417.142857142857,1976.0,501.0,0.8282828282828283,0.2535425101214575
2023-02-19,northeurope,Container,53,1913,221,100.05,0.98,True,6,2,1,1,82.0,501.0,55.0,1976.0,54.0,1918.0,77.33333333333333,97.0,53.0,1310.0,1913.0,501.0,75.42857142857143,97.0,53.0,1416.4285714285713,1976.0,501.0,0.5353535353535354,0.9681174089068826
2023-02-20,northeurope,Container,84,944,292,85.85,0.96,False,0,2,1,0,53.0,1913.0,97.0,1516.0,97.0,1280.0,73.0,84.0,53.0,1119.3333333333333,1913.0,501.0,73.57142857142857,97.0,53.0,1368.4285714285713,1976.0,501.0,0.8484848484848485,0.4777327935222672
2023-02-21,northeurope,Container,85,1251,286,96.57,0.92,False,1,2,1,0,84.0,944.0,82.0,501.0,83.0,1199.0,74.0,85.0,53.0,1369.3333333333333,1913.0,944.0,73.85714285714286,97.0,53.0,1375.857142857143,1976.0,501.0,0.8585858585858586,0.6330971659919028
2023-02-22,northeurope,Container,63,1091,292,98.39,1.04,False,2,2,1,0,85.0,1251.0,53.0,1913.0,61.0,1530.0,77.33333333333333,85.0,63.0,1095.3333333333333,1251.0,944.0,74.14285714285714,97.0,53.0,1313.142857142857,1976.0,501.0,0.6363636363636364,0.5521255060728745
2023-02-23,northeurope,Container,50,618,234,118.86,1.02,False,3,2,1,0,63.0,1091.0,84.0,944.0,55.0,1976.0,66.0,85.0,50.0,986.6666666666666,1251.0,618.0,73.42857142857143,97.0,50.0,1119.142857142857,1913.0,501.0,0.5050505050505051,0.31275303643724695
2023-02-24,northeurope,Container,57,1168,204,102.58,0.99,False,4,2,1,0,50.0,618.0,85.0,1251.0,97.0,1516.0,56.666666666666664,63.0,50.0,959.0,1168.0,618.0,67.71428571428571,85.0,50.0,1069.4285714285713,1913.0,501.0,0.5757575757575758,0.5910931174089069
2023-02-25,northeurope,Container,62,1084,444,80.81,1.0,True,5,2,1,1,57.0,1168.0,63.0,1091.0,82.0,501.0,56.333333333333336,62.0,50.0,956.6666666666666,1168.0,618.0,64.85714285714286,85.0,50.0,1152.7142857142858,1913.0,618.0,0.6262626262626263,0.548582995951417
2023-02-26,northeurope,Container,63,1341,464,100.6,1.25,True,6,2,1,1,62.0,1084.0,50.0,618.0,53.0,1913.0,60.666666666666664,63.0,57.0,1197.6666666666667,1341.0,1084.0,66.28571428571429,85.0,50.0,1071.0,1341.0,618.0,0.6363636363636364,0.6786437246963563
2023-02-27,northeurope,Container,63,1463,251,98.08,1.03,False,0,2,1,0,63.0,1341.0,57.0,1168.0,84.0,944.0,62.666666666666664,63.0,62.0,1296.0,1463.0,1084.0,63.285714285714285,85.0,50.0,1145.142857142857,1463.0,618.0,0.6363636363636364,0.7403846153846154
2023-02-28,northeurope,Container,91,1058,340,99.65,0.88,False,1,2,1,0,63.0,1463.0,62.0,1084.0,85.0,1251.0,72.33333333333333,91.0,63.0,1287.3333333333333,1463.0,1058.0,64.14285714285714,91.0,50.0,1117.5714285714287,1463.0,618.0,0.9191919191919192,0.5354251012145749
2023-03-01,northeurope,Container,84,1631,425,111.43,1.08,False,2,3,1,0,91.0,1058.0,63.0,1341.0,63.0,1091.0,79.33333333333333,91.0,63.0,1384.0,1631.0,1058.0,67.14285714285714,91.0,50.0,1194.7142857142858,1631.0,618.0,0.8484848484848485,0.8254048582995951
2023-03-02,northeurope,Container,89,852,363,107.91,0.91,False,3,3,1,0,84.0,1631.0,63.0,1463.0,50.0,618.0,88.0,91.0,84.0,1180.3333333333333,1631.0,852.0,72.71428571428571,91.0,57.0,1228.142857142857,1631.0,852.0,0.898989898989899,0.4311740890688259
2023-03-03,northeurope,Container,85,952,486,114.03,0.86,False,4,3,1,0,89.0,852.0,91.0,1058.0,57.0,1168.0,86.0,89.0,84.0,1145.0,1631.0,852.0,76.71428571428571,91.0,62.0,1197.2857142857142,1631.0,852.0,0.8585858585858586,0.4817813765182186
2023-03-04,northeurope,Container,85,980,350,105.87,1.22,True,5,3,1,1,85.0,952.0,84.0,1631.0,62.0,1084.0,86.33333333333333,89.0,85.0,928.0,980.0,852.0,80.0,91.0,63.0,1182.4285714285713,1631.0,852.0,0.8585858585858586,0.4959514170040486
2023-03-05,northeurope,Container,65,1530,213,90.09,0.94,True,6,3,1,1,85.0,980.0,89.0,852.0,63.0,1341.0,78.33333333333333,85.0,65.0,1154.0,1530.0,952.0,80.28571428571429,91.0,63.0,1209.4285714285713,1631.0,852.0,0.6565656565656566,0.7742914979757085
2023-03-06,northeurope,Container,81,627,295,101.0,0.95,False,0,3,1,0,65.0,1530.0,85.0,952.0,63.0,1463.0,77.0,85.0,65.0,1045.6666666666667,1530.0,627.0,82.85714285714286,91.0,65.0,1090.0,1631.0,627.0,0.8181818181818182,0.3173076923076923
2023-03-07,northeurope,Container,65,899,451,84.49,1.01,False,1,3,1,0,81.0,627.0,85.0,980.0,91.0,1058.0,70.33333333333333,81.0,65.0,1018.6666666666666,1530.0,627.0,79.14285714285714,89.0,65.0,1067.2857142857142,1631.0,627.0,0.6565656565656566,0.4549595141700405
2023-03-08,northeurope,Container,62,712,441,89.38,1.05,False,2,3,1,0,65.0,899.0,65.0,1530.0,84.0,1631.0,69.33333333333333,81.0,62.0,746.0,899.0,627.0,76.0,89.0,62.0,936.0,1530.0,627.0,0.6262626262626263,0.3603238866396761
2023-03-09,northeurope,Container,51,1071,247,90.81,1.15,False,3,3,1,0,62.0,712.0,81.0,627.0,89.0,852.0,59.333333333333336,65.0,51.0,894.0,1071.0,712.0,70.57142857142857,85.0,51.0,967.2857142857143,1530.0,627.0,0.5151515151515151,0.542004048582996
2023-03-10,northeurope,Container,89,865,427,92.17,0.97,False,4,3,1,0,51.0,1071.0,65.0,899.0,85.0,952.0,67.33333333333333,89.0,51.0,882.6666666666666,1071.0,712.0,71.14285714285714,89.0,51.0,954.8571428571429,1530.0,627.0,0.898989898989899,0.43775303643724695
2023-03-11,northeurope,Container,81,850,487,108.14,0.88,True,5,3,1,1,89.0,865.0,62.0,712.0,85.0,980.0,73.66666666666667,89.0,51.0,928.6666666666666,1071.0,850.0,70.57142857142857,89.0,51.0,936.2857142857143,1530.0,627.0,0.8181818181818182,0.43016194331983804
2023-03-12,northeurope,Container,57,801,437,102.27,1.13,True,6,3,1,1,81.0,850.0,51.0,1071.0,65.0,1530.0,75.66666666666667,89.0,57.0,838.6666666666666,865.0,801.0,69.42857142857143,89.0,51.0,832.1428571428571,1071.0,627.0,0.5757575757575758,0.40536437246963564
2023-03-13,northeurope,Container,88,607,480,83.93,1.02,False,0,3,1,0,57.0,801.0,89.0,865.0,81.0,627.0,75.33333333333333,88.0,57.0,752.6666666666666,850.0,607.0,70.42857142857143,89.0,51.0,829.2857142857143,1071.0,607.0,0.8888888888888888,0.30718623481781376
2023-03-14,northeurope,Container,83,1960,219,102.6,1.08,False,1,3,1,0,88.0,607.0,81.0,850.0,65.0,899.0,76.0,88.0,57.0,1122.6666666666667,1960.0,607.0,73.0,89.0,51.0,980.8571428571429,1960.0,607.0,0.8383838383838383,0.9919028340080972
2023-03-15,northeurope,Container,68,1842,410,87.63,0.87,False,2,3,1,0,83.0,1960.0,57.0,801.0,62.0,712.0,79.66666666666667,88.0,68.0,1469.6666666666667,1960.0,607.0,73.85714285714286,89.0,51.0,1142.2857142857142,1960.0,607.0,0.6868686868686869,0.9321862348178138
2023-03-16,northeurope,Container,96,577,323,105.22,1.03,False,3,3,1,0,68.0,1842.0,88.0,607.0,51.0,1071.0,82.33333333333333,96.0,68.0,1459.6666666666667,1960.0,577.0,80.28571428571429,96.0,57.0,1071.7142857142858,1960.0,577.0,0.9696969696969697,0.29200404858299595
2023-03-17,northeurope,Container,73,1836,299,102.5,1.03,False,4,3,1,0,96.0,577.0,83.0,1960.0,89.0,865.0,79.0,96.0,68.0,1418.3333333333333,1842.0,577.0,78.0,96.0,57.0,1210.4285714285713,1960.0,577.0,0.7373737373737373,0.9291497975708503
2023-03-18,northeurope,Container,53,1189,206,93.2,1.02,True,5,3,1,1,73.0,1836.0,68.0,1842.0,81.0,850.0,74.0,96.0,53.0,1200.6666666666667,1836.0,577.0,74.0,96.0,53.0,1258.857142857143,1960.0,577.0,0.5353535353535354,0.6017206477732794
2023-03-19,northeurope,Container,90,922,285,102.93,0.93,True,6,3,1,1,53.0,1189.0,96.0,577.0,57.0,801.0,72.0,90.0,53.0,1315.6666666666667,1836.0,922.0,78.71428571428571,96.0,53.0,1276.142857142857,1960.0,577.0,0.9090909090909091,0.4665991902834008
2023-03-20,northeurope,Container,75,882,267,118.66,1.05,False,0,3,1,0,90.0,922.0,73.0,1836.0,88.0,607.0,72.66666666666667,90.0,53.0,997.6666666666666,1189.0,882.0,76.85714285714286,96.0,53.0,1315.4285714285713,1960.0,577.0,0.7575757575757576,0.44635627530364375
2023-03-21,northeurope,Container,85,984,284,88.09,1.07,False,1,3,1,0,75.0,882.0,53.0,1189.0,83.0,1960.0,83.33333333333333,90.0,75.0,929.3333333333334,984.0,882.0,77.14285714285714,96.0,53.0,1176.0,1842.0,577.0,0.8585858585858586,0.4979757085020243
2023-03-22,northeurope,Container,50,1074,308,90.25,1.08,False,2,3,1,0,85.0,984.0,90.0,922.0,68.0,1842.0,70.0,85.0,50.0,980.0,1074.0,882.0,74.57142857142857,96.0,50.0,1066.2857142857142,1836.0,577.0,0.5050505050505051,0.5435222672064778
2023-03-23,northeurope,Container,75,689,362,111.59,0.92,False,3,3,1,0,50.0,1074.0,75.0,882.0,96.0,577.0,70.0,85.0,50.0,915.6666666666666,1074.0,689.0,71.57142857142857,90.0,50.0,1082.2857142857142,1836.0,689.0,0.7575757575757576,0.34868421052631576
2023-03-24,northeurope,Container,64,1714,220,109.63,1.04,False,4,3,1,0,75.0,689.0,85.0,984.0,73.0,1836.0,63.0,75.0,50.0,1159.0,1714.0,689.0,70.28571428571429,90.0,50.0,1064.857142857143,1714.0,689.0,0.6464646464646465,0.8674089068825911
2023-03-25,northeurope,Container,75,1113,414,108.22,1.19,True,5,3,1,1,64.0,1714.0,50.0,1074.0,53.0,1189.0,71.33333333333333,75.0,64.0,1172.0,1714.0,689.0,73.42857142857143,90.0,50.0,1054.0,1714.0,689.0,0.7575757575757576,0.5632591093117408
2023-03-26,northeurope,Container,51,1650,454,97.55,0.92,True,6,3,1,1,75.0,1113.0,75.0,689.0,90.0,922.0,63.333333333333336,75.0,51.0,1492.3333333333333,1714.0,1113.0,67.85714285714286,85.0,50.0,1158.0,1714.0,689.0,0.5151515151515151,0.8350202429149798
2023-03-27,northeurope,Container,90,1158,225,91.1,0.92,False,0,3,1,0,51.0,1650.0,64.0,1714.0,75.0,882.0,72.0,90.0,51.0,1307.0,1650.0,1113.0,70.0,90.0,50.0,1197.4285714285713,1714.0,689.0,0.9090909090909091,0.5860323886639676
2023-03-28,northeurope,Container,84,1955,436,99.23,1.03,False,1,3,1,0,90.0,1158.0,75.0,1113.0,85.0,984.0,75.0,90.0,51.0,1587.6666666666667,1955.0,1158.0,69.85714285714286,90.0,50.0,1336.142857142857,1955.0,689.0,0.8484848484848485,0.9893724696356275
2023-03-29,northeurope,Container,60,1406,326,102.77,1.08,False,2,3,1,0,84.0,1955.0,51.0,1650.0,50.0,1074.0,78.0,90.0,60.0,1506.3333333333333,1955.0,1158.0,71.28571428571429,90.0,51.0,1383.5714285714287,1955.0,689.0,0.6060606060606061,0.7115384615384616
2023-03-30,northeurope,Container,85,1093,346,100.13,1.15,False,3,3,1,0,60.0,1406.0,90.0,1158.0,75.0,689.0,76.33333333333333,85.0,60.0,1484.6666666666667,1955.0,1093.0,72.71428571428571,90.0,51.0,1441.2857142857142,1955.0,1093.0,0.8585858585858586,0.5531376518218624
2023-03-31,northeurope,Container,98,1650,422,97.35,1.27,False,4,3,1,0,85.0,1093.0,84.0,1955.0,64.0,1714.0,81.0,98.0,60.0,1383.0,1650.0,1093.0,77.57142857142857,98.0,51.0,1432.142857142857,1955.0,1093.0,0.98989898989899,0.8350202429149798
2023-01-01,northeurope,Storage,51,1715,476,104.97,0.99,True,6,1,1,1,,,,,,,,,,,,,,,,,,,0.5204081632653061,0.8732179226069247
2023-01-02,northeurope,Storage,96,1455,463,106.48,1.15,False,0,1,1,0,51.0,1715.0,,,,,,,,,,,,,,,,,0.9795918367346939,0.7408350305498982
2023-01-03,northeurope,Storage,64,564,208,97.66,0.98,False,1,1,1,0,96.0,1455.0,,,,,70.33333333333333,96.0,51.0,1244.6666666666667,1715.0,564.0,,,,,,,0.6530612244897959,0.28716904276985744
2023-01-04,northeurope,Storage,50,1528,417,115.79,1.08,False,2,1,1,0,64.0,564.0,51.0,1715.0,,,70.0,96.0,50.0,1182.3333333333333,1528.0,564.0,,,,,,,0.5102040816326531,0.7780040733197556
2023-01-05,northeurope,Storage,93,1863,485,95.31,1.05,False,3,1,1,0,50.0,1528.0,96.0,1455.0,,,69.0,93.0,50.0,1318.3333333333333,1863.0,564.0,,,,,,,0.9489795918367347,0.9485743380855397
2023-01-06,northeurope,Storage,77,1354,423,95.37,0.95,False,4,1,1,0,93.0,1863.0,64.0,564.0,,,73.33333333333333,93.0,50.0,1581.6666666666667,1863.0,1354.0,,,,,,,0.7857142857142857,0.6894093686354379
2023-01-07,northeurope,Storage,90,1428,327,102.42,0.81,True,5,1,1,1,77.0,1354.0,50.0,1528.0,,,86.66666666666667,93.0,77.0,1548.3333333333333,1863.0,1354.0,74.42857142857143,96.0,50.0,1415.2857142857142,1863.0,564.0,0.9183673469387755,0.7270875763747454
2023-01-08,northeurope,Storage,98,1943,303,82.75,0.94,True,6,1,1,1,90.0,1428.0,93.0,1863.0,51.0,1715.0,88.33333333333333,98.0,77.0,1575.0,1943.0,1354.0,81.14285714285714,98.0,50.0,1447.857142857143,1943.0,564.0,1.0,0.9893075356415478
2023-01-09,northeurope,Storage,76,526,425,89.87,1.03,False,0,1,1,0,98.0,1943.0,77.0,1354.0,96.0,1455.0,88.0,98.0,76.0,1299.0,1943.0,526.0,78.28571428571429,98.0,50.0,1315.142857142857,1943.0,526.0,0.7755102040816326,0.26782077393075354
2023-01-10,northeurope,Storage,74,1065,257,90.92,0.86,False,1,1,1,0,76.0,526.0,90.0,1428.0,64.0,564.0,82.66666666666667,98.0,74.0,1178.0,1943.0,526.0,79.71428571428571,98.0,50.0,1386.7142857142858,1943.0,526.0,0.7551020408163265,0.5422606924643585
2023-01-11,northeurope,Storage,72,1353,250,114.66,0.98,False,2,1,1,0,74.0,1065.0,98.0,1943.0,50.0,1528.0,74.0,76.0,72.0,981.3333333333334,1353.0,526.0,82.85714285714286,98.0,72.0,1361.7142857142858,1943.0,526.0,0.7346938775510204,0.6889002036659878
2023-01-12,northeurope,Storage,68,1581,428,100.68,0.86,False,3,1,1,0,72.0,1353.0,76.0,526.0,93.0,1863.0,71.33333333333333,74.0,68.0,1333.0,1581.0,1065.0,79.28571428571429,98.0,68.0,1321.4285714285713,1943.0,526.0,0.6938775510204082,0.804989816700611
2023-01-13,northeurope,Storage,95,1457,403,94.56,1.01,False,4,1,1,0,68.0,1581.0,74.0,1065.0,77.0,1354.0,78.33333333333333,95.0,68.0,1463.6666666666667,1581.0,1353.0,81.85714285714286,98.0,68.0,1336.142857142857,1943.0,526.0,0.9693877551020408,0.7418533604887984
2023-01-14,northeurope,Storage,92,1791,264,88.49,1.04,True,5,1,1,1,95.0,1457.0,72.0,1353.0,90.0,1428.0,85.0,95.0,68.0,1609.6666666666667,1791.0,1457.0,82.14285714285714,98.0,68.0,1388.0,1943.0,526.0,0.9387755102040817,0.9119144602851323
2023-01-15,northeurope,Storage,84,1622,235,93.99,0.97,True,6,1,1,1,92.0,1791.0,68.0,1581.0,98.0,1943.0,90.33333333333333,95.0,84.0,1623.3333333333333,1791.0,1457.0,80.14285714285714,95.0,68.0,1342.142857142857,1791.0,526.0,0.8571428571428571,0.8258655804480651
2023-01-16,northeurope,Storage,68,1890,343,93.98,1.19,False,0,1,1,0,84.0,1622.0,95.0,1457.0,76.0,526.0,81.33333333333333,92.0,68.0,1767.6666666666667,1890.0,1622.0,79.0,95.0,68.0,1537.0,1890.0,1065.0,0.6938775510204082,0.9623217922606925
2023-01-17,northeurope,Storage,87,838,335,99.87,0.89,False,1,1,1,0,68.0,1890.0,92.0,1791.0,74.0,1065.0,79.66666666666667,87.0,68.0,1450.0,1890.0,838.0,80.85714285714286,95.0,68.0,1504.5714285714287,1890.0,838.0,0.8877551020408163,0.42668024439918534
2023-01-18,northeurope,Storage,55,557,243,108.23,0.88,False,2,1,1,0,87.0,838.0,84.0,1622.0,72.0,1353.0,70.0,87.0,55.0,1095.0,1890.0,557.0,78.42857142857143,95.0,55.0,1390.857142857143,1890.0,557.0,0.5612244897959183,0.2836048879837067
2023-01-19,northeurope,Storage,75,1197,377,102.09,0.8,False,3,1,1,0,55.0,557.0,68.0,1890.0,68.0,1581.0,72.33333333333333,87.0,55.0,864.0,1197.0,557.0,79.42857142857143,95.0,55.0,1336.0,1890.0,557.0,0.7653061224489796,0.6094704684317719
2023-01-20,northeurope,Storage,98,1352,481,86.72,1.02,False,4,1,1,0,75.0,1197.0,87.0,838.0,95.0,1457.0,76.0,98.0,55.0,1035.3333333333333,1352.0,557.0,79.85714285714286,98.0,55.0,1321.0,1890.0,557.0,1.0,0.6883910386965377
2023-01-21,northeurope,Storage,57,653,449,107.38,1.02,True,5,1,1,1,98.0,1352.0,55.0,557.0,92.0,1791.0,76.66666666666667,98.0,57.0,1067.3333333333333,1352.0,653.0,74.85714285714286,98.0,55.0,1158.4285714285713,1890.0,557.0,0.5816326530612245,0.3324847250509165
2023-01-22,northeurope,Storage,87,1483,229,98.84,0.97,True,6,1,1,1,57.0,653.0,75.0,1197.0,84.0,1622.0,80.66666666666667,98.0,57.0,1162.6666666666667,1483.0,653.0,75.28571428571429,98.0,55.0,1138.5714285714287,1890.0,557.0,0.8877551020408163,0.755091649694501
2023-01-23,northeurope,Storage,76,592,359,85.21,0.93,False,0,1,1,0,87.0,1483.0,98.0,1352.0,68.0,1890.0,73.33333333333333,87.0,57.0,909.3333333333334,1483.0,592.0,76.42857142857143,98.0,55.0,953.1428571428571,1483.0,557.0,0.7755102040816326,0.3014256619144603
2023-01-24,northeurope,Storage,98,1776,379,95.39,1.11,False,1,1,1,0,76.0,592.0,57.0,653.0,87.0,838.0,87.0,98.0,76.0,1283.6666666666667,1776.0,592.0,78.0,98.0,55.0,1087.142857142857,1776.0,557.0,1.0,0.9042769857433809
2023-01-25,northeurope,Storage,93,1036,344,103.44,0.82,False,2,1,1,0,98.0,1776.0,87.0,1483.0,55.0,557.0,89.0,98.0,76.0,1134.6666666666667,1776.0,592.0,83.42857142857143,98.0,57.0,1155.5714285714287,1776.0,592.0,0.9489795918367347,0.5274949083503055
2023-01-26,northeurope,Storage,79,1342,294,103.24,0.96,False,3,1,1,0,93.0,1036.0,76.0,592.0,75.0,1197.0,90.0,98.0,79.0,1384.6666666666667,1776.0,1036.0,84.0,98.0,57.0,1176.2857142857142,1776.0,592.0,0.8061224489795918,0.6832993890020367
2023-01-27,northeurope,Storage,69,612,339,93.23,1.06,False,4,1,1,0,79.0,1342.0,98.0,1776.0,98.0,1352.0,80.33333333333333,93.0,69.0,996.6666666666666,1342.0,612.0,79.85714285714286,98.0,57.0,1070.5714285714287,1776.0,592.0,0.7040816326530612,0.31160896130346233
2023-01-28,northeurope,Storage,83,1087,234,110.31,1.09,True,5,1,1,1,69.0,612.0,93.0,1036.0,57.0,653.0,77.0,83.0,69.0,1013.6666666666666,1342.0,612.0,83.57142857142857,98.0,69.0,1132.5714285714287,1776.0,592.0,0.8469387755102041,0.5534623217922607
2023-01-29,northeurope,Storage,66,1748,303,91.61,0.97,True,6,1,1,1,83.0,1087.0,79.0,1342.0,87.0,1483.0,72.66666666666667,83.0,66.0,1149.0,1748.0,612.0,80.57142857142857,98.0,66.0,1170.4285714285713,1776.0,592.0,0.673469387755102,0.890020366598778
2023-01-30,northeurope,Storage,64,1680,335,103.31,1.1,False,0,1,1,0,66.0,1748.0,69.0,612.0,76.0,592.0,71.0,83.0,64.0,1505.0,1748.0,1087.0,78.85714285714286,98.0,64.0,1325.857142857143,1776.0,612.0,0.6530612244897959,0.8553971486761711
2023-01-31,northeurope,Storage,89,1327,370,95.21,0.98,False,1,1,1,0,64.0,1680.0,83.0,1087.0,98.0,1776.0,73.0,89.0,64.0,1585.0,1748.0,1327.0,77.57142857142857,93.0,64.0,1261.7142857142858,1748.0,612.0,0.9081632653061225,0.6756619144602851
2023-02-01,northeurope,Storage,74,574,493,88.94,0.88,False,2,2,1,0,89.0,1327.0,66.0,1748.0,93.0,1036.0,75.66666666666667,89.0,64.0,1193.6666666666667,1680.0,574.0,74.85714285714286,89.0,64.0,1195.7142857142858,1748.0,574.0,0.7551020408163265,0.29226069246435843
2023-02-02,northeurope,Storage,68,1841,231,108.13,1.14,False,3,2,1,0,74.0,574.0,64.0,1680.0,79.0,1342.0,77.0,89.0,68.0,1247.3333333333333,1841.0,574.0,73.28571428571429,89.0,64.0,1267.0,1841.0,574.0,0.6938775510204082,0.9373727087576375
2023-02-03,northeurope,Storage,52,942,454,99.28,1.1,False,4,2,1,0,68.0,1841.0,89.0,1327.0,69.0,612.0,64.66666666666667,74.0,52.0,1119.0,1841.0,574.0,70.85714285714286,89.0,52.0,1314.142857142857,1841.0,574.0,0.5306122448979592,0.47963340122199594
2023-02-04,northeurope,Storage,51,1314,396,103.62,0.94,True,5,2,1,1,52.0,942.0,74.0,574.0,83.0,1087.0,57.0,68.0,51.0,1365.6666666666667,1841.0,942.0,66.28571428571429,89.0,51.0,1346.5714285714287,1841.0,574.0,0.5204081632653061,0.6690427698574338
2023-02-05,northeurope,Storage,71,1758,203,103.61,1.15,True,6,2,1,1,51.0,1314.0,68.0,1841.0,66.0,1748.0,58.0,71.0,51.0,1338.0,1758.0,942.0,67.0,89.0,51.0,1348.0,1841.0,574.0,0.7244897959183674,0.895112016293279
2023-02-06,northeurope,Storage,95,629,392,99.64,1.16,False,0,2,1,0,71.0,1758.0,52.0,942.0,64.0,1680.0,72.33333333333333,95.0,51.0,1233.6666666666667,1758.0,629.0,71.42857142857143,95.0,51.0,1197.857142857143,1841.0,574.0,0.9693877551020408,0.32026476578411406
2023-02-07,northeurope,Storage,50,1740,260,73.8,1.08,False,1,2,1,0,95.0,629.0,51.0,1314.0,89.0,1327.0,72.0,95.0,50.0,1375.6666666666667,1758.0,629.0,65.85714285714286,95.0,50.0,1256.857142857143,1841.0,574.0,0.5102040816326531,0.8859470468431772
2023-02-08,northeurope,Storage,96,1811,465,100.87,0.97,False,2,2,1,0,50.0,1740.0,71.0,1758.0,74.0,574.0,80.33333333333333,96.0,50.0,1393.3333333333333,1811.0,629.0,69.0,96.0,50.0,1433.5714285714287,1841.0,629.0,0.9795918367346939,0.9220977596741344
2023-02-09,northeurope,Storage,72,863,238,100.92,0.8,False,3,2,1,0,96.0,1811.0,95.0,629.0,68.0,1841.0,72.66666666666667,96.0,50.0,1471.3333333333333,1811.0,863.0,69.57142857142857,96.0,50.0,1293.857142857143,1811.0,629.0,0.7346938775510204,0.4394093686354379
2023-02-10,northeurope,Storage,79,502,341,97.8,1.04,False,4,2,1,0,72.0,863.0,50.0,1740.0,52.0,942.0,82.33333333333333,96.0,72.0,1058.6666666666667,1811.0,502.0,73.42857142857143,96.0,50.0,1231.0,1811.0,502.0,0.8061224489795918,0.2556008146639511
2023-02-11,northeurope,Storage,55,553,246,114.78,0.95,True,5,2,1,1,79.0,502.0,96.0,1811.0,51.0,1314.0,68.66666666666667,79.0,55.0,639.3333333333334,863.0,502.0,74.0,96.0,50.0,1122.2857142857142,1811.0,502.0,0.5612244897959183,0.2815682281059063
2023-02-12,northeurope,Storage,64,539,224,91.92,0.95,True,6,2,1,1,55.0,553.0,72.0,863.0,71.0,1758.0,66.0,79.0,55.0,531.3333333333334,553.0,502.0,73.0,96.0,50.0,948.1428571428571,1811.0,502.0,0.6530612244897959,0.2744399185336049
2023-02-13,northeurope,Storage,77,852,258,109.15,1.03,False,0,2,1,0,64.0,539.0,79.0,502.0,95.0,629.0,65.33333333333333,77.0,55.0,648.0,852.0,539.0,70.42857142857143,96.0,50.0,980.0,1811.0,502.0,0.7857142857142857,0.43380855397148677
2023-02-14,northeurope,Storage,66,859,422,94.7,1.05,False,1,2,1,0,77.0,852.0,55.0,553.0,50.0,1740.0,69.0,77.0,64.0,750.0,859.0,539.0,72.71428571428571,96.0,55.0,854.1428571428571,1811.0,502.0,0.673469387755102,0.43737270875763745
2023-02-15,northeurope,Storage,85,1262,426,100.97,1.1,False,2,2,1,0,66.0,859.0,64.0,539.0,96.0,1811.0,76.0,85.0,66.0,991.0,1262.0,852.0,71.14285714285714,85.0,55.0,775.7142857142857,1262.0,502.0,0.8673469387755102,0.6425661914460286
2023-02-16,northeurope,Storage,96,1368,283,92.98,0.97,False,3,2,1,0,85.0,1262.0,77.0,852.0,72.0,863.0,82.33333333333333,96.0,66.0,1163.0,1368.0,859.0,74.57142857142857,96.0,55.0,847.8571428571429,1368.0,502.0,0.9795918367346939,0.6965376782077393
2023-02-17,northeurope,Storage,93,1020,365,96.08,0.85,False,4,2,1,0,96.0,1368.0,66.0,859.0,79.0,502.0,91.33333333333333,96.0,85.0,1216.6666666666667,1368.0,1020.0,76.57142857142857,96.0,55.0,921.8571428571429,1368.0,539.0,0.9489795918367347,0.5193482688391039
2023-02-18,northeurope,Storage,82,1213,441,102.96,1.03,True,5,2,1,1,93.0,1020.0,85.0,1262.0,55.0,553.0,90.33333333333333,96.0,82.0,1200.3333333333333,1368.0,1020.0,80.42857142857143,96.0,64.0,1016.1428571428571,1368.0,539.0,0.8367346938775511,0.6176171079429735
2023-02-19,northeurope,Storage,60,1607,407,100.05,0.98,True,6,2,1,1,82.0,1213.0,96.0,1368.0,64.0,539.0,78.33333333333333,93.0,60.0,1280.0,1607.0,1020.0,79.85714285714286,96.0,60.0,1168.7142857142858,1607.0,852.0,0.6122448979591837,0.8182281059063137
2023-02-20,northeurope,Storage,52,1423,401,85.85,0.96,False,0,2,1,0,60.0,1607.0,93.0,1020.0,77.0,852.0,64.66666666666667,82.0,52.0,1414.3333333333333,1607.0,1213.0,76.28571428571429,96.0,52.0,1250.2857142857142,1607.0,859.0,0.5306122448979592,0.7245417515274949
2023-02-21,northeurope,Storage,84,1293,207,96.57,0.92,False,1,2,1,0,52.0,1423.0,82.0,1213.0,66.0,859.0,65.33333333333333,84.0,52.0,1441.0,1607.0,1293.0,78.85714285714286,96.0,52.0,1312.2857142857142,1607.0,1020.0,0.8571428571428571,0.6583503054989817
2023-02-22,northeurope,Storage,60,1533,394,98.39,1.04,False,2,2,1,0,84.0,1293.0,60.0,1607.0,85.0,1262.0,65.33333333333333,84.0,52.0,1416.3333333333333,1533.0,1293.0,75.28571428571429,96.0,52.0,1351.0,1607.0,1020.0,0.6122448979591837,0.7805498981670062
2023-02-23,northeurope,Storage,69,781,484,118.86,1.02,False,3,2,1,0,60.0,1533.0,52.0,1423.0,96.0,1368.0,71.0,84.0,60.0,1202.3333333333333,1533.0,781.0,71.42857142857143,93.0,52.0,1267.142857142857,1607.0,781.0,0.7040816326530612,0.39765784114052954
2023-02-24,northeurope,Storage,57,1864,328,102.58,0.99,False,4,2,1,0,69.0,781.0,84.0,1293.0,93.0,1020.0,62.0,69.0,57.0,1392.6666666666667,1864.0,781.0,66.28571428571429,84.0,52.0,1387.7142857142858,1864.0,781.0,0.5816326530612245,0.9490835030549898
2023-02-25,northeurope,Storage,82,1612,375,80.81,1.0,True,5,2,1,1,57.0,1864.0,60.0,1533.0,82.0,1213.0,69.33333333333333,82.0,57.0,1419.0,1864.0,781.0,66.28571428571429,84.0,52.0,1444.7142857142858,1864.0,781.0,0.8367346938775511,0.8207739307535642
2023-02-26,northeurope,Storage,75,1790,309,100.6,1.25,True,6,2,1,1,82.0,1612.0,69.0,781.0,60.0,1607.0,71.33333333333333,82.0,57.0,1755.3333333333333,1864.0,1612.0,68.42857142857143,84.0,52.0,1470.857142857143,1864.0,781.0,0.7653061224489796,0.9114052953156823
2023-02-27,northeurope,Storage,71,1286,489,98.08,1.03,False,0,2,1,0,75.0,1790.0,57.0,1864.0,52.0,1423.0,76.0,82.0,71.0,1562.6666666666667,1790.0,1286.0,71.14285714285714,84.0,57.0,1451.2857142857142,1864.0,781.0,0.7244897959183674,0.654786150712831
2023-02-28,northeurope,Storage,50,1695,372,99.65,0.88,False,1,2,1,0,71.0,1286.0,82.0,1612.0,84.0,1293.0,65.33333333333333,75.0,50.0,1590.3333333333333,1790.0,1286.0,66.28571428571429,82.0,50.0,1508.7142857142858,1864.0,781.0,0.5102040816326531,0.8630346232179226
2023-03-01,northeurope,Storage,54,1186,248,111.43,1.08,False,2,3,1,0,50.0,1695.0,75.0,1790.0,60.0,1533.0,58.333333333333336,71.0,50.0,1389.0,1695.0,1186.0,65.42857142857143,82.0,50.0,1459.142857142857,1864.0,781.0,0.5510204081632653,0.6038696537678208
2023-03-02,northeurope,Storage,94,1505,235,107.91,0.91,False,3,3,1,0,54.0,1186.0,71.0,1286.0,69.0,781.0,66.0,94.0,50.0,1462.0,1695.0,1186.0,69.0,94.0,50.0,1562.5714285714287,1864.0,1186.0,0.9591836734693877,0.7662932790224033
2023-03-03,northeurope,Storage,57,1161,499,114.03,0.86,False,4,3,1,0,94.0,1505.0,50.0,1695.0,57.0,1864.0,68.33333333333333,94.0,54.0,1284.0,1505.0,1161.0,69.0,94.0,50.0,1462.142857142857,1790.0,1161.0,0.5816326530612245,0.5911405295315683
2023-03-04,northeurope,Storage,61,1237,341,105.87,1.22,True,5,3,1,1,57.0,1161.0,54.0,1186.0,82.0,1612.0,70.66666666666667,94.0,57.0,1301.0,1505.0,1161.0,66.0,94.0,50.0,1408.5714285714287,1790.0,1161.0,0.6224489795918368,0.629837067209776
2023-03-05,northeurope,Storage,63,633,266,90.09,0.94,True,6,3,1,1,61.0,1237.0,94.0,1505.0,75.0,1790.0,60.333333333333336,63.0,57.0,1010.3333333333334,1237.0,633.0,64.28571428571429,94.0,50.0,1243.2857142857142,1695.0,633.0,0.6428571428571429,0.32230142566191444
2023-03-06,northeurope,Storage,64,1696,211,101.0,0.95,False,0,3,1,0,63.0,633.0,57.0,1161.0,71.0,1286.0,62.666666666666664,64.0,61.0,1188.6666666666667,1696.0,633.0,63.285714285714285,94.0,50.0,1301.857142857143,1696.0,633.0,0.6530612244897959,0.8635437881873728
2023-03-07,northeurope,Storage,95,1382,462,84.49,1.01,False,1,3,1,0,64.0,1696.0,61.0,1237.0,50.0,1695.0,74.0,95.0,63.0,1237.0,1696.0,633.0,69.71428571428571,95.0,54.0,1257.142857142857,1696.0,633.0,0.9693877551020408,0.7036659877800407
2023-03-08,northeurope,Storage,72,1946,264,89.38,1.05,False,2,3,1,0,95.0,1382.0,63.0,633.0,54.0,1186.0,77.0,95.0,64.0,1674.6666666666667,1946.0,1382.0,72.28571428571429,95.0,57.0,1365.7142857142858,1946.0,633.0,0.7346938775510204,0.9908350305498982
2023-03-09,northeurope,Storage,58,924,328,90.81,1.15,False,3,3,1,0,72.0,1946.0,64.0,1696.0,94.0,1505.0,75.0,95.0,58.0,1417.3333333333333,1946.0,924.0,67.14285714285714,95.0,57.0,1282.7142857142858,1946.0,633.0,0.5918367346938775,0.47046843177189407
2023-03-10,northeurope,Storage,54,647,476,92.17,0.97,False,4,3,1,0,58.0,924.0,95.0,1382.0,57.0,1161.0,61.333333333333336,72.0,54.0,1172.3333333333333,1946.0,647.0,66.71428571428571,95.0,54.0,1209.2857142857142,1946.0,633.0,0.5510204081632653,0.32942973523421587
2023-03-11,northeurope,Storage,61,1269,468,108.14,0.88,True,5,3,1,1,54.0,647.0,72.0,1946.0,61.0,1237.0,57.666666666666664,61.0,54.0,946.6666666666666,1269.0,647.0,66.71428571428571,95.0,54.0,1213.857142857143,1946.0,633.0,0.6224489795918368,0.6461303462321792
2023-03-12,northeurope,Storage,70,1920,348,102.27,1.13,True,6,3,1,1,61.0,1269.0,58.0,924.0,63.0,633.0,61.666666666666664,70.0,54.0,1278.6666666666667,1920.0,647.0,67.71428571428571,95.0,54.0,1397.7142857142858,1946.0,647.0,0.7142857142857143,0.9775967413441955
2023-03-13,northeurope,Storage,68,522,229,83.93,1.02,False,0,3,1,0,70.0,1920.0,54.0,647.0,64.0,1696.0,66.33333333333333,70.0,61.0,1237.0,1920.0,522.0,68.28571428571429,95.0,54.0,1230.0,1946.0,522.0,0.6938775510204082,0.26578411405295316
2023-03-14,northeurope,Storage,61,708,213,102.6,1.08,False,1,3,1,0,68.0,522.0,61.0,1269.0,95.0,1382.0,66.33333333333333,70.0,61.0,1050.0,1920.0,522.0,63.42857142857143,72.0,54.0,1133.7142857142858,1946.0,522.0,0.6224489795918368,0.3604887983706721
2023-03-15,northeurope,Storage,83,1093,358,87.63,0.87,False,2,3,1,0,61.0,708.0,70.0,1920.0,72.0,1946.0,70.66666666666667,83.0,61.0,774.3333333333334,1093.0,522.0,65.0,83.0,54.0,1011.8571428571429,1920.0,522.0,0.8469387755102041,0.5565173116089613
2023-03-16,northeurope,Storage,96,898,397,105.22,1.03,False,3,3,1,0,83.0,1093.0,68.0,522.0,58.0,924.0,80.0,96.0,61.0,899.6666666666666,1093.0,708.0,70.42857142857143,96.0,54.0,1008.1428571428571,1920.0,522.0,0.9795918367346939,0.45723014256619143
2023-03-17,northeurope,Storage,88,1818,328,102.5,1.03,False,4,3,1,0,96.0,898.0,61.0,708.0,54.0,647.0,89.0,96.0,83.0,1269.6666666666667,1818.0,898.0,75.28571428571429,96.0,61.0,1175.4285714285713,1920.0,522.0,0.8979591836734694,0.9256619144602851
2023-03-18,northeurope,Storage,92,1964,220,93.2,1.02,True,5,3,1,1,88.0,1818.0,83.0,1093.0,61.0,1269.0,92.0,96.0,88.0,1560.0,1964.0,898.0,79.71428571428571,96.0,61.0,1274.7142857142858,1964.0,522.0,0.9387755102040817,1.0
2023-03-19,northeurope,Storage,83,527,242,102.93,0.93,True,6,3,1,1,92.0,1964.0,96.0,898.0,70.0,1920.0,87.66666666666667,92.0,83.0,1436.3333333333333,1964.0,527.0,81.57142857142857,96.0,61.0,1075.7142857142858,1964.0,522.0,0.8469387755102041,0.2683299389002037
2023-03-20,northeurope,Storage,56,776,219,118.66,1.05,False,0,3,1,0,83.0,527.0,88.0,1818.0,68.0,522.0,77.0,92.0,56.0,1089.0,1964.0,527.0,79.85714285714286,96.0,56.0,1112.0,1964.0,527.0,0.5714285714285714,0.395112016293279
2023-03-21,northeurope,Storage,61,507,496,88.09,1.07,False,1,3,1,0,56.0,776.0,92.0,1964.0,61.0,708.0,66.66666666666667,83.0,56.0,603.3333333333334,776.0,507.0,79.85714285714286,96.0,56.0,1083.2857142857142,1964.0,507.0,0.6224489795918368,0.25814663951120165
2023-03-22,northeurope,Storage,61,1313,215,90.25,1.08,False,2,3,1,0,61.0,507.0,83.0,527.0,83.0,1093.0,59.333333333333336,61.0,56.0,865.3333333333334,1313.0,507.0,76.71428571428571,96.0,56.0,1114.7142857142858,1964.0,507.0,0.6224489795918368,0.6685336048879837
2023-03-23,northeurope,Storage,75,1800,355,111.59,0.92,False,3,3,1,0,61.0,1313.0,56.0,776.0,96.0,898.0,65.66666666666667,75.0,61.0,1206.6666666666667,1800.0,507.0,73.71428571428571,92.0,56.0,1243.5714285714287,1964.0,507.0,0.7653061224489796,0.9164969450101833
2023-03-24,northeurope,Storage,52,1015,493,109.63,1.04,False,4,3,1,0,75.0,1800.0,61.0,507.0,88.0,1818.0,62.666666666666664,75.0,52.0,1376.0,1800.0,1015.0,68.57142857142857,92.0,52.0,1128.857142857143,1964.0,507.0,0.5306122448979592,0.5168024439918534
2023-03-25,northeurope,Storage,89,1355,469,108.22,1.19,True,5,3,1,1,52.0,1015.0,61.0,1313.0,92.0,1964.0,72.0,89.0,52.0,1390.0,1800.0,1015.0,68.14285714285714,89.0,52.0,1041.857142857143,1800.0,507.0,0.9081632653061225,0.689918533604888
2023-03-26,northeurope,Storage,90,567,463,97.55,0.92,True,6,3,1,1,89.0,1355.0,75.0,1800.0,83.0,527.0,77.0,90.0,52.0,979.0,1355.0,567.0,69.14285714285714,90.0,52.0,1047.5714285714287,1800.0,507.0,0.9183673469387755,0.28869653767820774
2023-03-27,northeurope,Storage,95,1058,214,91.1,0.92,False,0,3,1,0,90.0,567.0,52.0,1015.0,56.0,776.0,91.33333333333333,95.0,89.0,993.3333333333334,1355.0,567.0,74.71428571428571,95.0,52.0,1087.857142857143,1800.0,507.0,0.9693877551020408,0.5386965376782077
2023-03-28,northeurope,Storage,94,1252,341,99.23,1.03,False,1,3,1,0,95.0,1058.0,89.0,1355.0,61.0,507.0,93.0,95.0,90.0,959.0,1252.0,567.0,79.42857142857143,95.0,52.0,1194.2857142857142,1800.0,567.0,0.9591836734693877,0.6374745417515275
2023-03-29,northeurope,Storage,88,896,391,102.77,1.08,False,2,3,1,0,94.0,1252.0,90.0,567.0,61.0,1313.0,92.33333333333333,95.0,88.0,1068.6666666666667,1252.0,896.0,83.28571428571429,95.0,52.0,1134.7142857142858,1800.0,567.0,0.8979591836734694,0.45621181262729127
2023-03-30,northeurope,Storage,51,1847,360,100.13,1.15,False,3,3,1,0,88.0,896.0,95.0,1058.0,75.0,1800.0,77.66666666666667,94.0,51.0,1331.6666666666667,1847.0,896.0,79.85714285714286,95.0,51.0,1141.4285714285713,1847.0,567.0,0.5204081632653061,0.9404276985743381
2023-03-31,northeurope,Storage,84,734,412,97.35,1.27,False,4,3,1,0,51.0,1847.0,94.0,1252.0,52.0,1015.0,74.33333333333333,88.0,51.0,1159.0,1847.0,734.0,84.42857142857143,95.0,51.0,1101.2857142857142,1847.0,567.0,0.8571428571428571,0.37372708757637474
2023-01-01,northeurope,VM,73,1937,493,104.97,0.99,True,6,1,1,1,,,,,,,,,,,,,,,,,,,0.7373737373737373,0.9714142427281846
2023-01-02,northeurope,VM,51,1863,291,106.48,1.15,False,0,1,1,0,73.0,1937.0,,,,,,,,,,,,,,,,,0.5151515151515151,0.9343029087261785
2023-01-03,northeurope,VM,94,1564,356,97.66,0.98,False,1,1,1,0,51.0,1863.0,,,,,72.66666666666667,94.0,51.0,1788.0,1937.0,1564.0,,,,,,,0.9494949494949495,0.7843530591775326
2023-01-04,northeurope,VM,50,1112,330,115.79,1.08,False,2,1,1,0,94.0,1564.0,73.0,1937.0,,,65.0,94.0,50.0,1513.0,1863.0,1112.0,,,,,,,0.5050505050505051,0.5576730190571715
2023-01-05,northeurope,VM,77,1551,307,95.31,1.05,False,3,1,1,0,50.0,1112.0,51.0,1863.0,,,73.66666666666667,94.0,50.0,1409.0,1564.0,1112.0,,,,,,,0.7777777777777778,0.7778335005015045
2023-01-06,northeurope,VM,98,501,329,95.37,0.95,False,4,1,1,0,77.0,1551.0,94.0,1564.0,,,75.0,98.0,50.0,1054.6666666666667,1551.0,501.0,,,,,,,0.98989898989899,0.2512537612838516
2023-01-07,northeurope,VM,69,1363,398,102.42,0.81,True,5,1,1,1,98.0,501.0,50.0,1112.0,,,81.33333333333333,98.0,69.0,1138.3333333333333,1551.0,501.0,73.14285714285714,98.0,50.0,1413.0,1937.0,501.0,0.696969696969697,0.6835506519558676
2023-01-08,northeurope,VM,82,1127,274,82.75,0.94,True,6,1,1,1,69.0,1363.0,77.0,1551.0,73.0,1937.0,83.0,98.0,69.0,997.0,1363.0,501.0,74.42857142857143,98.0,50.0,1297.2857142857142,1863.0,501.0,0.8282828282828283,0.5651955867602808
2023-01-09,northeurope,VM,94,1062,463,89.87,1.03,False,0,1,1,0,82.0,1127.0,98.0,501.0,51.0,1863.0,81.66666666666667,94.0,69.0,1184.0,1363.0,1062.0,80.57142857142857,98.0,50.0,1182.857142857143,1564.0,501.0,0.9494949494949495,0.5325977933801405
2023-01-10,northeurope,VM,52,627,217,90.92,0.86,False,1,1,1,0,94.0,1062.0,69.0,1363.0,94.0,1564.0,76.0,94.0,52.0,938.6666666666666,1127.0,627.0,74.57142857142857,98.0,50.0,1049.0,1551.0,501.0,0.5252525252525253,0.31444332998996993
2023-01-11,northeurope,VM,77,1877,487,114.66,0.98,False,2,1,1,0,52.0,627.0,82.0,1127.0,50.0,1112.0,74.33333333333333,94.0,52.0,1188.6666666666667,1877.0,627.0,78.42857142857143,98.0,52.0,1158.2857142857142,1877.0,501.0,0.7777777777777778,0.9413239719157472
2023-01-12,northeurope,VM,91,1156,319,100.68,0.86,False,3,1,1,0,77.0,1877.0,94.0,1062.0,77.0,1551.0,73.33333333333333,91.0,52.0,1220.0,1877.0,627.0,80.42857142857143,98.0,52.0,1101.857142857143,1877.0,501.0,0.9191919191919192,0.5797392176529589
2023-01-13,northeurope,VM,96,1508,293,94.56,1.01,False,4,1,1,0,91.0,1156.0,52.0,627.0,98.0,501.0,88.0,96.0,77.0,1513.6666666666667,1877.0,1156.0,80.14285714285714,96.0,52.0,1245.7142857142858,1877.0,627.0,0.9696969696969697,0.7562688064192578
2023-01-14,northeurope,VM,82,1456,378,88.49,1.04,True,5,1,1,1,96.0,1508.0,77.0,1877.0,69.0,1363.0,89.66666666666667,96.0,82.0,1373.3333333333333,1508.0,1156.0,82.0,96.0,52.0,1259.0,1877.0,627.0,0.8282828282828283,0.7301905717151455
2023-01-15,northeurope,VM,85,1917,391,93.99,0.97,True,6,1,1,1,82.0,1456.0,91.0,1156.0,82.0,1127.0,87.66666666666667,96.0,82.0,1627.0,1917.0,1456.0,82.42857142857143,96.0,52.0,1371.857142857143,1917.0,627.0,0.8585858585858586,0.9613841524573721
2023-01-16,northeurope,VM,56,1217,422,93.98,1.19,False,0,1,1,0,85.0,1917.0,96.0,1508.0,94.0,1062.0,74.33333333333333,85.0,56.0,1530.0,1917.0,1217.0,77.0,96.0,52.0,1394.0,1917.0,627.0,0.5656565656565656,0.6103309929789368
2023-01-17,northeurope,VM,51,528,364,99.87,0.89,False,1,1,1,0,56.0,1217.0,82.0,1456.0,52.0,627.0,64.0,85.0,51.0,1220.6666666666667,1917.0,528.0,76.85714285714286,96.0,51.0,1379.857142857143,1917.0,528.0,0.5151515151515151,0.26479438314944836
2023-01-18,northeurope,VM,98,1932,316,108.23,0.88,False,2,1,1,0,51.0,528.0,85.0,1917.0,77.0,1877.0,68.33333333333333,98.0,51.0,1225.6666666666667,1932.0,528.0,79.85714285714286,98.0,51.0,1387.7142857142858,1932.0,528.0,0.98989898989899,0.9689067201604814
2023-01-19,northeurope,VM,57,1645,363,102.09,0.8,False,3,1,1,0,98.0,1932.0,56.0,1217.0,91.0,1156.0,68.66666666666667,98.0,51.0,1368.3333333333333,1932.0,528.0,75.0,98.0,51.0,1457.5714285714287,1932.0,528.0,0.5757575757575758,0.824974924774323
2023-01-20,northeurope,VM,67,723,438,86.72,1.02,False,4,1,1,0,57.0,1645.0,51.0,528.0,96.0,1508.0,74.0,98.0,57.0,1433.3333333333333,1932.0,723.0,70.85714285714286,98.0,51.0,1345.4285714285713,1932.0,528.0,0.6767676767676768,0.36258776328986964
2023-01-21,northeurope,VM,83,1871,294,107.38,1.02,True,5,1,1,1,67.0,723.0,98.0,1932.0,82.0,1456.0,69.0,83.0,57.0,1413.0,1871.0,723.0,71.0,98.0,51.0,1404.7142857142858,1932.0,528.0,0.8383838383838383,0.9383149448345035
2023-01-22,northeurope,VM,67,1297,448,98.84,0.97,True,6,1,1,1,83.0,1871.0,57.0,1645.0,85.0,1917.0,72.33333333333333,83.0,67.0,1297.0,1871.0,723.0,68.42857142857143,98.0,51.0,1316.142857142857,1932.0,528.0,0.6767676767676768,0.6504513540621866
2023-01-23,northeurope,VM,74,1718,394,85.21,0.93,False,0,1,1,0,67.0,1297.0,67.0,723.0,56.0,1217.0,74.66666666666667,83.0,67.0,1628.6666666666667,1871.0,1297.0,71.0,98.0,51.0,1387.7142857142858,1932.0,528.0,0.7474747474747475,0.8615847542627884
2023-01-24,northeurope,VM,85,1780,207,95.39,1.11,False,1,1,1,0,74.0,1718.0,83.0,1871.0,51.0,528.0,75.33333333333333,85.0,67.0,1598.3333333333333,1780.0,1297.0,75.85714285714286,98.0,57.0,1566.5714285714287,1932.0,723.0,0.8585858585858586,0.892678034102307
2023-01-25,northeurope,VM,88,585,325,103.44,0.82,False,2,1,1,0,85.0,1780.0,67.0,1297.0,98.0,1932.0,82.33333333333333,88.0,74.0,1361.0,1780.0,585.0,74.42857142857143,88.0,57.0,1374.142857142857,1871.0,585.0,0.8888888888888888,0.2933801404212638
2023-01-26,northeurope,VM,70,1123,203,103.24,0.96,False,3,1,1,0,88.0,585.0,74.0,1718.0,57.0,1645.0,81.0,88.0,70.0,1162.6666666666667,1780.0,585.0,76.28571428571429,88.0,67.0,1299.5714285714287,1871.0,585.0,0.7070707070707071,0.5631895687061184
2023-01-27,northeurope,VM,53,1223,424,93.23,1.06,False,4,1,1,0,70.0,1123.0,85.0,1780.0,67.0,723.0,70.33333333333333,88.0,53.0,977.0,1223.0,585.0,74.28571428571429,88.0,53.0,1371.0,1871.0,585.0,0.5353535353535354,0.6133400200601805
2023-01-28,northeurope,VM,93,833,336,110.31,1.09,True,5,1,1,1,53.0,1223.0,88.0,585.0,83.0,1871.0,72.0,93.0,53.0,1059.6666666666667,1223.0,833.0,75.71428571428571,93.0,53.0,1222.7142857142858,1780.0,585.0,0.9393939393939394,0.417753259779338
2023-01-29,northeurope,VM,64,1492,352,91.61,0.97,True,6,1,1,1,93.0,833.0,70.0,1123.0,67.0,1297.0,70.0,93.0,53.0,1182.6666666666667,1492.0,833.0,75.28571428571429,93.0,53.0,1250.5714285714287,1780.0,585.0,0.6464646464646465,0.7482447342026078
2023-01-30,northeurope,VM,94,715,383,103.31,1.1,False,0,1,1,0,64.0,1492.0,53.0,1223.0,74.0,1718.0,83.66666666666667,94.0,64.0,1013.3333333333334,1492.0,715.0,78.14285714285714,94.0,53.0,1107.2857142857142,1780.0,585.0,0.9494949494949495,0.3585757271815446
2023-01-31,northeurope,VM,74,1492,310,95.21,0.98,False,1,1,1,0,94.0,715.0,93.0,833.0,85.0,1780.0,77.33333333333333,94.0,64.0,1233.0,1492.0,715.0,76.57142857142857,94.0,53.0,1066.142857142857,1492.0,585.0,0.7474747474747475,0.7482447342026078
2023-02-01,northeurope,VM,75,1436,490,88.94,0.88,False,2,2,1,0,74.0,1492.0,64.0,1492.0,88.0,585.0,81.0,94.0,74.0,1214.3333333333333,1492.0,715.0,74.71428571428571,94.0,53.0,1187.7142857142858,1492.0,715.0,0.7575757575757576,0.720160481444333
2023-02-02,northeurope,VM,81,1664,414,108.13,1.14,False,3,2,1,0,75.0,1436.0,94.0,715.0,70.0,1123.0,76.66666666666667,81.0,74.0,1530.6666666666667,1664.0,1436.0,76.28571428571429,94.0,53.0,1265.0,1664.0,715.0,0.8181818181818182,0.8345035105315948
2023-02-03,northeurope,VM,50,812,446,99.28,1.1,False,4,2,1,0,81.0,1664.0,74.0,1492.0,53.0,1223.0,68.66666666666667,81.0,50.0,1304.0,1664.0,812.0,75.85714285714286,94.0,50.0,1206.2857142857142,1664.0,715.0,0.5050505050505051,0.40722166499498497
2023-02-04,northeurope,VM,78,1199,281,103.62,0.94,True,5,2,1,1,50.0,812.0,75.0,1436.0,93.0,833.0,69.66666666666667,81.0,50.0,1225.0,1664.0,812.0,73.71428571428571,94.0,50.0,1258.5714285714287,1664.0,715.0,0.7878787878787878,0.6013039117352056
2023-02-05,northeurope,VM,88,1724,445,103.61,1.15,True,6,2,1,1,78.0,1199.0,81.0,1664.0,64.0,1492.0,72.0,88.0,50.0,1245.0,1724.0,812.0,77.14285714285714,94.0,50.0,1291.7142857142858,1724.0,715.0,0.8888888888888888,0.8645937813440321
2023-02-06,northeurope,VM,66,1421,389,99.64,1.16,False,0,2,1,0,88.0,1724.0,50.0,812.0,94.0,715.0,77.33333333333333,88.0,66.0,1448.0,1724.0,1199.0,73.14285714285714,88.0,50.0,1392.5714285714287,1724.0,812.0,0.6666666666666666,0.7126379137412236
2023-02-07,northeurope,VM,58,795,216,73.8,1.08,False,1,2,1,0,66.0,1421.0,78.0,1199.0,74.0,1492.0,70.66666666666667,88.0,58.0,1313.3333333333333,1724.0,795.0,70.85714285714286,88.0,50.0,1293.0,1724.0,795.0,0.5858585858585859,0.39869608826479436
2023-02-08,northeurope,VM,61,988,225,100.87,0.97,False,2,2,1,0,58.0,795.0,88.0,1724.0,75.0,1436.0,61.666666666666664,66.0,58.0,1068.0,1421.0,795.0,68.85714285714286,88.0,50.0,1229.0,1724.0,795.0,0.6161616161616161,0.4954864593781344
2023-02-09,northeurope,VM,86,1694,382,100.92,0.8,False,3,2,1,0,61.0,988.0,66.0,1421.0,81.0,1664.0,68.33333333333333,86.0,58.0,1159.0,1694.0,795.0,69.57142857142857,88.0,50.0,1233.2857142857142,1724.0,795.0,0.8686868686868687,0.8495486459378134
2023-02-10,northeurope,VM,79,1420,264,97.8,1.04,False,4,2,1,0,86.0,1694.0,58.0,795.0,50.0,812.0,75.33333333333333,86.0,61.0,1367.3333333333333,1694.0,988.0,73.71428571428571,88.0,58.0,1320.142857142857,1724.0,795.0,0.797979797979798,0.7121364092276831
2023-02-11,northeurope,VM,90,1252,458,114.78,0.95,True,5,2,1,1,79.0,1420.0,61.0,988.0,78.0,1199.0,85.0,90.0,79.0,1455.3333333333333,1694.0,1252.0,75.42857142857143,90.0,58.0,1327.7142857142858,1724.0,795.0,0.9090909090909091,0.6278836509528586
2023-02-12,northeurope,VM,61,669,208,91.92,0.95,True,6,2,1,1,90.0,1252.0,86.0,1694.0,88.0,1724.0,76.66666666666667,90.0,61.0,1113.6666666666667,1420.0,669.0,71.57142857142857,90.0,58.0,1177.0,1694.0,669.0,0.6161616161616161,0.33550651955867605
2023-02-13,northeurope,VM,73,1670,367,109.15,1.03,False,0,2,1,0,61.0,669.0,79.0,1420.0,66.0,1421.0,74.66666666666667,90.0,61.0,1197.0,1670.0,669.0,72.57142857142857,90.0,58.0,1212.5714285714287,1694.0,669.0,0.7373737373737373,0.8375125376128385
2023-02-14,northeurope,VM,95,1636,432,94.7,1.05,False,1,2,1,0,73.0,1670.0,90.0,1252.0,58.0,795.0,76.33333333333333,95.0,61.0,1325.0,1670.0,669.0,77.85714285714286,95.0,61.0,1332.7142857142858,1694.0,669.0,0.9595959595959596,0.8204613841524574
2023-02-15,northeurope,VM,96,784,403,100.97,1.1,False,2,2,1,0,95.0,1636.0,61.0,669.0,61.0,988.0,88.0,96.0,73.0,1363.3333333333333,1670.0,784.0,82.85714285714286,96.0,61.0,1303.5714285714287,1694.0,669.0,0.9696969696969697,0.39317953861584753
2023-02-16,northeurope,VM,77,1488,220,92.98,0.97,False,3,2,1,0,96.0,784.0,73.0,1670.0,86.0,1694.0,89.33333333333333,96.0,77.0,1302.6666666666667,1636.0,784.0,81.57142857142857,96.0,61.0,1274.142857142857,1670.0,669.0,0.7777777777777778,0.7462387161484454
2023-02-17,northeurope,VM,63,954,472,96.08,0.85,False,4,2,1,0,77.0,1488.0,95.0,1636.0,79.0,1420.0,78.66666666666667,96.0,63.0,1075.3333333333333,1488.0,784.0,79.28571428571429,96.0,61.0,1207.5714285714287,1670.0,669.0,0.6363636363636364,0.47843530591775324
2023-02-18,northeurope,VM,71,591,347,102.96,1.03,True,5,2,1,1,63.0,954.0,96.0,784.0,90.0,1252.0,70.33333333333333,77.0,63.0,1011.0,1488.0,591.0,76.57142857142857,96.0,61.0,1113.142857142857,1670.0,591.0,0.7171717171717171,0.29638916750250754
2023-02-19,northeurope,VM,96,750,206,100.05,0.98,True,6,2,1,1,71.0,591.0,77.0,1488.0,61.0,669.0,76.66666666666667,96.0,63.0,765.0,954.0,591.0,81.57142857142857,96.0,63.0,1124.7142857142858,1670.0,591.0,0.9696969696969697,0.37612838515546637
2023-02-20,northeurope,VM,71,1048,258,85.85,0.96,False,0,2,1,0,96.0,750.0,63.0,954.0,73.0,1670.0,79.33333333333333,96.0,71.0,796.3333333333334,1048.0,591.0,81.28571428571429,96.0,63.0,1035.857142857143,1636.0,591.0,0.7171717171717171,0.5255767301905717
2023-02-21,northeurope,VM,89,520,424,96.57,0.92,False,1,2,1,0,71.0,1048.0,71.0,591.0,95.0,1636.0,85.33333333333333,96.0,71.0,772.6666666666666,1048.0,520.0,80.42857142857143,96.0,63.0,876.4285714285714,1488.0,520.0,0.898989898989899,0.26078234704112335
2023-02-22,northeurope,VM,94,1418,486,98.39,1.04,False,2,2,1,0,89.0,520.0,96.0,750.0,96.0,784.0,84.66666666666667,94.0,71.0,995.3333333333334,1418.0,520.0,80.14285714285714,96.0,63.0,967.0,1488.0,520.0,0.9494949494949495,0.7111334002006018
2023-02-23,northeurope,VM,58,1010,492,118.86,1.02,False,3,2,1,0,94.0,1418.0,71.0,1048.0,77.0,1488.0,80.33333333333333,94.0,58.0,982.6666666666666,1418.0,520.0,77.42857142857143,96.0,58.0,898.7142857142857,1418.0,520.0,0.5858585858585859,0.506519558676028
2023-02-24,northeurope,VM,94,807,433,102.58,0.99,False,4,2,1,0,58.0,1010.0,89.0,520.0,63.0,954.0,82.0,94.0,58.0,1078.3333333333333,1418.0,807.0,81.85714285714286,96.0,58.0,877.7142857142857,1418.0,520.0,0.9494949494949495,0.4047141424272818
2023-02-25,northeurope,VM,55,1074,272,80.81,1.0,True,5,2,1,1,94.0,807.0,94.0,1418.0,71.0,591.0,69.0,94.0,55.0,963.6666666666666,1074.0,807.0,79.57142857142857,96.0,55.0,946.7142857142857,1418.0,520.0,0.5555555555555556,0.5386158475426279
2023-02-26,northeurope,VM,98,790,301,100.6,1.25,True,6,2,1,1,55.0,1074.0,58.0,1010.0,96.0,750.0,82.33333333333333,98.0,55.0,890.3333333333334,1074.0,790.0,79.85714285714286,98.0,55.0,952.4285714285714,1418.0,520.0,0.98989898989899,0.39618856569709127
2023-02-27,northeurope,VM,53,1288,340,98.08,1.03,False,0,2,1,0,98.0,790.0,94.0,807.0,71.0,1048.0,68.66666666666667,98.0,53.0,1050.6666666666667,1288.0,790.0,77.28571428571429,98.0,53.0,986.7142857142857,1418.0,520.0,0.5353535353535354,0.645937813440321
2023-02-28,northeurope,VM,85,1607,462,99.65,0.88,False,1,2,1,0,53.0,1288.0,55.0,1074.0,89.0,520.0,78.66666666666667,98.0,53.0,1228.3333333333333,1607.0,790.0,76.71428571428571,98.0,53.0,1142.0,1607.0,790.0,0.8585858585858586,0.8059177532597793
2023-03-01,northeurope,VM,68,1492,441,111.43,1.08,False,2,3,1,0,85.0,1607.0,98.0,790.0,94.0,1418.0,68.66666666666667,85.0,53.0,1462.3333333333333,1607.0,1288.0,73.0,98.0,53.0,1152.5714285714287,1607.0,790.0,0.6868686868686869,0.7482447342026078
2023-03-02,northeurope,VM,91,787,366,107.91,0.91,False,3,3,1,0,68.0,1492.0,53.0,1288.0,58.0,1010.0,81.33333333333333,91.0,68.0,1295.3333333333333,1607.0,787.0,77.71428571428571,98.0,53.0,1120.7142857142858,1607.0,787.0,0.9191919191919192,0.3946840521564694
2023-03-03,northeurope,VM,83,1994,485,114.03,0.86,False,4,3,1,0,91.0,787.0,85.0,1607.0,94.0,807.0,80.66666666666667,91.0,68.0,1424.3333333333333,1994.0,787.0,76.14285714285714,98.0,53.0,1290.2857142857142,1994.0,787.0,0.8383838383838383,1.0
2023-03-04,northeurope,VM,81,1684,471,105.87,1.22,True,5,3,1,1,83.0,1994.0,68.0,1492.0,55.0,1074.0,85.0,91.0,81.0,1488.3333333333333,1994.0,787.0,79.85714285714286,98.0,53.0,1377.4285714285713,1994.0,787.0,0.8181818181818182,0.8445336008024072
2023-03-05,northeurope,VM,79,1739,357,90.09,0.94,True,6,3,1,1,81.0,1684.0,91.0,787.0,98.0,790.0,81.0,83.0,79.0,1805.6666666666667,1994.0,1684.0,77.14285714285714,91.0,53.0,1513.0,1994.0,787.0,0.797979797979798,0.8721163490471414
2023-03-06,northeurope,VM,62,1640,224,101.0,0.95,False,0,3,1,0,79.0,1739.0,83.0,1994.0,53.0,1288.0,74.0,81.0,62.0,1687.6666666666667,1739.0,1640.0,78.42857142857143,91.0,62.0,1563.2857142857142,1994.0,787.0,0.6262626262626263,0.8224674022066198
2023-03-07,northeurope,VM,58,1679,389,84.49,1.01,False,1,3,1,0,62.0,1640.0,81.0,1684.0,85.0,1607.0,66.33333333333333,79.0,58.0,1686.0,1739.0,1640.0,74.57142857142857,91.0,58.0,1573.5714285714287,1994.0,787.0,0.5858585858585859,0.8420260782347041
2023-03-08,northeurope,VM,87,1160,337,89.38,1.05,False,2,3,1,0,58.0,1679.0,79.0,1739.0,68.0,1492.0,69.0,87.0,58.0,1493.0,1679.0,1160.0,77.28571428571429,91.0,58.0,1526.142857142857,1994.0,787.0,0.8787878787878788,0.5817452357071213
2023-03-09,northeurope,VM,90,691,216,90.81,1.15,False,3,3,1,0,87.0,1160.0,62.0,1640.0,91.0,787.0,78.33333333333333,90.0,58.0,1176.6666666666667,1679.0,691.0,77.14285714285714,90.0,58.0,1512.4285714285713,1994.0,691.0,0.9090909090909091,0.3465396188565697
2023-03-10,northeurope,VM,73,1163,216,92.17,0.97,False,4,3,1,0,90.0,691.0,58.0,1679.0,83.0,1994.0,83.33333333333333,90.0,73.0,1004.6666666666666,1163.0,691.0,75.71428571428571,90.0,58.0,1393.7142857142858,1739.0,691.0,0.7373737373737373,0.5832497492477432
2023-03-11,northeurope,VM,99,648,363,108.14,0.88,True,5,3,1,1,73.0,1163.0,87.0,1160.0,81.0,1684.0,87.33333333333333,99.0,73.0,834.0,1163.0,648.0,78.28571428571429,99.0,58.0,1245.7142857142858,1739.0,648.0,1.0,0.324974924774323
2023-03-12,northeurope,VM,90,1442,217,102.27,1.13,True,6,3,1,1,99.0,648.0,90.0,691.0,79.0,1739.0,87.33333333333333,99.0,73.0,1084.3333333333333,1442.0,648.0,79.85714285714286,99.0,58.0,1203.2857142857142,1679.0,648.0,0.9090909090909091,0.7231695085255767
2023-03-13,northeurope,VM,82,1195,202,83.93,1.02,False,0,3,1,0,90.0,1442.0,73.0,1163.0,62.0,1640.0,90.33333333333333,99.0,82.0,1095.0,1442.0,648.0,82.71428571428571,99.0,58.0,1139.7142857142858,1679.0,648.0,0.8282828282828283,0.5992978936810431
2023-03-14,northeurope,VM,91,1101,253,102.6,1.08,False,1,3,1,0,82.0,1195.0,99.0,648.0,58.0,1679.0,87.66666666666667,91.0,82.0,1246.0,1442.0,1101.0,87.42857142857143,99.0,73.0,1057.142857142857,1442.0,648.0,0.9191919191919192,0.5521564694082247
2023-03-15,northeurope,VM,53,1265,223,87.63,0.87,False,2,3,1,0,91.0,1101.0,90.0,1442.0,87.0,1160.0,75.33333333333333,91.0,53.0,1187.0,1265.0,1101.0,82.57142857142857,99.0,53.0,1072.142857142857,1442.0,648.0,0.5353535353535354,0.6344032096288866
2023-03-16,northeurope,VM,53,1159,439,105.22,1.03,False,3,3,1,0,53.0,1265.0,82.0,1195.0,90.0,691.0,65.66666666666667,91.0,53.0,1175.0,1265.0,1101.0,77.28571428571429,99.0,53.0,1139.0,1442.0,648.0,0.5353535353535354,0.5812437311935807
2023-03-17,northeurope,VM,75,1783,325,102.5,1.03,False,4,3,1,0,53.0,1159.0,91.0,1101.0,73.0,1163.0,60.333333333333336,75.0,53.0,1402.3333333333333,1783.0,1159.0,77.57142857142857,99.0,53.0,1227.5714285714287,1783.0,648.0,0.7575757575757576,0.8941825476429288
2023-03-18,northeurope,VM,92,1095,449,93.2,1.02,True,5,3,1,1,75.0,1783.0,53.0,1265.0,99.0,648.0,73.33333333333333,92.0,53.0,1345.6666666666667,1783.0,1095.0,76.57142857142857,92.0,53.0,1291.4285714285713,1783.0,1095.0,0.9292929292929293,0.549147442326981
2023-03-19,northeurope,VM,82,1092,351,102.93,0.93,True,6,3,1,1,92.0,1095.0,53.0,1159.0,90.0,1442.0,83.0,92.0,75.0,1323.3333333333333,1783.0,1092.0,75.42857142857143,92.0,53.0,1241.4285714285713,1783.0,1092.0,0.8282828282828283,0.5476429287863591
2023-03-20,northeurope,VM,98,1459,231,118.66,1.05,False,0,3,1,0,82.0,1092.0,75.0,1783.0,82.0,1195.0,90.66666666666667,98.0,82.0,1215.3333333333333,1459.0,1092.0,77.71428571428571,98.0,53.0,1279.142857142857,1783.0,1092.0,0.98989898989899,0.7316950852557673
2023-03-21,northeurope,VM,92,1208,466,88.09,1.07,False,1,3,1,0,98.0,1459.0,92.0,1095.0,91.0,1101.0,90.66666666666667,98.0,82.0,1253.0,1459.0,1092.0,77.85714285714286,98.0,53.0,1294.4285714285713,1783.0,1092.0,0.9292929292929293,0.6058174523570712
2023-03-22,northeurope,VM,68,1043,336,90.25,1.08,False,2,3,1,0,92.0,1208.0,82.0,1092.0,53.0,1265.0,86.0,98.0,68.0,1236.6666666666667,1459.0,1043.0,80.0,98.0,53.0,1262.7142857142858,1783.0,1043.0,0.6868686868686869,0.5230692076228686
2023-03-23,northeurope,VM,61,975,485,111.59,0.92,False,3,3,1,0,68.0,1043.0,98.0,1459.0,53.0,1159.0,73.66666666666667,92.0,61.0,1075.3333333333333,1208.0,975.0,81.14285714285714,98.0,61.0,1236.4285714285713,1783.0,975.0,0.6161616161616161,0.4889669007021063
2023-03-24,northeurope,VM,57,1354,327,109.63,1.04,False,4,3,1,0,61.0,975.0,92.0,1208.0,75.0,1783.0,62.0,68.0,57.0,1124.0,1354.0,975.0,78.57142857142857,98.0,57.0,1175.142857142857,1459.0,975.0,0.5757575757575758,0.679037111334002
2023-03-25,northeurope,VM,68,1095,480,108.22,1.19,True,5,3,1,1,57.0,1354.0,68.0,1043.0,92.0,1095.0,62.0,68.0,57.0,1141.3333333333333,1354.0,975.0,75.14285714285714,98.0,57.0,1175.142857142857,1459.0,975.0,0.6868686868686869,0.549147442326981
2023-03-26,northeurope,VM,90,833,421,97.55,0.92,True,6,3,1,1,68.0,1095.0,61.0,975.0,82.0,1092.0,71.66666666666667,90.0,57.0,1094.0,1354.0,833.0,76.28571428571429,98.0,57.0,1138.142857142857,1459.0,833.0,0.9090909090909091,0.417753259779338
2023-03-27,northeurope,VM,94,842,275,91.1,0.92,False,0,3,1,0,90.0,833.0,57.0,1354.0,98.0,1459.0,84.0,94.0,68.0,923.3333333333334,1095.0,833.0,75.71428571428571,94.0,57.0,1050.0,1354.0,833.0,0.9494949494949495,0.4222668004012036
2023-03-28,northeurope,VM,57,1990,292,99.23,1.03,False,1,3,1,0,94.0,842.0,68.0,1095.0,92.0,1208.0,80.33333333333333,94.0,57.0,1221.6666666666667,1990.0,833.0,70.71428571428571,94.0,57.0,1161.7142857142858,1990.0,833.0,0.5757575757575758,0.9979939819458375
2023-03-29,northeurope,VM,88,682,240,102.77,1.08,False,2,3,1,0,57.0,1990.0,90.0,833.0,68.0,1043.0,79.66666666666667,94.0,57.0,1171.3333333333333,1990.0,682.0,73.57142857142857,94.0,57.0,1110.142857142857,1990.0,682.0,0.8888888888888888,0.3420260782347041
2023-03-30,northeurope,VM,98,1349,345,100.13,1.15,False,3,3,1,0,88.0,682.0,94.0,842.0,61.0,975.0,81.0,98.0,57.0,1340.3333333333333,1990.0,682.0,78.85714285714286,98.0,57.0,1163.5714285714287,1990.0,682.0,0.98989898989899,0.6765295887662989
2023-03-31,northeurope,VM,51,1604,467,97.35,1.27,False,4,3,1,0,98.0,1349.0,57.0,1990.0,57.0,1354.0,79.0,98.0,51.0,1211.6666666666667,1604.0,682.0,78.0,98.0,51.0,1199.2857142857142,1990.0,682.0,0.5151515151515151,0.8044132397191575
2023-01-01,southeastasia,Container,77,1199,470,104.97,0.99,True,6,1,1,1,,,,,,,,,,,,,,,,,,,0.7777777777777778,0.6028154851684263
2023-01-02,southeastasia,Container,53,1202,417,106.48,1.15,False,0,1,1,0,77.0,1199.0,,,,,,,,,,,,,,,,,0.5353535353535354,0.604323780794369
2023-01-03,southeastasia,Container,84,788,460,97.66,0.98,False,1,1,1,0,53.0,1202.0,,,,,71.33333333333333,84.0,53.0,1063.0,1202.0,788.0,,,,,,,0.8484848484848485,0.3961789844142785
2023-01-04,southeastasia,Container,81,1242,440,115.79,1.08,False,2,1,1,0,84.0,788.0,77.0,1199.0,,,72.66666666666667,84.0,53.0,1077.3333333333333,1242.0,788.0,,,,,,,0.8181818181818182,0.6244343891402715
2023-01-05,southeastasia,Container,57,1934,336,95.31,1.05,False,3,1,1,0,81.0,1242.0,53.0,1202.0,,,74.0,84.0,57.0,1321.3333333333333,1934.0,788.0,,,,,,,0.5757575757575758,0.9723479135243841
2023-01-06,southeastasia,Container,53,1962,402,95.37,0.95,False,4,1,1,0,57.0,1934.0,84.0,788.0,,,63.666666666666664,81.0,53.0,1712.6666666666667,1962.0,1242.0,,,,,,,0.5353535353535354,0.9864253393665159
2023-01-07,southeastasia,Container,56,643,311,102.42,0.81,True,5,1,1,1,53.0,1962.0,81.0,1242.0,,,55.333333333333336,57.0,53.0,1513.0,1962.0,643.0,65.85714285714286,84.0,53.0,1281.4285714285713,1962.0,643.0,0.5656565656565656,0.3232780291603821
2023-01-08,southeastasia,Container,84,1456,368,82.75,0.94,True,6,1,1,1,56.0,643.0,57.0,1934.0,77.0,1199.0,64.33333333333333,84.0,53.0,1353.6666666666667,1962.0,643.0,66.85714285714286,84.0,53.0,1318.142857142857,1962.0,643.0,0.8484848484848485,0.7320261437908496
2023-01-09,southeastasia,Container,98,516,371,89.87,1.03,False,0,1,1,0,84.0,1456.0,53.0,1962.0,53.0,1202.0,79.33333333333333,98.0,56.0,871.6666666666666,1456.0,516.0,73.28571428571429,98.0,53.0,1220.142857142857,1962.0,516.0,0.98989898989899,0.2594268476621418
2023-01-10,southeastasia,Container,89,1916,498,90.92,0.86,False,1,1,1,0,98.0,516.0,56.0,643.0,84.0,788.0,90.33333333333333,98.0,84.0,1296.0,1916.0,516.0,74.0,98.0,53.0,1381.2857142857142,1962.0,516.0,0.898989898989899,0.963298139768728
2023-01-11,southeastasia,Container,91,1337,470,114.66,0.98,False,2,1,1,0,89.0,1916.0,84.0,1456.0,81.0,1242.0,92.66666666666667,98.0,89.0,1256.3333333333333,1916.0,516.0,75.42857142857143,98.0,53.0,1394.857142857143,1962.0,516.0,0.9191919191919192,0.6721970839617899
2023-01-12,southeastasia,Container,97,987,436,100.68,0.86,False,3,1,1,0,91.0,1337.0,98.0,516.0,57.0,1934.0,92.33333333333333,97.0,89.0,1413.3333333333333,1916.0,987.0,81.14285714285714,98.0,53.0,1259.5714285714287,1962.0,516.0,0.9797979797979798,0.4962292609351433
2023-01-13,southeastasia,Container,59,1623,489,94.56,1.01,False,4,1,1,0,97.0,987.0,89.0,1916.0,53.0,1962.0,82.33333333333333,97.0,59.0,1315.6666666666667,1623.0,987.0,82.0,98.0,56.0,1211.142857142857,1916.0,516.0,0.5959595959595959,0.8159879336349924
2023-01-14,southeastasia,Container,99,534,414,88.49,1.04,True,5,1,1,1,59.0,1623.0,91.0,1337.0,56.0,643.0,85.0,99.0,59.0,1048.0,1623.0,534.0,88.14285714285714,99.0,59.0,1195.5714285714287,1916.0,516.0,1.0,0.2684766214177979
2023-01-15,southeastasia,Container,98,778,416,93.99,0.97,True,6,1,1,1,99.0,534.0,97.0,987.0,84.0,1456.0,85.33333333333333,99.0,59.0,978.3333333333334,1623.0,534.0,90.14285714285714,99.0,59.0,1098.7142857142858,1916.0,516.0,0.98989898989899,0.3911513323278029
2023-01-16,southeastasia,Container,91,1709,422,93.98,1.19,False,0,1,1,0,98.0,778.0,59.0,1623.0,98.0,516.0,96.0,99.0,91.0,1007.0,1709.0,534.0,89.14285714285714,99.0,59.0,1269.142857142857,1916.0,534.0,0.9191919191919192,0.8592257415786827
2023-01-17,southeastasia,Container,80,944,381,99.87,0.89,False,1,1,1,0,91.0,1709.0,99.0,534.0,89.0,1916.0,89.66666666666667,98.0,80.0,1143.6666666666667,1709.0,778.0,87.85714285714286,99.0,59.0,1130.2857142857142,1709.0,534.0,0.8080808080808081,0.4746103569632981
2023-01-18,southeastasia,Container,86,1750,346,108.23,0.88,False,2,1,1,0,80.0,944.0,98.0,778.0,91.0,1337.0,85.66666666666667,91.0,80.0,1467.6666666666667,1750.0,944.0,87.14285714285714,99.0,59.0,1189.2857142857142,1750.0,534.0,0.8686868686868687,0.8798391151332328
2023-01-19,southeastasia,Container,62,1231,439,102.09,0.8,False,3,1,1,0,86.0,1750.0,91.0,1709.0,97.0,987.0,76.0,86.0,62.0,1308.3333333333333,1750.0,944.0,82.14285714285714,99.0,59.0,1224.142857142857,1750.0,534.0,0.6262626262626263,0.6189039718451483
2023-01-20,southeastasia,Container,77,1208,332,86.72,1.02,False,4,1,1,0,62.0,1231.0,80.0,944.0,59.0,1623.0,75.0,86.0,62.0,1396.3333333333333,1750.0,1208.0,84.71428571428571,99.0,62.0,1164.857142857143,1750.0,534.0,0.7777777777777778,0.6073403720462544
2023-01-21,southeastasia,Container,54,1489,421,107.38,1.02,True,5,1,1,1,77.0,1208.0,86.0,1750.0,99.0,534.0,64.33333333333333,77.0,54.0,1309.3333333333333,1489.0,1208.0,78.28571428571429,98.0,54.0,1301.2857142857142,1750.0,778.0,0.5454545454545454,0.7486173956762192
2023-01-22,southeastasia,Container,69,1483,268,98.84,0.97,True,6,1,1,1,54.0,1489.0,62.0,1231.0,98.0,778.0,66.66666666666667,77.0,54.0,1393.3333333333333,1489.0,1208.0,74.14285714285714,91.0,54.0,1402.0,1750.0,944.0,0.696969696969697,0.7456008044243339
2023-01-23,southeastasia,Container,54,732,211,85.21,0.93,False,0,1,1,0,69.0,1483.0,77.0,1208.0,91.0,1709.0,59.0,69.0,54.0,1234.6666666666667,1489.0,732.0,68.85714285714286,86.0,54.0,1262.4285714285713,1750.0,732.0,0.5454545454545454,0.3680241327300151
2023-01-24,southeastasia,Container,51,864,353,95.39,1.11,False,1,1,1,0,54.0,732.0,54.0,1489.0,80.0,944.0,58.0,69.0,51.0,1026.3333333333333,1483.0,732.0,64.71428571428571,86.0,51.0,1251.0,1750.0,732.0,0.5151515151515151,0.4343891402714932
2023-01-25,southeastasia,Container,96,727,310,103.44,0.82,False,2,1,1,0,51.0,864.0,69.0,1483.0,86.0,1750.0,67.0,96.0,51.0,774.3333333333334,864.0,727.0,66.14285714285714,96.0,51.0,1104.857142857143,1489.0,727.0,0.9696969696969697,0.36551030668677725
2023-01-26,southeastasia,Container,73,1746,205,103.24,0.96,False,3,1,1,0,96.0,727.0,54.0,732.0,62.0,1231.0,73.33333333333333,96.0,51.0,1112.3333333333333,1746.0,727.0,67.71428571428571,96.0,51.0,1178.4285714285713,1746.0,727.0,0.7373737373737373,0.8778280542986425
2023-01-27,southeastasia,Container,82,1401,377,93.23,1.06,False,4,1,1,0,73.0,1746.0,51.0,864.0,77.0,1208.0,83.66666666666667,96.0,73.0,1291.3333333333333,1746.0,727.0,68.42857142857143,96.0,51.0,1206.0,1746.0,727.0,0.8282828282828283,0.7043740573152338
2023-01-28,southeastasia,Container,70,1688,204,110.31,1.09,True,5,1,1,1,82.0,1401.0,96.0,727.0,54.0,1489.0,75.0,82.0,70.0,1611.6666666666667,1746.0,1401.0,70.71428571428571,96.0,51.0,1234.4285714285713,1746.0,727.0,0.7070707070707071,0.8486676721970839
2023-01-29,southeastasia,Container,96,1812,430,91.61,0.97,True,6,1,1,1,70.0,1688.0,73.0,1746.0,69.0,1483.0,82.66666666666667,96.0,70.0,1633.6666666666667,1812.0,1401.0,74.57142857142857,96.0,51.0,1281.4285714285713,1812.0,727.0,0.9696969696969697,0.9110105580693816
2023-01-30,southeastasia,Container,85,1815,481,103.31,1.1,False,0,1,1,0,96.0,1812.0,82.0,1401.0,54.0,732.0,83.66666666666667,96.0,70.0,1771.6666666666667,1815.0,1688.0,79.0,96.0,51.0,1436.142857142857,1815.0,727.0,0.8585858585858586,0.9125188536953243
2023-01-31,southeastasia,Container,58,1513,250,95.21,0.98,False,1,1,1,0,85.0,1815.0,70.0,1688.0,51.0,864.0,79.66666666666667,96.0,58.0,1713.3333333333333,1815.0,1513.0,80.0,96.0,58.0,1528.857142857143,1815.0,727.0,0.5858585858585859,0.7606837606837606
2023-02-01,southeastasia,Container,55,1684,376,88.94,0.88,False,2,2,1,0,58.0,1513.0,96.0,1812.0,96.0,727.0,66.0,85.0,55.0,1670.6666666666667,1815.0,1513.0,74.14285714285714,96.0,55.0,1665.5714285714287,1815.0,1401.0,0.5555555555555556,0.8466566113624937
2023-02-02,southeastasia,Container,96,1509,393,108.13,1.14,False,3,2,1,0,55.0,1684.0,85.0,1815.0,73.0,1746.0,69.66666666666667,96.0,55.0,1568.6666666666667,1684.0,1509.0,77.42857142857143,96.0,55.0,1631.7142857142858,1815.0,1401.0,0.9696969696969697,0.7586726998491704
2023-02-03,southeastasia,Container,83,595,287,99.28,1.1,False,4,2,1,0,96.0,1509.0,58.0,1513.0,82.0,1401.0,78.0,96.0,55.0,1262.6666666666667,1684.0,595.0,77.57142857142857,96.0,55.0,1516.5714285714287,1815.0,595.0,0.8383838383838383,0.29914529914529914
2023-02-04,southeastasia,Container,79,1404,425,103.62,0.94,True,5,2,1,1,83.0,595.0,55.0,1684.0,70.0,1688.0,86.0,96.0,79.0,1169.3333333333333,1509.0,595.0,78.85714285714286,96.0,55.0,1476.0,1815.0,595.0,0.797979797979798,0.7058823529411765
2023-02-05,southeastasia,Container,70,541,240,103.61,1.15,True,6,2,1,1,79.0,1404.0,96.0,1509.0,96.0,1812.0,77.33333333333333,83.0,70.0,846.6666666666666,1404.0,541.0,75.14285714285714,96.0,55.0,1294.4285714285713,1815.0,541.0,0.7070707070707071,0.2719959778783308
2023-02-06,southeastasia,Container,98,686,494,99.64,1.16,False,0,2,1,0,70.0,541.0,83.0,595.0,85.0,1815.0,82.33333333333333,98.0,70.0,877.0,1404.0,541.0,77.0,98.0,55.0,1133.142857142857,1684.0,541.0,0.98989898989899,0.34489693313222725
2023-02-07,southeastasia,Container,83,1023,474,73.8,1.08,False,1,2,1,0,98.0,686.0,79.0,1404.0,58.0,1513.0,83.66666666666667,98.0,70.0,750.0,1023.0,541.0,80.57142857142857,98.0,55.0,1063.142857142857,1684.0,541.0,0.8383838383838383,0.5143288084464555
2023-02-08,southeastasia,Container,56,636,375,100.87,0.97,False,2,2,1,0,83.0,1023.0,70.0,541.0,55.0,1684.0,79.0,98.0,56.0,781.6666666666666,1023.0,636.0,80.71428571428571,98.0,56.0,913.4285714285714,1509.0,541.0,0.5656565656565656,0.31975867269984914
2023-02-09,southeastasia,Container,51,810,426,100.92,0.8,False,3,2,1,0,56.0,636.0,98.0,686.0,96.0,1509.0,63.333333333333336,83.0,51.0,823.0,1023.0,636.0,74.28571428571429,98.0,51.0,813.5714285714286,1404.0,541.0,0.5151515151515151,0.4072398190045249
2023-02-10,southeastasia,Container,86,560,397,97.8,1.04,False,4,2,1,0,51.0,810.0,83.0,1023.0,83.0,595.0,64.33333333333333,86.0,51.0,668.6666666666666,810.0,560.0,74.71428571428571,98.0,51.0,808.5714285714286,1404.0,541.0,0.8686868686868687,0.2815485168426345
2023-02-11,southeastasia,Container,67,561,344,114.78,0.95,True,5,2,1,1,86.0,560.0,56.0,636.0,79.0,1404.0,68.0,86.0,51.0,643.6666666666666,810.0,560.0,73.0,98.0,51.0,688.1428571428571,1023.0,541.0,0.6767676767676768,0.28205128205128205
2023-02-12,southeastasia,Container,75,1413,236,91.92,0.95,True,6,2,1,1,67.0,561.0,51.0,810.0,70.0,541.0,76.0,86.0,67.0,844.6666666666666,1413.0,560.0,73.71428571428571,98.0,51.0,812.7142857142857,1413.0,560.0,0.7575757575757576,0.7104072398190046
2023-02-13,southeastasia,Container,56,632,434,109.15,1.03,False,0,2,1,0,75.0,1413.0,86.0,560.0,98.0,686.0,66.0,75.0,56.0,868.6666666666666,1413.0,561.0,67.71428571428571,86.0,51.0,805.0,1413.0,560.0,0.5656565656565656,0.3177476118652589
2023-02-14,southeastasia,Container,64,1745,236,94.7,1.05,False,1,2,1,0,56.0,632.0,67.0,561.0,83.0,1023.0,65.0,75.0,56.0,1263.3333333333333,1745.0,632.0,65.0,86.0,51.0,908.1428571428571,1745.0,560.0,0.6464646464646465,0.877325289089995
2023-02-15,southeastasia,Container,72,1953,425,100.97,1.1,False,2,2,1,0,64.0,1745.0,75.0,1413.0,56.0,636.0,64.0,72.0,56.0,1443.3333333333333,1953.0,632.0,67.28571428571429,86.0,51.0,1096.2857142857142,1953.0,560.0,0.7272727272727273,0.9819004524886877
2023-02-16,southeastasia,Container,61,1794,407,92.98,0.97,False,3,2,1,0,72.0,1953.0,56.0,632.0,51.0,810.0,65.66666666666667,72.0,61.0,1830.6666666666667,1953.0,1745.0,68.71428571428571,86.0,56.0,1236.857142857143,1953.0,560.0,0.6161616161616161,0.9019607843137255
2023-02-17,southeastasia,Container,66,571,476,96.08,0.85,False,4,2,1,0,61.0,1794.0,64.0,1745.0,86.0,560.0,66.33333333333333,72.0,61.0,1439.3333333333333,1953.0,571.0,65.85714285714286,75.0,56.0,1238.4285714285713,1953.0,561.0,0.6666666666666666,0.28707893413775765
2023-02-18,southeastasia,Container,51,1689,289,102.96,1.03,True,5,2,1,1,66.0,571.0,72.0,1953.0,67.0,561.0,59.333333333333336,66.0,51.0,1351.3333333333333,1794.0,571.0,63.57142857142857,75.0,51.0,1399.5714285714287,1953.0,571.0,0.5151515151515151,0.8491704374057315
2023-02-19,southeastasia,Container,60,1477,211,100.05,0.98,True,6,2,1,1,51.0,1689.0,61.0,1794.0,75.0,1413.0,59.0,66.0,51.0,1245.6666666666667,1689.0,571.0,61.42857142857143,72.0,51.0,1408.7142857142858,1953.0,571.0,0.6060606060606061,0.7425842131724485
2023-02-20,southeastasia,Container,69,1304,203,85.85,0.96,False,0,2,1,0,60.0,1477.0,66.0,571.0,56.0,632.0,60.0,69.0,51.0,1490.0,1689.0,1304.0,63.285714285714285,72.0,51.0,1504.7142857142858,1953.0,571.0,0.696969696969697,0.6556058320764203
2023-02-21,southeastasia,Container,54,1504,240,96.57,0.92,False,1,2,1,0,69.0,1304.0,51.0,1689.0,64.0,1745.0,61.0,69.0,54.0,1428.3333333333333,1504.0,1304.0,61.857142857142854,72.0,51.0,1470.2857142857142,1953.0,571.0,0.5454545454545454,0.7561588738059326
2023-02-22,southeastasia,Container,92,1471,200,98.39,1.04,False,2,2,1,0,54.0,1504.0,60.0,1477.0,72.0,1953.0,71.66666666666667,92.0,54.0,1426.3333333333333,1504.0,1304.0,64.71428571428571,92.0,51.0,1401.4285714285713,1794.0,571.0,0.9292929292929293,0.7395676219205631
2023-02-23,southeastasia,Container,63,1535,475,118.86,1.02,False,3,2,1,0,92.0,1471.0,69.0,1304.0,61.0,1794.0,69.66666666666667,92.0,54.0,1503.3333333333333,1535.0,1471.0,65.0,92.0,51.0,1364.4285714285713,1689.0,571.0,0.6363636363636364,0.7717445952740071
2023-02-24,southeastasia,Container,75,926,313,102.58,0.99,False,4,2,1,0,63.0,1535.0,54.0,1504.0,66.0,571.0,76.66666666666667,92.0,63.0,1310.6666666666667,1535.0,926.0,66.28571428571429,92.0,51.0,1415.142857142857,1689.0,926.0,0.7575757575757576,0.46556058320764204
2023-02-25,southeastasia,Container,87,518,281,80.81,1.0,True,5,2,1,1,75.0,926.0,92.0,1471.0,51.0,1689.0,75.0,87.0,63.0,993.0,1535.0,518.0,71.42857142857143,92.0,54.0,1247.857142857143,1535.0,518.0,0.8787878787878788,0.2604323780794369
2023-02-26,southeastasia,Container,78,1677,352,100.6,1.25,True,6,2,1,1,87.0,518.0,63.0,1535.0,60.0,1477.0,80.0,87.0,75.0,1040.3333333333333,1677.0,518.0,74.0,92.0,54.0,1276.4285714285713,1677.0,518.0,0.7878787878787878,0.8431372549019608
2023-02-27,southeastasia,Container,85,1169,345,98.08,1.03,False,0,2,1,0,78.0,1677.0,75.0,926.0,69.0,1304.0,83.33333333333333,87.0,78.0,1121.3333333333333,1677.0,518.0,76.28571428571429,92.0,54.0,1257.142857142857,1677.0,518.0,0.8585858585858586,0.5877325289089995
2023-02-28,southeastasia,Container,58,509,320,99.65,0.88,False,1,2,1,0,85.0,1169.0,87.0,518.0,54.0,1504.0,73.66666666666667,85.0,58.0,1118.3333333333333,1677.0,509.0,76.85714285714286,92.0,58.0,1115.0,1677.0,509.0,0.5858585858585859,0.2559074912016088
2023-03-01,southeastasia,Container,64,918,359,111.43,1.08,False,2,3,1,0,58.0,509.0,78.0,1677.0,92.0,1471.0,69.0,85.0,58.0,865.3333333333334,1169.0,509.0,72.85714285714286,87.0,58.0,1036.0,1677.0,509.0,0.6464646464646465,0.46153846153846156
2023-03-02,southeastasia,Container,62,1060,329,107.91,0.91,False,3,3,1,0,64.0,918.0,85.0,1169.0,63.0,1535.0,61.333333333333336,64.0,58.0,829.0,1060.0,509.0,72.71428571428571,87.0,58.0,968.1428571428571,1677.0,509.0,0.6262626262626263,0.5329311211664153
2023-03-03,southeastasia,Container,65,1535,344,114.03,0.86,False,4,3,1,0,62.0,1060.0,58.0,509.0,75.0,926.0,63.666666666666664,65.0,62.0,1171.0,1535.0,918.0,71.28571428571429,87.0,58.0,1055.142857142857,1677.0,509.0,0.6565656565656566,0.7717445952740071
2023-03-04,southeastasia,Container,76,1260,379,105.87,1.22,True,5,3,1,1,65.0,1535.0,64.0,918.0,87.0,518.0,67.66666666666667,76.0,62.0,1285.0,1535.0,1060.0,69.71428571428571,85.0,58.0,1161.142857142857,1677.0,509.0,0.7676767676767676,0.6334841628959276
2023-03-05,southeastasia,Container,84,1989,405,90.09,0.94,True,6,3,1,1,76.0,1260.0,62.0,1060.0,78.0,1677.0,75.0,84.0,65.0,1594.6666666666667,1989.0,1260.0,70.57142857142857,85.0,58.0,1205.7142857142858,1989.0,509.0,0.8484848484848485,1.0
2023-03-06,southeastasia,Container,78,542,453,101.0,0.95,False,0,3,1,0,84.0,1989.0,65.0,1535.0,85.0,1169.0,79.33333333333333,84.0,76.0,1263.6666666666667,1989.0,542.0,69.57142857142857,84.0,58.0,1116.142857142857,1989.0,509.0,0.7878787878787878,0.27249874308697836
2023-03-07,southeastasia,Container,88,1903,420,84.49,1.01,False,1,3,1,0,78.0,542.0,76.0,1260.0,58.0,509.0,83.33333333333333,88.0,78.0,1478.0,1989.0,542.0,73.85714285714286,88.0,62.0,1315.2857142857142,1989.0,542.0,0.8888888888888888,0.9567621920563097
2023-03-08,southeastasia,Container,85,964,387,89.38,1.05,False,2,3,1,0,88.0,1903.0,84.0,1989.0,64.0,918.0,83.66666666666667,88.0,78.0,1136.3333333333333,1903.0,542.0,76.85714285714286,88.0,62.0,1321.857142857143,1989.0,542.0,0.8585858585858586,0.48466566113624937
2023-03-09,southeastasia,Container,77,1214,446,90.81,1.15,False,3,3,1,0,85.0,964.0,78.0,542.0,62.0,1060.0,83.33333333333333,88.0,77.0,1360.3333333333333,1903.0,964.0,79.0,88.0,65.0,1343.857142857143,1989.0,542.0,0.7777777777777778,0.6103569632981398
2023-03-10,southeastasia,Container,92,941,460,92.17,0.97,False,4,3,1,0,77.0,1214.0,88.0,1903.0,65.0,1535.0,84.66666666666667,92.0,77.0,1039.6666666666667,1214.0,941.0,82.85714285714286,92.0,76.0,1259.0,1989.0,542.0,0.9292929292929293,0.47310206133735544
2023-03-11,southeastasia,Container,66,1435,382,108.14,0.88,True,5,3,1,1,92.0,941.0,85.0,964.0,76.0,1260.0,78.33333333333333,92.0,66.0,1196.6666666666667,1435.0,941.0,81.42857142857143,92.0,66.0,1284.0,1989.0,542.0,0.6666666666666666,0.7214680744092509
2023-03-12,southeastasia,Container,71,1161,434,102.27,1.13,True,6,3,1,1,66.0,1435.0,77.0,1214.0,84.0,1989.0,76.33333333333333,92.0,66.0,1179.0,1435.0,941.0,79.57142857142857,92.0,66.0,1165.7142857142858,1903.0,542.0,0.7171717171717171,0.583710407239819
2023-03-13,southeastasia,Container,57,628,460,83.93,1.02,False,0,3,1,0,71.0,1161.0,92.0,941.0,78.0,542.0,64.66666666666667,71.0,57.0,1074.6666666666667,1435.0,628.0,76.57142857142857,92.0,57.0,1178.0,1903.0,628.0,0.5757575757575758,0.31573655103066867
2023-03-14,southeastasia,Container,53,1904,331,102.6,1.08,False,1,3,1,0,57.0,628.0,66.0,1435.0,88.0,1903.0,60.333333333333336,71.0,53.0,1231.0,1904.0,628.0,71.57142857142857,92.0,53.0,1178.142857142857,1904.0,628.0,0.5353535353535354,0.9572649572649573
2023-03-15,southeastasia,Container,80,1367,391,87.63,0.87,False,2,3,1,0,53.0,1904.0,71.0,1161.0,85.0,964.0,63.333333333333336,80.0,53.0,1299.6666666666667,1904.0,628.0,70.85714285714286,92.0,53.0,1235.7142857142858,1904.0,628.0,0.8080808080808081,0.6872800402212167
2023-03-16,southeastasia,Container,59,549,458,105.22,1.03,False,3,3,1,0,80.0,1367.0,57.0,628.0,77.0,1214.0,64.0,80.0,53.0,1273.3333333333333,1904.0,549.0,68.28571428571429,92.0,53.0,1140.7142857142858,1904.0,549.0,0.5959595959595959,0.27601809954751133
2023-03-17,southeastasia,Container,80,1484,235,102.5,1.03,False,4,3,1,0,59.0,549.0,53.0,1904.0,92.0,941.0,73.0,80.0,59.0,1133.3333333333333,1484.0,549.0,66.57142857142857,80.0,53.0,1218.2857142857142,1904.0,549.0,0.8080808080808081,0.7461035696329814
2023-03-18,southeastasia,Container,97,698,353,93.2,1.02,True,5,3,1,1,80.0,1484.0,80.0,1367.0,66.0,1435.0,78.66666666666667,97.0,59.0,910.3333333333334,1484.0,549.0,71.0,97.0,53.0,1113.0,1904.0,549.0,0.9797979797979798,0.35093011563599796
2023-03-19,southeastasia,Container,50,1341,204,102.93,0.93,True,6,3,1,1,97.0,698.0,59.0,549.0,71.0,1161.0,75.66666666666667,97.0,50.0,1174.3333333333333,1484.0,698.0,68.0,97.0,50.0,1138.7142857142858,1904.0,549.0,0.5050505050505051,0.6742081447963801
2023-03-20,southeastasia,Container,70,578,413,118.66,1.05,False,0,3,1,0,50.0,1341.0,80.0,1484.0,57.0,628.0,72.33333333333333,97.0,50.0,872.3333333333334,1341.0,578.0,69.85714285714286,97.0,50.0,1131.5714285714287,1904.0,549.0,0.7070707070707071,0.2905982905982906
2023-03-21,southeastasia,Container,67,1053,467,88.09,1.07,False,1,3,1,0,70.0,578.0,97.0,698.0,53.0,1904.0,62.333333333333336,70.0,50.0,990.6666666666666,1341.0,578.0,71.85714285714286,97.0,50.0,1010.0,1484.0,549.0,0.6767676767676768,0.5294117647058824
2023-03-22,southeastasia,Container,80,746,327,90.25,1.08,False,2,3,1,0,67.0,1053.0,50.0,1341.0,80.0,1367.0,72.33333333333333,80.0,67.0,792.3333333333334,1053.0,578.0,71.85714285714286,97.0,50.0,921.2857142857143,1484.0,549.0,0.8080808080808081,0.37506284565108094
2023-03-23,southeastasia,Container,66,1336,307,111.59,0.92,False,3,3,1,0,80.0,746.0,70.0,578.0,59.0,549.0,71.0,80.0,66.0,1045.0,1336.0,746.0,72.85714285714286,97.0,50.0,1033.7142857142858,1484.0,578.0,0.6666666666666666,0.6716943187531422
2023-03-24,southeastasia,Container,58,1344,406,109.63,1.04,False,4,3,1,0,66.0,1336.0,67.0,1053.0,80.0,1484.0,68.0,80.0,58.0,1142.0,1344.0,746.0,69.71428571428571,97.0,50.0,1013.7142857142857,1344.0,578.0,0.5858585858585859,0.6757164404223228
2023-03-25,southeastasia,Container,58,783,372,108.22,1.19,True,5,3,1,1,58.0,1344.0,80.0,746.0,97.0,698.0,60.666666666666664,66.0,58.0,1154.3333333333333,1344.0,783.0,64.14285714285714,80.0,50.0,1025.857142857143,1344.0,578.0,0.5858585858585859,0.3936651583710407
2023-03-26,southeastasia,Container,61,1558,466,97.55,0.92,True,6,3,1,1,58.0,783.0,66.0,1336.0,50.0,1341.0,59.0,61.0,58.0,1228.3333333333333,1558.0,783.0,65.71428571428571,80.0,58.0,1056.857142857143,1558.0,578.0,0.6161616161616161,0.783308195072901
2023-03-27,southeastasia,Container,53,1978,227,91.1,0.92,False,0,3,1,0,61.0,1558.0,58.0,1344.0,70.0,578.0,57.333333333333336,61.0,53.0,1439.6666666666667,1978.0,783.0,63.285714285714285,80.0,53.0,1256.857142857143,1978.0,746.0,0.5353535353535354,0.9944695827048768
2023-03-28,southeastasia,Container,57,1054,289,99.23,1.03,False,1,3,1,0,53.0,1978.0,58.0,783.0,67.0,1053.0,57.0,61.0,53.0,1530.0,1978.0,1054.0,61.857142857142854,80.0,53.0,1257.0,1978.0,746.0,0.5757575757575758,0.5299145299145299
2023-03-29,southeastasia,Container,57,1456,308,102.77,1.08,False,2,3,1,0,57.0,1054.0,61.0,1558.0,80.0,746.0,55.666666666666664,57.0,53.0,1496.0,1978.0,1054.0,58.57142857142857,66.0,53.0,1358.4285714285713,1978.0,783.0,0.5757575757575758,0.7320261437908496
2023-03-30,southeastasia,Container,64,540,457,100.13,1.15,False,3,3,1,0,57.0,1456.0,53.0,1978.0,66.0,1336.0,59.333333333333336,64.0,57.0,1016.6666666666666,1456.0,540.0,58.285714285714285,64.0,53.0,1244.7142857142858,1978.0,540.0,0.6464646464646465,0.27149321266968324
2023-03-31,southeastasia,Container,67,919,298,97.35,1.27,False,4,3,1,0,64.0,540.0,57.0,1054.0,58.0,1344.0,62.666666666666664,67.0,57.0,971.6666666666666,1456.0,540.0,59.57142857142857,67.0,53.0,1184.0,1978.0,540.0,0.6767676767676768,0.4620412267471091
2023-01-01,southeastasia,Storage,76,1582,369,104.97,0.99,True,6,1,1,1,,,,,,,,,,,,,,,,,,,0.7676767676767676,0.8116983068240123
2023-01-02,southeastasia,Storage,55,1065,305,106.48,1.15,False,0,1,1,0,76.0,1582.0,,,,,,,,,,,,,,,,,0.5555555555555556,0.5464340687532068
2023-01-03,southeastasia,Storage,66,891,362,97.66,0.98,False,1,1,1,0,55.0,1065.0,,,,,65.66666666666667,76.0,55.0,1179.3333333333333,1582.0,891.0,,,,,,,0.6666666666666666,0.45715751667521803
2023-01-04,southeastasia,Storage,75,1391,378,115.79,1.08,False,2,1,1,0,66.0,891.0,76.0,1582.0,,,65.33333333333333,75.0,55.0,1115.6666666666667,1391.0,891.0,,,,,,,0.7575757575757576,0.7136993329912775
2023-01-05,southeastasia,Storage,62,1782,397,95.31,1.05,False,3,1,1,0,75.0,1391.0,55.0,1065.0,,,67.66666666666667,75.0,62.0,1354.6666666666667,1782.0,891.0,,,,,,,0.6262626262626263,0.9143150333504361
2023-01-06,southeastasia,Storage,75,1939,446,95.37,0.95,False,4,1,1,0,62.0,1782.0,66.0,891.0,,,70.66666666666667,75.0,62.0,1704.0,1939.0,1391.0,,,,,,,0.7575757575757576,0.9948691636736788
2023-01-07,southeastasia,Storage,80,1821,298,102.42,0.81,True,5,1,1,1,75.0,1939.0,75.0,1391.0,,,72.33333333333333,80.0,62.0,1847.3333333333333,1939.0,1782.0,69.85714285714286,80.0,55.0,1495.857142857143,1939.0,891.0,0.8080808080808081,0.9343252950230888
2023-01-08,southeastasia,Storage,74,1413,393,82.75,0.94,True,6,1,1,1,80.0,1821.0,62.0,1782.0,76.0,1582.0,76.33333333333333,80.0,74.0,1724.3333333333333,1939.0,1413.0,69.57142857142857,80.0,55.0,1471.7142857142858,1939.0,891.0,0.7474747474747475,0.7249871729091842
2023-01-09,southeastasia,Storage,53,1046,391,89.87,1.03,False,0,1,1,0,74.0,1413.0,75.0,1939.0,55.0,1065.0,69.0,80.0,53.0,1426.6666666666667,1821.0,1046.0,69.28571428571429,80.0,53.0,1469.0,1939.0,891.0,0.5353535353535354,0.5366854797331965
2023-01-10,southeastasia,Storage,51,654,472,90.92,0.86,False,1,1,1,0,53.0,1046.0,80.0,1821.0,66.0,891.0,59.333333333333336,74.0,51.0,1037.6666666666667,1413.0,654.0,67.14285714285714,80.0,51.0,1435.142857142857,1939.0,654.0,0.5151515151515151,0.33555669574140584
2023-01-11,southeastasia,Storage,71,804,379,114.66,0.98,False,2,1,1,0,51.0,654.0,74.0,1413.0,75.0,1391.0,58.333333333333336,71.0,51.0,834.6666666666666,1046.0,654.0,66.57142857142857,80.0,51.0,1351.2857142857142,1939.0,654.0,0.7171717171717171,0.4125192406362237
2023-01-12,southeastasia,Storage,50,1301,295,100.68,0.86,False,3,1,1,0,71.0,804.0,53.0,1046.0,62.0,1782.0,57.333333333333336,71.0,50.0,919.6666666666666,1301.0,654.0,64.85714285714286,80.0,50.0,1282.5714285714287,1939.0,654.0,0.5050505050505051,0.6675218060543868
2023-01-13,southeastasia,Storage,79,856,222,94.56,1.01,False,4,1,1,0,50.0,1301.0,51.0,654.0,75.0,1939.0,66.66666666666667,79.0,50.0,987.0,1301.0,804.0,65.42857142857143,80.0,50.0,1127.857142857143,1821.0,654.0,0.797979797979798,0.4391995895330939
2023-01-14,southeastasia,Storage,80,1825,452,88.49,1.04,True,5,1,1,1,79.0,856.0,71.0,804.0,80.0,1821.0,69.66666666666667,80.0,50.0,1327.3333333333333,1825.0,856.0,65.42857142857143,80.0,50.0,1128.4285714285713,1825.0,654.0,0.8080808080808081,0.9363776295536173
2023-01-15,southeastasia,Storage,81,536,467,93.99,0.97,True,6,1,1,1,80.0,1825.0,50.0,1301.0,74.0,1413.0,80.0,81.0,79.0,1072.3333333333333,1825.0,536.0,66.42857142857143,81.0,50.0,1003.1428571428571,1825.0,536.0,0.8181818181818182,0.2750128270908158
2023-01-16,southeastasia,Storage,88,608,380,93.98,1.19,False,0,1,1,0,81.0,536.0,79.0,856.0,53.0,1046.0,83.0,88.0,80.0,989.6666666666666,1825.0,536.0,71.42857142857143,88.0,50.0,940.5714285714286,1825.0,536.0,0.8888888888888888,0.31195484864032835
2023-01-17,southeastasia,Storage,85,1593,451,99.87,0.89,False,1,1,1,0,88.0,608.0,80.0,1825.0,51.0,654.0,84.66666666666667,88.0,81.0,912.3333333333334,1593.0,536.0,76.28571428571429,88.0,50.0,1074.7142857142858,1825.0,536.0,0.8585858585858586,0.8173422267829656
2023-01-18,southeastasia,Storage,70,702,451,108.23,0.88,False,2,1,1,0,85.0,1593.0,81.0,536.0,71.0,804.0,81.0,88.0,70.0,967.6666666666666,1593.0,608.0,76.14285714285714,88.0,50.0,1060.142857142857,1825.0,536.0,0.7070707070707071,0.36018471010774755
2023-01-19,southeastasia,Storage,58,1428,411,102.09,0.8,False,3,1,1,0,70.0,702.0,88.0,608.0,50.0,1301.0,71.0,85.0,58.0,1241.0,1593.0,702.0,77.28571428571429,88.0,58.0,1078.2857142857142,1825.0,536.0,0.5858585858585859,0.732683427398666
2023-01-20,southeastasia,Storage,90,1622,205,86.72,1.02,False,4,1,1,0,58.0,1428.0,85.0,1593.0,79.0,856.0,72.66666666666667,90.0,58.0,1250.6666666666667,1622.0,702.0,78.85714285714286,90.0,58.0,1187.7142857142858,1825.0,536.0,0.9090909090909091,0.8322216521292971
2023-01-21,southeastasia,Storage,50,1577,435,107.38,1.02,True,5,1,1,1,90.0,1622.0,70.0,702.0,80.0,1825.0,66.0,90.0,50.0,1542.3333333333333,1622.0,1428.0,74.57142857142857,90.0,50.0,1152.2857142857142,1622.0,536.0,0.5050505050505051,0.8091328886608518
2023-01-22,southeastasia,Storage,66,1853,472,98.84,0.97,True,6,1,1,1,50.0,1577.0,58.0,1428.0,81.0,536.0,68.66666666666667,90.0,50.0,1684.0,1853.0,1577.0,72.42857142857143,90.0,50.0,1340.4285714285713,1853.0,608.0,0.6666666666666666,0.9507439712673166
2023-01-23,southeastasia,Storage,91,1033,200,85.21,0.93,False,0,1,1,0,66.0,1853.0,90.0,1622.0,88.0,608.0,69.0,91.0,50.0,1487.6666666666667,1853.0,1033.0,72.85714285714286,91.0,50.0,1401.142857142857,1853.0,702.0,0.9191919191919192,0.530015392508979
2023-01-24,southeastasia,Storage,72,577,415,95.39,1.11,False,1,1,1,0,91.0,1033.0,50.0,1577.0,85.0,1593.0,76.33333333333333,91.0,66.0,1154.3333333333333,1853.0,577.0,71.0,91.0,50.0,1256.0,1853.0,577.0,0.7272727272727273,0.29604925602873267
2023-01-25,southeastasia,Storage,90,608,345,103.44,0.82,False,2,1,1,0,72.0,577.0,66.0,1853.0,70.0,702.0,84.33333333333333,91.0,72.0,739.3333333333334,1033.0,577.0,73.85714285714286,91.0,50.0,1242.5714285714287,1853.0,577.0,0.9090909090909091,0.31195484864032835
2023-01-26,southeastasia,Storage,89,728,235,103.24,0.96,False,3,1,1,0,90.0,608.0,91.0,1033.0,58.0,1428.0,83.66666666666667,90.0,72.0,637.6666666666666,728.0,577.0,78.28571428571429,91.0,50.0,1142.5714285714287,1853.0,577.0,0.898989898989899,0.37352488455618266
2023-01-27,southeastasia,Storage,86,638,458,93.23,1.06,False,4,1,1,0,89.0,728.0,72.0,577.0,90.0,1622.0,88.33333333333333,90.0,86.0,658.0,728.0,608.0,77.71428571428571,91.0,50.0,1002.0,1853.0,577.0,0.8686868686868687,0.32734735761929196
2023-01-28,southeastasia,Storage,63,1297,490,110.31,1.09,True,5,1,1,1,86.0,638.0,90.0,608.0,50.0,1577.0,79.33333333333333,89.0,63.0,887.6666666666666,1297.0,638.0,79.57142857142857,91.0,63.0,962.0,1853.0,577.0,0.6363636363636364,0.6654694715238584
2023-01-29,southeastasia,Storage,57,1053,214,91.61,0.97,True,6,1,1,1,63.0,1297.0,89.0,728.0,66.0,1853.0,68.66666666666667,86.0,57.0,996.0,1297.0,638.0,78.28571428571429,91.0,57.0,847.7142857142857,1297.0,577.0,0.5757575757575758,0.5402770651616213
2023-01-30,southeastasia,Storage,51,1934,294,103.31,1.1,False,0,1,1,0,57.0,1053.0,86.0,638.0,91.0,1033.0,57.0,63.0,51.0,1428.0,1934.0,1053.0,72.57142857142857,90.0,51.0,976.4285714285714,1934.0,577.0,0.5151515151515151,0.9923037455105183
2023-01-31,southeastasia,Storage,98,1103,486,95.21,0.98,False,1,1,1,0,51.0,1934.0,63.0,1297.0,72.0,577.0,68.66666666666667,98.0,51.0,1363.3333333333333,1934.0,1053.0,76.28571428571429,98.0,51.0,1051.5714285714287,1934.0,608.0,0.98989898989899,0.5659312467932273
2023-02-01,southeastasia,Storage,73,524,379,88.94,0.88,False,2,2,1,0,98.0,1103.0,57.0,1053.0,90.0,608.0,74.0,98.0,51.0,1187.0,1934.0,524.0,73.85714285714286,98.0,51.0,1039.5714285714287,1934.0,524.0,0.7373737373737373,0.2688558234992304
2023-02-02,southeastasia,Storage,67,1268,277,108.13,1.14,False,3,2,1,0,73.0,524.0,51.0,1934.0,89.0,728.0,79.33333333333333,98.0,67.0,965.0,1268.0,524.0,70.71428571428571,98.0,51.0,1116.7142857142858,1934.0,524.0,0.6767676767676768,0.6505900461775269
2023-02-03,southeastasia,Storage,82,1506,463,99.28,1.1,False,4,2,1,0,67.0,1268.0,98.0,1103.0,86.0,638.0,74.0,82.0,67.0,1099.3333333333333,1506.0,524.0,70.14285714285714,98.0,51.0,1240.7142857142858,1934.0,524.0,0.8282828282828283,0.7727039507439712
2023-02-04,southeastasia,Storage,54,1304,455,103.62,0.94,True,5,2,1,1,82.0,1506.0,73.0,524.0,63.0,1297.0,67.66666666666667,82.0,54.0,1359.3333333333333,1506.0,1268.0,68.85714285714286,98.0,51.0,1241.7142857142858,1934.0,524.0,0.5454545454545454,0.6690610569522832
2023-02-05,southeastasia,Storage,86,574,345,103.61,1.15,True,6,2,1,1,54.0,1304.0,67.0,1268.0,57.0,1053.0,74.0,86.0,54.0,1128.0,1506.0,574.0,73.0,98.0,51.0,1173.2857142857142,1934.0,524.0,0.8686868686868687,0.2945100051308363
2023-02-06,southeastasia,Storage,89,510,363,99.64,1.16,False,0,2,1,0,86.0,574.0,82.0,1506.0,51.0,1934.0,76.33333333333333,89.0,54.0,796.0,1304.0,510.0,78.42857142857143,98.0,54.0,969.8571428571429,1506.0,510.0,0.898989898989899,0.2616726526423807
2023-02-07,southeastasia,Storage,93,671,301,73.8,1.08,False,1,2,1,0,89.0,510.0,54.0,1304.0,98.0,1103.0,89.33333333333333,93.0,86.0,585.0,671.0,510.0,77.71428571428571,93.0,54.0,908.1428571428571,1506.0,510.0,0.9393939393939394,0.34427911749615187
2023-02-08,southeastasia,Storage,56,834,316,100.87,0.97,False,2,2,1,0,93.0,671.0,86.0,574.0,73.0,524.0,79.33333333333333,93.0,56.0,671.6666666666666,834.0,510.0,75.28571428571429,93.0,54.0,952.4285714285714,1506.0,510.0,0.5656565656565656,0.4279117496151873
2023-02-09,southeastasia,Storage,82,515,307,100.92,0.8,False,3,2,1,0,56.0,834.0,89.0,510.0,67.0,1268.0,77.0,93.0,56.0,673.3333333333334,834.0,515.0,77.42857142857143,93.0,54.0,844.8571428571429,1506.0,510.0,0.8282828282828283,0.2642380708055413
2023-02-10,southeastasia,Storage,95,1084,339,97.8,1.04,False,4,2,1,0,82.0,515.0,93.0,671.0,82.0,1506.0,77.66666666666667,95.0,56.0,811.0,1084.0,515.0,79.28571428571429,95.0,54.0,784.5714285714286,1304.0,510.0,0.9595959595959596,0.5561826577732171
2023-02-11,southeastasia,Storage,91,918,377,114.78,0.95,True,5,2,1,1,95.0,1084.0,56.0,834.0,54.0,1304.0,89.33333333333333,95.0,82.0,839.0,1084.0,515.0,84.57142857142857,95.0,56.0,729.4285714285714,1084.0,510.0,0.9191919191919192,0.4710107747562853
2023-02-12,southeastasia,Storage,57,1774,375,91.92,0.95,True,6,2,1,1,91.0,918.0,82.0,515.0,86.0,574.0,81.0,95.0,57.0,1258.6666666666667,1774.0,918.0,80.42857142857143,95.0,56.0,900.8571428571429,1774.0,510.0,0.5757575757575758,0.9102103642893792
2023-02-13,southeastasia,Storage,76,921,387,109.15,1.03,False,0,2,1,0,57.0,1774.0,95.0,1084.0,89.0,510.0,74.66666666666667,91.0,57.0,1204.3333333333333,1774.0,918.0,78.57142857142857,95.0,56.0,959.5714285714286,1774.0,515.0,0.7676767676767676,0.47255002565418164
2023-02-14,southeastasia,Storage,90,1747,259,94.7,1.05,False,1,2,1,0,76.0,921.0,91.0,918.0,93.0,671.0,74.33333333333333,90.0,57.0,1480.6666666666667,1774.0,921.0,78.14285714285714,95.0,56.0,1113.2857142857142,1774.0,515.0,0.9090909090909091,0.896357106208312
2023-02-15,southeastasia,Storage,96,578,257,100.97,1.1,False,2,2,1,0,90.0,1747.0,57.0,1774.0,56.0,834.0,87.33333333333333,96.0,76.0,1082.0,1747.0,578.0,83.85714285714286,96.0,57.0,1076.7142857142858,1774.0,515.0,0.9696969696969697,0.2965623396613648
2023-02-16,southeastasia,Storage,98,1292,479,92.98,0.97,False,3,2,1,0,96.0,578.0,76.0,921.0,82.0,515.0,94.66666666666667,98.0,90.0,1205.6666666666667,1747.0,578.0,86.14285714285714,98.0,57.0,1187.7142857142858,1774.0,578.0,0.98989898989899,0.6629040533606978
2023-02-17,southeastasia,Storage,60,1587,404,96.08,0.85,False,4,2,1,0,98.0,1292.0,90.0,1747.0,95.0,1084.0,84.66666666666667,98.0,60.0,1152.3333333333333,1587.0,578.0,81.14285714285714,98.0,57.0,1259.5714285714287,1774.0,578.0,0.6060606060606061,0.8142637249871729
2023-02-18,southeastasia,Storage,75,1417,302,102.96,1.03,True,5,2,1,1,60.0,1587.0,96.0,578.0,91.0,918.0,77.66666666666667,98.0,60.0,1432.0,1587.0,1292.0,78.85714285714286,98.0,57.0,1330.857142857143,1774.0,578.0,0.7575757575757576,0.7270395074397127
2023-02-19,southeastasia,Storage,90,1373,213,100.05,0.98,True,6,2,1,1,75.0,1417.0,98.0,1292.0,57.0,1774.0,75.0,90.0,60.0,1459.0,1587.0,1373.0,83.57142857142857,98.0,60.0,1273.5714285714287,1747.0,578.0,0.9090909090909091,0.7044638276038995
2023-02-20,southeastasia,Storage,80,1456,223,85.85,0.96,False,0,2,1,0,90.0,1373.0,60.0,1587.0,76.0,921.0,81.66666666666667,90.0,75.0,1415.3333333333333,1456.0,1373.0,84.14285714285714,98.0,60.0,1350.0,1747.0,578.0,0.8080808080808081,0.7470497691123653
2023-02-21,southeastasia,Storage,63,501,492,96.57,0.92,False,1,2,1,0,80.0,1456.0,75.0,1417.0,90.0,1747.0,77.66666666666667,90.0,63.0,1110.0,1456.0,501.0,80.28571428571429,98.0,60.0,1172.0,1587.0,501.0,0.6363636363636364,0.25705489994869163
2023-02-22,southeastasia,Storage,54,1799,463,98.39,1.04,False,2,2,1,0,63.0,501.0,90.0,1373.0,96.0,578.0,65.66666666666667,80.0,54.0,1252.0,1799.0,501.0,74.28571428571429,98.0,54.0,1346.4285714285713,1799.0,501.0,0.5454545454545454,0.9230374551051821
2023-02-23,southeastasia,Storage,54,1684,378,118.86,1.02,False,3,2,1,0,54.0,1799.0,80.0,1456.0,98.0,1292.0,57.0,63.0,54.0,1328.0,1799.0,501.0,68.0,90.0,54.0,1402.4285714285713,1799.0,501.0,0.5454545454545454,0.8640328373524885
2023-02-24,southeastasia,Storage,83,1716,318,102.58,0.99,False,4,2,1,0,54.0,1684.0,63.0,501.0,60.0,1587.0,63.666666666666664,83.0,54.0,1733.0,1799.0,1684.0,71.28571428571429,90.0,54.0,1420.857142857143,1799.0,501.0,0.8383838383838383,0.8804515135967163
2023-02-25,southeastasia,Storage,87,993,331,80.81,1.0,True,5,2,1,1,83.0,1716.0,54.0,1799.0,75.0,1417.0,74.66666666666667,87.0,54.0,1464.3333333333333,1716.0,993.0,73.0,90.0,54.0,1360.2857142857142,1799.0,501.0,0.8787878787878788,0.5094920472036942
2023-02-26,southeastasia,Storage,57,1315,316,100.6,1.25,True,6,2,1,1,87.0,993.0,54.0,1684.0,90.0,1373.0,75.66666666666667,87.0,57.0,1341.3333333333333,1716.0,993.0,68.28571428571429,87.0,54.0,1352.0,1799.0,501.0,0.5757575757575758,0.6747049769112365
2023-02-27,southeastasia,Storage,84,1667,305,98.08,1.03,False,0,2,1,0,57.0,1315.0,83.0,1716.0,80.0,1456.0,76.0,87.0,57.0,1325.0,1667.0,993.0,68.85714285714286,87.0,54.0,1382.142857142857,1799.0,501.0,0.8484848484848485,0.8553104155977425
2023-02-28,southeastasia,Storage,71,1743,225,99.65,0.88,False,1,2,1,0,84.0,1667.0,87.0,993.0,63.0,501.0,70.66666666666667,84.0,57.0,1575.0,1743.0,1315.0,70.0,87.0,54.0,1559.5714285714287,1799.0,993.0,0.7171717171717171,0.8943047716777834
2023-03-01,southeastasia,Storage,66,1161,492,111.43,1.08,False,2,3,1,0,71.0,1743.0,57.0,1315.0,54.0,1799.0,73.66666666666667,84.0,66.0,1523.6666666666667,1743.0,1161.0,71.71428571428571,87.0,54.0,1468.4285714285713,1743.0,993.0,0.6666666666666666,0.5956900974858902
2023-03-02,southeastasia,Storage,82,1593,395,107.91,0.91,False,3,3,1,0,66.0,1161.0,84.0,1667.0,54.0,1684.0,73.0,82.0,66.0,1499.0,1743.0,1161.0,75.71428571428571,87.0,57.0,1455.4285714285713,1743.0,993.0,0.8282828282828283,0.8173422267829656
2023-03-03,southeastasia,Storage,91,945,357,114.03,0.86,False,4,3,1,0,82.0,1593.0,71.0,1743.0,83.0,1716.0,79.66666666666667,91.0,66.0,1233.0,1593.0,945.0,76.85714285714286,91.0,57.0,1345.2857142857142,1743.0,945.0,0.9191919191919192,0.48486403283735247
2023-03-04,southeastasia,Storage,90,840,457,105.87,1.22,True,5,3,1,1,91.0,945.0,66.0,1161.0,87.0,993.0,87.66666666666667,91.0,82.0,1126.0,1593.0,840.0,77.28571428571429,91.0,57.0,1323.4285714285713,1743.0,840.0,0.9090909090909091,0.43099025141097996
2023-03-05,southeastasia,Storage,51,1358,329,90.09,0.94,True,6,3,1,1,90.0,840.0,82.0,1593.0,57.0,1315.0,77.33333333333333,91.0,51.0,1047.6666666666667,1358.0,840.0,76.42857142857143,91.0,51.0,1329.5714285714287,1743.0,840.0,0.5151515151515151,0.6967675731144176
2023-03-06,southeastasia,Storage,67,1488,359,101.0,0.95,False,0,3,1,0,51.0,1358.0,91.0,945.0,84.0,1667.0,69.33333333333333,90.0,51.0,1228.6666666666667,1488.0,840.0,74.0,91.0,51.0,1304.0,1743.0,840.0,0.6767676767676768,0.7634684453565931
2023-03-07,southeastasia,Storage,88,1284,300,84.49,1.01,False,1,3,1,0,67.0,1488.0,90.0,840.0,71.0,1743.0,68.66666666666667,88.0,51.0,1376.6666666666667,1488.0,1284.0,76.42857142857143,91.0,51.0,1238.4285714285713,1593.0,840.0,0.8888888888888888,0.6587993842996408
2023-03-08,southeastasia,Storage,67,672,359,89.38,1.05,False,2,3,1,0,88.0,1284.0,51.0,1358.0,66.0,1161.0,74.0,88.0,67.0,1148.0,1488.0,672.0,76.57142857142857,91.0,51.0,1168.5714285714287,1593.0,672.0,0.6767676767676768,0.344792201128784
2023-03-09,southeastasia,Storage,99,731,476,90.81,1.15,False,3,3,1,0,67.0,672.0,67.0,1488.0,82.0,1593.0,84.66666666666667,99.0,67.0,895.6666666666666,1284.0,672.0,79.0,99.0,51.0,1045.4285714285713,1488.0,672.0,1.0,0.375064135454079
2023-03-10,southeastasia,Storage,56,998,227,92.17,0.97,False,4,3,1,0,99.0,731.0,88.0,1284.0,91.0,945.0,74.0,99.0,56.0,800.3333333333334,998.0,672.0,74.0,99.0,51.0,1053.0,1488.0,672.0,0.5656565656565656,0.5120574653668548
2023-03-11,southeastasia,Storage,60,1021,470,108.14,0.88,True,5,3,1,1,56.0,998.0,67.0,672.0,90.0,840.0,71.66666666666667,99.0,56.0,916.6666666666666,1021.0,731.0,69.71428571428571,99.0,51.0,1078.857142857143,1488.0,672.0,0.6060606060606061,0.5238583889173936
2023-03-12,southeastasia,Storage,81,702,455,102.27,1.13,True,6,3,1,1,60.0,1021.0,99.0,731.0,51.0,1358.0,65.66666666666667,81.0,56.0,907.0,1021.0,702.0,74.0,99.0,56.0,985.1428571428571,1488.0,672.0,0.8181818181818182,0.36018471010774755
2023-03-13,southeastasia,Storage,91,1709,343,83.93,1.02,False,0,3,1,0,81.0,702.0,56.0,998.0,67.0,1488.0,77.33333333333333,91.0,60.0,1144.0,1709.0,702.0,77.42857142857143,99.0,56.0,1016.7142857142857,1709.0,672.0,0.9191919191919192,0.8768599281682914
2023-03-14,southeastasia,Storage,68,1624,385,102.6,1.08,False,1,3,1,0,91.0,1709.0,60.0,1021.0,88.0,1284.0,80.0,91.0,68.0,1345.0,1709.0,702.0,74.57142857142857,99.0,56.0,1065.2857142857142,1709.0,672.0,0.6868686868686869,0.8332478193945613
2023-03-15,southeastasia,Storage,61,1041,316,87.63,0.87,False,2,3,1,0,68.0,1624.0,81.0,702.0,67.0,672.0,73.33333333333333,91.0,61.0,1458.0,1709.0,1041.0,73.71428571428571,99.0,56.0,1118.0,1709.0,702.0,0.6161616161616161,0.5341200615700359
2023-03-16,southeastasia,Storage,65,1336,260,105.22,1.03,False,3,3,1,0,61.0,1041.0,91.0,1709.0,99.0,731.0,64.66666666666667,68.0,61.0,1333.6666666666667,1624.0,1041.0,68.85714285714286,91.0,56.0,1204.4285714285713,1709.0,702.0,0.6565656565656566,0.685479733196511
2023-03-17,southeastasia,Storage,95,1887,387,102.5,1.03,False,4,3,1,0,65.0,1336.0,68.0,1624.0,56.0,998.0,73.66666666666667,95.0,61.0,1421.3333333333333,1887.0,1041.0,74.42857142857143,95.0,60.0,1331.4285714285713,1887.0,702.0,0.9595959595959596,0.9681888147768086
2023-03-18,southeastasia,Storage,60,1671,342,93.2,1.02,True,5,3,1,1,95.0,1887.0,61.0,1041.0,60.0,1021.0,73.33333333333333,95.0,60.0,1631.3333333333333,1887.0,1336.0,74.42857142857143,95.0,60.0,1424.2857142857142,1887.0,702.0,0.6060606060606061,0.8573627501282709
2023-03-19,southeastasia,Storage,55,697,297,102.93,0.93,True,6,3,1,1,60.0,1671.0,65.0,1336.0,81.0,702.0,70.0,95.0,55.0,1418.3333333333333,1887.0,697.0,70.71428571428571,95.0,55.0,1423.5714285714287,1887.0,697.0,0.5555555555555556,0.35761929194458697
2023-03-20,southeastasia,Storage,64,875,431,118.66,1.05,False,0,3,1,0,55.0,697.0,95.0,1887.0,91.0,1709.0,59.666666666666664,64.0,55.0,1081.0,1671.0,697.0,66.85714285714286,95.0,55.0,1304.4285714285713,1887.0,697.0,0.6464646464646465,0.44894817855310415
2023-03-21,southeastasia,Storage,64,737,303,88.09,1.07,False,1,3,1,0,64.0,875.0,60.0,1671.0,68.0,1624.0,61.0,64.0,55.0,769.6666666666666,875.0,697.0,66.28571428571429,95.0,55.0,1177.7142857142858,1887.0,697.0,0.6464646464646465,0.37814263724987174
2023-03-22,southeastasia,Storage,83,1783,301,90.25,1.08,False,2,3,1,0,64.0,737.0,55.0,697.0,61.0,1041.0,70.33333333333333,83.0,64.0,1131.6666666666667,1783.0,737.0,69.42857142857143,95.0,55.0,1283.7142857142858,1887.0,697.0,0.8383838383838383,0.9148281169830682
2023-03-23,southeastasia,Storage,72,1699,349,111.59,0.92,False,3,3,1,0,83.0,1783.0,64.0,875.0,65.0,1336.0,73.0,83.0,64.0,1406.3333333333333,1783.0,737.0,70.42857142857143,95.0,55.0,1335.5714285714287,1887.0,697.0,0.7272727272727273,0.8717290918419702
2023-03-24,southeastasia,Storage,95,959,238,109.63,1.04,False,4,3,1,0,72.0,1699.0,64.0,737.0,95.0,1887.0,83.33333333333333,95.0,72.0,1480.3333333333333,1783.0,959.0,70.42857142857143,95.0,55.0,1203.0,1783.0,697.0,0.9595959595959596,0.49204720369420213
2023-03-25,southeastasia,Storage,52,1949,474,108.22,1.19,True,5,3,1,1,95.0,959.0,83.0,1783.0,60.0,1671.0,73.0,95.0,52.0,1535.6666666666667,1949.0,959.0,69.28571428571429,95.0,52.0,1242.7142857142858,1949.0,697.0,0.5252525252525253,1.0
2023-03-26,southeastasia,Storage,98,931,357,97.55,0.92,True,6,3,1,1,52.0,1949.0,72.0,1699.0,55.0,697.0,81.66666666666667,98.0,52.0,1279.6666666666667,1949.0,931.0,75.42857142857143,98.0,52.0,1276.142857142857,1949.0,737.0,0.98989898989899,0.4776808619805028
2023-03-27,southeastasia,Storage,70,1004,356,91.1,0.92,False,0,3,1,0,98.0,931.0,95.0,959.0,64.0,875.0,73.33333333333333,98.0,52.0,1294.6666666666667,1949.0,931.0,76.28571428571429,98.0,52.0,1294.5714285714287,1949.0,737.0,0.7070707070707071,0.5151359671626475
2023-03-28,southeastasia,Storage,87,548,389,99.23,1.03,False,1,3,1,0,70.0,1004.0,52.0,1949.0,64.0,737.0,85.0,98.0,70.0,827.6666666666666,1004.0,548.0,79.57142857142857,98.0,52.0,1267.5714285714287,1949.0,548.0,0.8787878787878788,0.28116983068240126
2023-03-29,southeastasia,Storage,93,518,271,102.77,1.08,False,2,3,1,0,87.0,548.0,98.0,931.0,83.0,1783.0,83.33333333333333,93.0,70.0,690.0,1004.0,518.0,81.0,98.0,52.0,1086.857142857143,1949.0,518.0,0.9393939393939394,0.26577732170343765
2023-03-30,southeastasia,Storage,98,831,442,100.13,1.15,False,3,3,1,0,93.0,518.0,70.0,1004.0,72.0,1699.0,92.66666666666667,98.0,87.0,632.3333333333334,831.0,518.0,84.71428571428571,98.0,52.0,962.8571428571429,1949.0,518.0,0.98989898989899,0.42637249871729094
2023-03-31,southeastasia,Storage,77,776,306,97.35,1.27,False,4,3,1,0,98.0,831.0,87.0,548.0,95.0,959.0,89.33333333333333,98.0,77.0,708.3333333333334,831.0,518.0,82.14285714285714,98.0,52.0,936.7142857142857,1949.0,518.0,0.7777777777777778,0.39815289892252437
2023-01-01,southeastasia,VM,93,1356,248,104.97,0.99,True,6,1,1,1,,,,,,,,,,,,,,,,,,,0.9393939393939394,0.6834677419354839
2023-01-02,southeastasia,VM,66,1911,201,106.48,1.15,False,0,1,1,0,93.0,1356.0,,,,,,,,,,,,,,,,,0.6666666666666666,0.9632056451612904
2023-01-03,southeastasia,VM,73,1586,338,97.66,0.98,False,1,1,1,0,66.0,1911.0,,,,,77.33333333333333,93.0,66.0,1617.6666666666667,1911.0,1356.0,,,,,,,0.7373737373737373,0.7993951612903226
2023-01-04,southeastasia,VM,58,706,214,115.79,1.08,False,2,1,1,0,73.0,1586.0,93.0,1356.0,,,65.66666666666667,73.0,58.0,1401.0,1911.0,706.0,,,,,,,0.5858585858585859,0.3558467741935484
2023-01-05,southeastasia,VM,82,1908,482,95.31,1.05,False,3,1,1,0,58.0,706.0,66.0,1911.0,,,71.0,82.0,58.0,1400.0,1908.0,706.0,,,,,,,0.8282828282828283,0.9616935483870968
2023-01-06,southeastasia,VM,51,1576,371,95.37,0.95,False,4,1,1,0,82.0,1908.0,73.0,1586.0,,,63.666666666666664,82.0,51.0,1396.6666666666667,1908.0,706.0,,,,,,,0.5151515151515151,0.7943548387096774
2023-01-07,southeastasia,VM,60,972,350,102.42,0.81,True,5,1,1,1,51.0,1576.0,58.0,706.0,,,64.33333333333333,82.0,51.0,1485.3333333333333,1908.0,972.0,69.0,93.0,51.0,1430.7142857142858,1911.0,706.0,0.6060606060606061,0.4899193548387097
2023-01-08,southeastasia,VM,97,1009,298,82.75,0.94,True,6,1,1,1,60.0,972.0,82.0,1908.0,93.0,1356.0,69.33333333333333,97.0,51.0,1185.6666666666667,1576.0,972.0,69.57142857142857,97.0,51.0,1381.142857142857,1911.0,706.0,0.9797979797979798,0.5085685483870968
2023-01-09,southeastasia,VM,77,1378,346,89.87,1.03,False,0,1,1,0,97.0,1009.0,51.0,1576.0,66.0,1911.0,78.0,97.0,60.0,1119.6666666666667,1378.0,972.0,71.14285714285714,97.0,51.0,1305.0,1908.0,706.0,0.7777777777777778,0.6945564516129032
2023-01-10,southeastasia,VM,99,1811,350,90.92,0.86,False,1,1,1,0,77.0,1378.0,60.0,972.0,73.0,1586.0,91.0,99.0,77.0,1399.3333333333333,1811.0,1009.0,74.85714285714286,99.0,51.0,1337.142857142857,1908.0,706.0,1.0,0.9128024193548387
2023-01-11,southeastasia,VM,71,813,257,114.66,0.98,False,2,1,1,0,99.0,1811.0,97.0,1009.0,58.0,706.0,82.33333333333333,99.0,71.0,1334.0,1811.0,813.0,76.71428571428571,99.0,51.0,1352.4285714285713,1908.0,813.0,0.7171717171717171,0.4097782258064516
2023-01-12,southeastasia,VM,58,1512,328,100.68,0.86,False,3,1,1,0,71.0,813.0,77.0,1378.0,82.0,1908.0,76.0,99.0,58.0,1378.6666666666667,1811.0,813.0,73.28571428571429,99.0,51.0,1295.857142857143,1811.0,813.0,0.5858585858585859,0.7620967741935484
2023-01-13,southeastasia,VM,85,1812,453,94.56,1.01,False,4,1,1,0,58.0,1512.0,99.0,1811.0,51.0,1576.0,71.33333333333333,85.0,58.0,1379.0,1812.0,813.0,78.14285714285714,99.0,58.0,1329.5714285714287,1812.0,813.0,0.8585858585858586,0.9133064516129032
2023-01-14,southeastasia,VM,93,784,211,88.49,1.04,True,5,1,1,1,85.0,1812.0,71.0,813.0,60.0,972.0,78.66666666666667,93.0,58.0,1369.3333333333333,1812.0,784.0,82.85714285714286,99.0,58.0,1302.7142857142858,1812.0,784.0,0.9393939393939394,0.3951612903225806
2023-01-15,southeastasia,VM,73,1162,389,93.99,0.97,True,6,1,1,1,93.0,784.0,58.0,1512.0,97.0,1009.0,83.66666666666667,93.0,73.0,1252.6666666666667,1812.0,784.0,79.42857142857143,99.0,58.0,1324.5714285714287,1812.0,784.0,0.7373737373737373,0.5856854838709677
2023-01-16,southeastasia,VM,70,1674,343,93.98,1.19,False,0,1,1,0,73.0,1162.0,85.0,1812.0,77.0,1378.0,78.66666666666667,93.0,70.0,1206.6666666666667,1674.0,784.0,78.42857142857143,99.0,58.0,1366.857142857143,1812.0,784.0,0.7070707070707071,0.84375
2023-01-17,southeastasia,VM,56,716,331,99.87,0.89,False,1,1,1,0,70.0,1674.0,93.0,784.0,99.0,1811.0,66.33333333333333,73.0,56.0,1184.0,1674.0,716.0,72.28571428571429,93.0,56.0,1210.4285714285713,1812.0,716.0,0.5656565656565656,0.36088709677419356
2023-01-18,southeastasia,VM,96,1672,279,108.23,0.88,False,2,1,1,0,56.0,716.0,73.0,1162.0,71.0,813.0,74.0,96.0,56.0,1354.0,1674.0,716.0,75.85714285714286,96.0,56.0,1333.142857142857,1812.0,716.0,0.9696969696969697,0.842741935483871
2023-01-19,southeastasia,VM,85,1001,344,102.09,0.8,False,3,1,1,0,96.0,1672.0,70.0,1674.0,58.0,1512.0,79.0,96.0,56.0,1129.6666666666667,1672.0,716.0,79.71428571428571,96.0,56.0,1260.142857142857,1812.0,716.0,0.8585858585858586,0.5045362903225806
2023-01-20,southeastasia,VM,98,1984,297,86.72,1.02,False,4,1,1,0,85.0,1001.0,56.0,716.0,85.0,1812.0,93.0,98.0,85.0,1552.3333333333333,1984.0,1001.0,81.57142857142857,98.0,56.0,1284.7142857142858,1984.0,716.0,0.98989898989899,1.0
2023-01-21,southeastasia,VM,52,1829,467,107.38,1.02,True,5,1,1,1,98.0,1984.0,96.0,1672.0,93.0,784.0,78.33333333333333,98.0,52.0,1604.6666666666667,1984.0,1001.0,75.71428571428571,98.0,52.0,1434.0,1984.0,716.0,0.5252525252525253,0.921875
2023-01-22,southeastasia,VM,78,1399,337,98.84,0.97,True,6,1,1,1,52.0,1829.0,85.0,1001.0,73.0,1162.0,76.0,98.0,52.0,1737.3333333333333,1984.0,1399.0,76.42857142857143,98.0,52.0,1467.857142857143,1984.0,716.0,0.7878787878787878,0.7051411290322581
2023-01-23,southeastasia,VM,68,1528,291,85.21,0.93,False,0,1,1,0,78.0,1399.0,98.0,1984.0,70.0,1674.0,66.0,78.0,52.0,1585.3333333333333,1829.0,1399.0,76.14285714285714,98.0,52.0,1447.0,1984.0,716.0,0.6868686868686869,0.7701612903225806
2023-01-24,southeastasia,VM,71,1025,227,95.39,1.11,False,1,1,1,0,68.0,1528.0,52.0,1829.0,56.0,716.0,72.33333333333333,78.0,68.0,1317.3333333333333,1528.0,1025.0,78.28571428571429,98.0,52.0,1491.142857142857,1984.0,1001.0,0.7171717171717171,0.516633064516129
2023-01-25,southeastasia,VM,53,1917,266,103.44,0.82,False,2,1,1,0,71.0,1025.0,78.0,1399.0,96.0,1672.0,64.0,71.0,53.0,1490.0,1917.0,1025.0,72.14285714285714,98.0,52.0,1526.142857142857,1984.0,1001.0,0.5353535353535354,0.9662298387096774
2023-01-26,southeastasia,VM,52,742,230,103.24,0.96,False,3,1,1,0,53.0,1917.0,68.0,1528.0,85.0,1001.0,58.666666666666664,71.0,52.0,1228.0,1917.0,742.0,67.42857142857143,98.0,52.0,1489.142857142857,1984.0,742.0,0.5252525252525253,0.37399193548387094
2023-01-27,southeastasia,VM,63,819,237,93.23,1.06,False,4,1,1,0,52.0,742.0,71.0,1025.0,98.0,1984.0,56.0,63.0,52.0,1159.3333333333333,1917.0,742.0,62.42857142857143,78.0,52.0,1322.7142857142858,1917.0,742.0,0.6363636363636364,0.4128024193548387
2023-01-28,southeastasia,VM,78,1372,428,110.31,1.09,True,5,1,1,1,63.0,819.0,53.0,1917.0,52.0,1829.0,64.33333333333333,78.0,52.0,977.6666666666666,1372.0,742.0,66.14285714285714,78.0,52.0,1257.4285714285713,1917.0,742.0,0.7878787878787878,0.6915322580645161
2023-01-29,southeastasia,VM,55,1078,378,91.61,0.97,True,6,1,1,1,78.0,1372.0,52.0,742.0,78.0,1399.0,65.33333333333333,78.0,55.0,1089.6666666666667,1372.0,819.0,62.857142857142854,78.0,52.0,1211.5714285714287,1917.0,742.0,0.5555555555555556,0.5433467741935484
2023-01-30,southeastasia,VM,53,1343,372,103.31,1.1,False,0,1,1,0,55.0,1078.0,63.0,819.0,68.0,1528.0,62.0,78.0,53.0,1264.3333333333333,1372.0,1078.0,60.714285714285715,78.0,52.0,1185.142857142857,1917.0,742.0,0.5353535353535354,0.6769153225806451
2023-01-31,southeastasia,VM,86,626,305,95.21,0.98,False,1,1,1,0,53.0,1343.0,78.0,1372.0,71.0,1025.0,64.66666666666667,86.0,53.0,1015.6666666666666,1343.0,626.0,62.857142857142854,86.0,52.0,1128.142857142857,1917.0,626.0,0.8686868686868687,0.3155241935483871
2023-02-01,southeastasia,VM,92,1454,450,88.94,0.88,False,2,2,1,0,86.0,626.0,55.0,1078.0,53.0,1917.0,77.0,92.0,53.0,1141.0,1454.0,626.0,68.42857142857143,92.0,52.0,1062.0,1454.0,626.0,0.9292929292929293,0.7328629032258065
2023-02-02,southeastasia,VM,65,1947,218,108.13,1.14,False,3,2,1,0,92.0,1454.0,53.0,1343.0,52.0,742.0,81.0,92.0,65.0,1342.3333333333333,1947.0,626.0,70.28571428571429,92.0,53.0,1234.142857142857,1947.0,626.0,0.6565656565656566,0.9813508064516129
2023-02-03,southeastasia,VM,96,1752,266,99.28,1.1,False,4,2,1,0,65.0,1947.0,86.0,626.0,63.0,819.0,84.33333333333333,96.0,65.0,1717.6666666666667,1947.0,1454.0,75.0,96.0,53.0,1367.4285714285713,1947.0,626.0,0.9696969696969697,0.8830645161290323
2023-02-04,southeastasia,VM,72,1642,219,103.62,0.94,True,5,2,1,1,96.0,1752.0,92.0,1454.0,78.0,1372.0,77.66666666666667,96.0,65.0,1780.3333333333333,1947.0,1642.0,74.14285714285714,96.0,53.0,1406.0,1947.0,626.0,0.7272727272727273,0.8276209677419355
2023-02-05,southeastasia,VM,94,1109,414,103.61,1.15,True,6,2,1,1,72.0,1642.0,65.0,1947.0,55.0,1078.0,87.33333333333333,96.0,72.0,1501.0,1752.0,1109.0,79.71428571428571,96.0,53.0,1410.4285714285713,1947.0,626.0,0.9494949494949495,0.5589717741935484
2023-02-06,southeastasia,VM,78,648,466,99.64,1.16,False,0,2,1,0,94.0,1109.0,96.0,1752.0,53.0,1343.0,81.33333333333333,94.0,72.0,1133.0,1642.0,648.0,83.28571428571429,96.0,65.0,1311.142857142857,1947.0,626.0,0.7878787878787878,0.32661290322580644
2023-02-07,southeastasia,VM,88,630,428,73.8,1.08,False,1,2,1,0,78.0,648.0,72.0,1642.0,86.0,626.0,86.66666666666667,94.0,78.0,795.6666666666666,1109.0,630.0,83.57142857142857,96.0,65.0,1311.7142857142858,1947.0,630.0,0.8888888888888888,0.3175403225806452
2023-02-08,southeastasia,VM,70,1609,449,100.87,0.97,False,2,2,1,0,88.0,630.0,94.0,1109.0,92.0,1454.0,78.66666666666667,88.0,70.0,962.3333333333334,1609.0,630.0,80.42857142857143,96.0,65.0,1333.857142857143,1947.0,630.0,0.7070707070707071,0.8109879032258065
2023-02-09,southeastasia,VM,78,1481,409,100.92,0.8,False,3,2,1,0,70.0,1609.0,78.0,648.0,65.0,1947.0,78.66666666666667,88.0,70.0,1240.0,1609.0,630.0,82.28571428571429,96.0,70.0,1267.2857142857142,1752.0,630.0,0.7878787878787878,0.7464717741935484
2023-02-10,southeastasia,VM,86,931,392,97.8,1.04,False,4,2,1,0,78.0,1481.0,88.0,630.0,96.0,1752.0,78.0,86.0,70.0,1340.3333333333333,1609.0,931.0,80.85714285714286,94.0,70.0,1150.0,1642.0,630.0,0.8686868686868687,0.4692540322580645
2023-02-11,southeastasia,VM,84,1543,440,114.78,0.95,True,5,2,1,1,86.0,931.0,70.0,1609.0,72.0,1642.0,82.66666666666667,86.0,78.0,1318.3333333333333,1543.0,931.0,82.57142857142857,94.0,70.0,1135.857142857143,1609.0,630.0,0.8484848484848485,0.7777217741935484
2023-02-12,southeastasia,VM,73,1647,237,91.92,0.95,True,6,2,1,1,84.0,1543.0,78.0,1481.0,94.0,1109.0,81.0,86.0,73.0,1373.6666666666667,1647.0,931.0,79.57142857142857,88.0,70.0,1212.7142857142858,1647.0,630.0,0.7373737373737373,0.8301411290322581
2023-02-13,southeastasia,VM,74,1693,390,109.15,1.03,False,0,2,1,0,73.0,1647.0,86.0,931.0,78.0,648.0,77.0,84.0,73.0,1627.6666666666667,1693.0,1543.0,79.0,88.0,70.0,1362.0,1693.0,630.0,0.7474747474747475,0.8533266129032258
2023-02-14,southeastasia,VM,97,1849,273,94.7,1.05,False,1,2,1,0,74.0,1693.0,84.0,1543.0,88.0,630.0,81.33333333333333,97.0,73.0,1729.6666666666667,1849.0,1647.0,80.28571428571429,97.0,70.0,1536.142857142857,1849.0,931.0,0.9797979797979798,0.9319556451612904
2023-02-15,southeastasia,VM,60,1556,333,100.97,1.1,False,2,2,1,0,97.0,1849.0,73.0,1647.0,70.0,1609.0,77.0,97.0,60.0,1699.3333333333333,1849.0,1556.0,78.85714285714286,97.0,60.0,1528.5714285714287,1849.0,931.0,0.6060606060606061,0.7842741935483871
2023-02-16,southeastasia,VM,87,1685,362,92.98,0.97,False,3,2,1,0,60.0,1556.0,74.0,1693.0,78.0,1481.0,81.33333333333333,97.0,60.0,1696.6666666666667,1849.0,1556.0,80.14285714285714,97.0,60.0,1557.7142857142858,1849.0,931.0,0.8787878787878788,0.8492943548387096
2023-02-17,southeastasia,VM,51,1867,271,96.08,0.85,False,4,2,1,0,87.0,1685.0,97.0,1849.0,86.0,931.0,66.0,87.0,51.0,1702.6666666666667,1867.0,1556.0,75.14285714285714,97.0,51.0,1691.4285714285713,1867.0,1543.0,0.5151515151515151,0.9410282258064516
2023-02-18,southeastasia,VM,82,1088,315,102.96,1.03,True,5,2,1,1,51.0,1867.0,60.0,1556.0,84.0,1543.0,73.33333333333333,87.0,51.0,1546.6666666666667,1867.0,1088.0,74.85714285714286,97.0,51.0,1626.4285714285713,1867.0,1088.0,0.8282828282828283,0.5483870967741935
2023-02-19,southeastasia,VM,75,1394,202,100.05,0.98,True,6,2,1,1,82.0,1088.0,87.0,1685.0,73.0,1647.0,69.33333333333333,82.0,51.0,1449.6666666666667,1867.0,1088.0,75.14285714285714,97.0,51.0,1590.2857142857142,1867.0,1088.0,0.7575757575757576,0.7026209677419355
2023-02-20,southeastasia,VM,64,852,412,85.85,0.96,False,0,2,1,0,75.0,1394.0,51.0,1867.0,74.0,1693.0,73.66666666666667,82.0,64.0,1111.3333333333333,1394.0,852.0,73.71428571428571,97.0,51.0,1470.142857142857,1867.0,852.0,0.6464646464646465,0.42943548387096775
2023-02-21,southeastasia,VM,91,1439,213,96.57,0.92,False,1,2,1,0,64.0,852.0,82.0,1088.0,97.0,1849.0,76.66666666666667,91.0,64.0,1228.3333333333333,1439.0,852.0,72.85714285714286,91.0,51.0,1411.5714285714287,1867.0,852.0,0.9191919191919192,0.7253024193548387
2023-02-22,southeastasia,VM,59,1343,456,98.39,1.04,False,2,2,1,0,91.0,1439.0,75.0,1394.0,60.0,1556.0,71.33333333333333,91.0,59.0,1211.3333333333333,1439.0,852.0,72.71428571428571,91.0,51.0,1381.142857142857,1867.0,852.0,0.5959595959595959,0.6769153225806451
2023-02-23,southeastasia,VM,55,984,444,118.86,1.02,False,3,2,1,0,59.0,1343.0,64.0,852.0,87.0,1685.0,68.33333333333333,91.0,55.0,1255.3333333333333,1439.0,984.0,68.14285714285714,91.0,51.0,1281.0,1867.0,852.0,0.5555555555555556,0.4959677419354839
2023-02-24,southeastasia,VM,96,585,374,102.58,0.99,False,4,2,1,0,55.0,984.0,91.0,1439.0,51.0,1867.0,70.0,96.0,55.0,970.6666666666666,1343.0,585.0,74.57142857142857,96.0,55.0,1097.857142857143,1439.0,585.0,0.9696969696969697,0.29485887096774194
2023-02-25,southeastasia,VM,62,1682,297,80.81,1.0,True,5,2,1,1,96.0,585.0,59.0,1343.0,82.0,1088.0,71.0,96.0,55.0,1083.6666666666667,1682.0,585.0,71.71428571428571,96.0,55.0,1182.7142857142858,1682.0,585.0,0.6262626262626263,0.8477822580645161
2023-02-26,southeastasia,VM,52,584,481,100.6,1.25,True,6,2,1,1,62.0,1682.0,55.0,984.0,75.0,1394.0,70.0,96.0,52.0,950.3333333333334,1682.0,584.0,68.42857142857143,96.0,52.0,1067.0,1682.0,584.0,0.5252525252525253,0.29435483870967744
2023-02-27,southeastasia,VM,95,1250,355,98.08,1.03,False,0,2,1,0,52.0,584.0,96.0,585.0,64.0,852.0,69.66666666666667,95.0,52.0,1172.0,1682.0,584.0,72.85714285714286,96.0,52.0,1123.857142857143,1682.0,584.0,0.9595959595959596,0.6300403225806451
2023-02-28,southeastasia,VM,71,1641,476,99.65,0.88,False,1,2,1,0,95.0,1250.0,62.0,1682.0,91.0,1439.0,72.66666666666667,95.0,52.0,1158.3333333333333,1641.0,584.0,70.0,96.0,52.0,1152.7142857142858,1682.0,584.0,0.7171717171717171,0.827116935483871
2023-03-01,southeastasia,VM,82,1130,348,111.43,1.08,False,2,3,1,0,71.0,1641.0,52.0,584.0,59.0,1343.0,82.66666666666667,95.0,71.0,1340.3333333333333,1641.0,1130.0,73.28571428571429,96.0,52.0,1122.2857142857142,1682.0,584.0,0.8282828282828283,0.5695564516129032
2023-03-02,southeastasia,VM,52,572,335,107.91,0.91,False,3,3,1,0,82.0,1130.0,95.0,1250.0,55.0,984.0,68.33333333333333,82.0,52.0,1114.3333333333333,1641.0,572.0,72.85714285714286,96.0,52.0,1063.4285714285713,1682.0,572.0,0.5252525252525253,0.28830645161290325
2023-03-03,southeastasia,VM,96,1516,407,114.03,0.86,False,4,3,1,0,52.0,572.0,71.0,1641.0,96.0,585.0,76.66666666666667,96.0,52.0,1072.6666666666667,1516.0,572.0,72.85714285714286,96.0,52.0,1196.4285714285713,1682.0,572.0,0.9696969696969697,0.7641129032258065
2023-03-04,southeastasia,VM,99,1248,265,105.87,1.22,True,5,3,1,1,96.0,1516.0,82.0,1130.0,62.0,1682.0,82.33333333333333,99.0,52.0,1112.0,1516.0,572.0,78.14285714285714,99.0,52.0,1134.4285714285713,1641.0,572.0,1.0,0.6290322580645161
2023-03-05,southeastasia,VM,58,898,362,90.09,0.94,True,6,3,1,1,99.0,1248.0,52.0,572.0,52.0,584.0,84.33333333333333,99.0,58.0,1220.6666666666667,1516.0,898.0,79.0,99.0,52.0,1179.2857142857142,1641.0,572.0,0.5858585858585859,0.4526209677419355
2023-03-06,southeastasia,VM,77,1042,219,101.0,0.95,False,0,3,1,0,58.0,898.0,96.0,1516.0,95.0,1250.0,78.0,99.0,58.0,1062.6666666666667,1248.0,898.0,76.42857142857143,99.0,52.0,1149.5714285714287,1641.0,572.0,0.7777777777777778,0.5252016129032258
2023-03-07,southeastasia,VM,82,1783,459,84.49,1.01,False,1,3,1,0,77.0,1042.0,99.0,1248.0,71.0,1641.0,72.33333333333333,82.0,58.0,1241.0,1783.0,898.0,78.0,99.0,52.0,1169.857142857143,1783.0,572.0,0.8282828282828283,0.8986895161290323
2023-03-08,southeastasia,VM,94,1736,380,89.38,1.05,False,2,3,1,0,82.0,1783.0,58.0,898.0,82.0,1130.0,84.33333333333333,94.0,77.0,1520.3333333333333,1783.0,1042.0,79.71428571428571,99.0,52.0,1256.4285714285713,1783.0,572.0,0.9494949494949495,0.875
2023-03-09,southeastasia,VM,78,1620,209,90.81,1.15,False,3,3,1,0,94.0,1736.0,77.0,1042.0,52.0,572.0,84.66666666666667,94.0,78.0,1713.0,1783.0,1620.0,83.42857142857143,99.0,58.0,1406.142857142857,1783.0,898.0,0.7878787878787878,0.8165322580645161
2023-03-10,southeastasia,VM,60,935,410,92.17,0.97,False,4,3,1,0,78.0,1620.0,82.0,1783.0,96.0,1516.0,77.33333333333333,94.0,60.0,1430.3333333333333,1736.0,935.0,78.28571428571429,99.0,58.0,1323.142857142857,1783.0,898.0,0.6060606060606061,0.47127016129032256
2023-03-11,southeastasia,VM,81,1391,425,108.14,0.88,True,5,3,1,1,60.0,935.0,94.0,1736.0,99.0,1248.0,73.0,81.0,60.0,1315.3333333333333,1620.0,935.0,75.71428571428571,94.0,58.0,1343.5714285714287,1783.0,898.0,0.8181818181818182,0.7011088709677419
2023-03-12,southeastasia,VM,56,1162,435,102.27,1.13,True,6,3,1,1,81.0,1391.0,78.0,1620.0,58.0,898.0,65.66666666666667,81.0,56.0,1162.6666666666667,1391.0,935.0,75.42857142857143,94.0,56.0,1381.2857142857142,1783.0,935.0,0.5656565656565656,0.5856854838709677
2023-03-13,southeastasia,VM,86,1634,335,83.93,1.02,False,0,3,1,0,56.0,1162.0,60.0,935.0,77.0,1042.0,74.33333333333333,86.0,56.0,1395.6666666666667,1634.0,1162.0,76.71428571428571,94.0,56.0,1465.857142857143,1783.0,935.0,0.8686868686868687,0.8235887096774194
2023-03-14,southeastasia,VM,60,1514,269,102.6,1.08,False,1,3,1,0,86.0,1634.0,81.0,1391.0,82.0,1783.0,67.33333333333333,86.0,56.0,1436.6666666666667,1634.0,1162.0,73.57142857142857,94.0,56.0,1427.4285714285713,1736.0,935.0,0.6060606060606061,0.7631048387096774
2023-03-15,southeastasia,VM,71,1163,308,87.63,0.87,False,2,3,1,0,60.0,1514.0,56.0,1162.0,94.0,1736.0,72.33333333333333,86.0,60.0,1437.0,1634.0,1163.0,70.28571428571429,86.0,56.0,1345.5714285714287,1634.0,935.0,0.7171717171717171,0.5861895161290323
2023-03-16,southeastasia,VM,60,636,289,105.22,1.03,False,3,3,1,0,71.0,1163.0,86.0,1634.0,78.0,1620.0,63.666666666666664,71.0,60.0,1104.3333333333333,1514.0,636.0,67.71428571428571,86.0,56.0,1205.0,1634.0,636.0,0.6060606060606061,0.32056451612903225
2023-03-17,southeastasia,VM,55,1308,381,102.5,1.03,False,4,3,1,0,60.0,636.0,60.0,1514.0,60.0,935.0,62.0,71.0,55.0,1035.6666666666667,1308.0,636.0,67.0,86.0,55.0,1258.2857142857142,1634.0,636.0,0.5555555555555556,0.6592741935483871
2023-03-18,southeastasia,VM,55,1138,359,93.2,1.02,True,5,3,1,1,55.0,1308.0,71.0,1163.0,81.0,1391.0,56.666666666666664,60.0,55.0,1027.3333333333333,1308.0,636.0,63.285714285714285,86.0,55.0,1222.142857142857,1634.0,636.0,0.5555555555555556,0.5735887096774194
2023-03-19,southeastasia,VM,98,1028,297,102.93,0.93,True,6,3,1,1,55.0,1138.0,60.0,636.0,56.0,1162.0,69.33333333333333,98.0,55.0,1158.0,1308.0,1028.0,69.28571428571429,98.0,55.0,1203.0,1634.0,636.0,0.98989898989899,0.5181451612903226
2023-03-20,southeastasia,VM,95,1383,413,118.66,1.05,False,0,3,1,0,98.0,1028.0,55.0,1308.0,86.0,1634.0,82.66666666666667,98.0,55.0,1183.0,1383.0,1028.0,70.57142857142857,98.0,55.0,1167.142857142857,1514.0,636.0,0.9595959595959596,0.6970766129032258
2023-03-21,southeastasia,VM,57,1066,246,88.09,1.07,False,1,3,1,0,95.0,1383.0,55.0,1138.0,60.0,1514.0,83.33333333333333,98.0,57.0,1159.0,1383.0,1028.0,70.14285714285714,98.0,55.0,1103.142857142857,1383.0,636.0,0.5757575757575758,0.5372983870967742
2023-03-22,southeastasia,VM,70,1169,468,90.25,1.08,False,2,3,1,0,57.0,1066.0,98.0,1028.0,71.0,1163.0,74.0,95.0,57.0,1206.0,1383.0,1066.0,70.0,98.0,55.0,1104.0,1383.0,636.0,0.7070707070707071,0.5892137096774194
2023-03-23,southeastasia,VM,83,540,274,111.59,0.92,False,3,3,1,0,70.0,1169.0,95.0,1383.0,60.0,636.0,70.0,83.0,57.0,925.0,1169.0,540.0,73.28571428571429,98.0,55.0,1090.2857142857142,1383.0,540.0,0.8383838383838383,0.2721774193548387
2023-03-24,southeastasia,VM,84,1836,316,109.63,1.04,False,4,3,1,0,83.0,540.0,57.0,1066.0,55.0,1308.0,79.0,84.0,70.0,1181.6666666666667,1836.0,540.0,77.42857142857143,98.0,55.0,1165.7142857142858,1836.0,540.0,0.8484848484848485,0.9254032258064516
2023-03-25,southeastasia,VM,71,582,309,108.22,1.19,True,5,3,1,1,84.0,1836.0,70.0,1169.0,55.0,1138.0,79.33333333333333,84.0,71.0,986.0,1836.0,540.0,79.71428571428571,98.0,57.0,1086.2857142857142,1836.0,540.0,0.7171717171717171,0.2933467741935484
2023-03-26,southeastasia,VM,65,976,261,97.55,0.92,True,6,3,1,1,71.0,582.0,83.0,540.0,98.0,1028.0,73.33333333333333,84.0,65.0,1131.3333333333333,1836.0,582.0,75.0,95.0,57.0,1078.857142857143,1836.0,540.0,0.6565656565656566,0.49193548387096775
2023-03-27,southeastasia,VM,78,905,431,91.1,0.92,False,0,3,1,0,65.0,976.0,84.0,1836.0,95.0,1383.0,71.33333333333333,78.0,65.0,821.0,976.0,582.0,72.57142857142857,84.0,57.0,1010.5714285714286,1836.0,540.0,0.7878787878787878,0.4561491935483871
2023-03-28,southeastasia,VM,69,1152,388,99.23,1.03,False,1,3,1,0,78.0,905.0,71.0,582.0,57.0,1066.0,70.66666666666667,78.0,65.0,1011.0,1152.0,905.0,74.28571428571429,84.0,65.0,1022.8571428571429,1836.0,540.0,0.696969696969697,0.5806451612903226
2023-03-29,southeastasia,VM,95,500,367,102.77,1.08,False,2,3,1,0,69.0,1152.0,65.0,976.0,70.0,1169.0,80.66666666666667,95.0,69.0,852.3333333333334,1152.0,500.0,77.85714285714286,95.0,65.0,927.2857142857143,1836.0,500.0,0.9595959595959596,0.25201612903225806
2023-03-30,southeastasia,VM,96,911,283,100.13,1.15,False,3,3,1,0,95.0,500.0,78.0,905.0,83.0,540.0,86.66666666666667,96.0,69.0,854.3333333333334,1152.0,500.0,79.71428571428571,96.0,65.0,980.2857142857143,1836.0,500.0,0.9696969696969697,0.4591733870967742
2023-03-31,southeastasia,VM,74,1802,493,97.35,1.27,False,4,3,1,0,96.0,911.0,69.0,1152.0,84.0,1836.0,88.33333333333333,96.0,74.0,1071.0,1802.0,500.0,78.28571428571429,96.0,65.0,975.4285714285714,1802.0,500.0,0.7474747474747475,0.9082661290322581
2023-01-01,westus,Container,52,1832,457,104.97,0.99,True,6,1,1,1,,,,,,,,,,,,,,,,,,,0.5252525252525253,0.9224572004028198
2023-01-02,westus,Container,99,1276,252,106.48,1.15,False,0,1,1,0,52.0,1832.0,,,,,,,,,,,,,,,,,1.0,0.6424974823766365
2023-01-03,westus,Container,73,716,451,97.66,0.98,False,1,1,1,0,99.0,1276.0,,,,,74.66666666666667,99.0,52.0,1274.6666666666667,1832.0,716.0,,,,,,,0.7373737373737373,0.3605236656596173
2023-01-04,westus,Container,93,1225,234,115.79,1.08,False,2,1,1,0,73.0,716.0,52.0,1832.0,,,88.33333333333333,99.0,73.0,1072.3333333333333,1276.0,716.0,,,,,,,0.9393939393939394,0.6168177240684793
2023-01-05,westus,Container,94,1512,333,95.31,1.05,False,3,1,1,0,93.0,1225.0,99.0,1276.0,,,86.66666666666667,94.0,73.0,1151.0,1512.0,716.0,,,,,,,0.9494949494949495,0.7613293051359517
2023-01-06,westus,Container,86,1451,280,95.37,0.95,False,4,1,1,0,94.0,1512.0,73.0,716.0,,,91.0,94.0,86.0,1396.0,1512.0,1225.0,,,,,,,0.8686868686868687,0.7306143001007049
2023-01-07,westus,Container,69,1263,346,102.42,0.81,True,5,1,1,1,86.0,1451.0,93.0,1225.0,,,83.0,94.0,69.0,1408.6666666666667,1512.0,1263.0,80.85714285714286,99.0,52.0,1325.0,1832.0,716.0,0.696969696969697,0.6359516616314199
2023-01-08,westus,Container,69,651,253,82.75,0.94,True,6,1,1,1,69.0,1263.0,94.0,1512.0,52.0,1832.0,74.66666666666667,86.0,69.0,1121.6666666666667,1451.0,651.0,83.28571428571429,99.0,69.0,1156.2857142857142,1512.0,651.0,0.696969696969697,0.32779456193353473
2023-01-09,westus,Container,95,537,429,89.87,1.03,False,0,1,1,0,69.0,651.0,86.0,1451.0,99.0,1276.0,77.66666666666667,95.0,69.0,817.0,1263.0,537.0,82.71428571428571,95.0,69.0,1050.7142857142858,1512.0,537.0,0.9595959595959596,0.270392749244713
2023-01-10,westus,Container,70,1427,360,90.92,0.86,False,1,1,1,0,95.0,537.0,69.0,1263.0,73.0,716.0,78.0,95.0,69.0,871.6666666666666,1427.0,537.0,82.28571428571429,95.0,69.0,1152.2857142857142,1512.0,537.0,0.7070707070707071,0.7185297079556898
2023-01-11,westus,Container,61,970,342,114.66,0.98,False,2,1,1,0,70.0,1427.0,69.0,651.0,93.0,1225.0,75.33333333333333,95.0,61.0,978.0,1427.0,537.0,77.71428571428571,95.0,61.0,1115.857142857143,1512.0,537.0,0.6161616161616161,0.48841893252769386
2023-01-12,westus,Container,62,869,323,100.68,0.86,False,3,1,1,0,61.0,970.0,95.0,537.0,94.0,1512.0,64.33333333333333,70.0,61.0,1088.6666666666667,1427.0,869.0,73.14285714285714,95.0,61.0,1024.0,1451.0,537.0,0.6262626262626263,0.4375629405840886
2023-01-13,westus,Container,78,1743,268,94.56,1.01,False,4,1,1,0,62.0,869.0,70.0,1427.0,86.0,1451.0,67.0,78.0,61.0,1194.0,1743.0,869.0,72.0,95.0,61.0,1065.7142857142858,1743.0,537.0,0.7878787878787878,0.877643504531722
2023-01-14,westus,Container,61,1189,362,88.49,1.04,True,5,1,1,1,78.0,1743.0,61.0,970.0,69.0,1263.0,67.0,78.0,61.0,1267.0,1743.0,869.0,70.85714285714286,95.0,61.0,1055.142857142857,1743.0,537.0,0.6161616161616161,0.5986908358509567
2023-01-15,westus,Container,70,1520,448,93.99,0.97,True,6,1,1,1,61.0,1189.0,62.0,869.0,69.0,651.0,69.66666666666667,78.0,61.0,1484.0,1743.0,1189.0,71.0,95.0,61.0,1179.2857142857142,1743.0,537.0,0.7070707070707071,0.7653575025176234
2023-01-16,westus,Container,68,575,464,93.98,1.19,False,0,1,1,0,70.0,1520.0,78.0,1743.0,95.0,537.0,66.33333333333333,70.0,61.0,1094.6666666666667,1520.0,575.0,67.14285714285714,78.0,61.0,1184.7142857142858,1743.0,575.0,0.6868686868686869,0.2895266868076536
2023-01-17,westus,Container,89,669,482,99.87,0.89,False,1,1,1,0,68.0,575.0,61.0,1189.0,70.0,1427.0,75.66666666666667,89.0,68.0,921.3333333333334,1520.0,575.0,69.85714285714286,89.0,61.0,1076.4285714285713,1743.0,575.0,0.898989898989899,0.3368580060422961
2023-01-18,westus,Container,52,847,389,108.23,0.88,False,2,1,1,0,89.0,669.0,70.0,1520.0,61.0,970.0,69.66666666666667,89.0,52.0,697.0,847.0,575.0,68.57142857142857,89.0,52.0,1058.857142857143,1743.0,575.0,0.5252525252525253,0.42648539778449146
2023-01-19,westus,Container,57,857,355,102.09,0.8,False,3,1,1,0,52.0,847.0,68.0,575.0,62.0,869.0,66.0,89.0,52.0,791.0,857.0,669.0,67.85714285714286,89.0,52.0,1057.142857142857,1743.0,575.0,0.5757575757575758,0.43152064451158106
2023-01-20,westus,Container,82,873,264,86.72,1.02,False,4,1,1,0,57.0,857.0,89.0,669.0,78.0,1743.0,63.666666666666664,82.0,52.0,859.0,873.0,847.0,68.42857142857143,89.0,52.0,932.8571428571429,1520.0,575.0,0.8282828282828283,0.4395770392749245
2023-01-21,westus,Container,50,1380,487,107.38,1.02,True,5,1,1,1,82.0,873.0,52.0,847.0,61.0,1189.0,63.0,82.0,50.0,1036.6666666666667,1380.0,857.0,66.85714285714286,89.0,50.0,960.1428571428571,1520.0,575.0,0.5050505050505051,0.6948640483383686
2023-01-22,westus,Container,87,1829,297,98.84,0.97,True,6,1,1,1,50.0,1380.0,57.0,857.0,70.0,1520.0,73.0,87.0,50.0,1360.6666666666667,1829.0,873.0,69.28571428571429,89.0,50.0,1004.2857142857143,1829.0,575.0,0.8787878787878788,0.9209466263846928
2023-01-23,westus,Container,53,859,383,85.21,0.93,False,0,1,1,0,87.0,1829.0,82.0,873.0,68.0,575.0,63.333333333333336,87.0,50.0,1356.0,1829.0,859.0,67.14285714285714,89.0,50.0,1044.857142857143,1829.0,669.0,0.5353535353535354,0.432527693856999
2023-01-24,westus,Container,97,836,225,95.39,1.11,False,1,1,1,0,53.0,859.0,50.0,1380.0,89.0,669.0,79.0,97.0,53.0,1174.6666666666667,1829.0,836.0,68.28571428571429,97.0,50.0,1068.7142857142858,1829.0,836.0,0.9797979797979798,0.4209466263846928
2023-01-25,westus,Container,59,1562,472,103.44,0.82,False,2,1,1,0,97.0,836.0,87.0,1829.0,52.0,847.0,69.66666666666667,97.0,53.0,1085.6666666666667,1562.0,836.0,69.28571428571429,97.0,50.0,1170.857142857143,1829.0,836.0,0.5959595959595959,0.7865055387713998
2023-01-26,westus,Container,82,1960,349,103.24,0.96,False,3,1,1,0,59.0,1562.0,53.0,859.0,57.0,857.0,79.33333333333333,97.0,59.0,1452.6666666666667,1960.0,836.0,72.85714285714286,97.0,50.0,1328.4285714285713,1960.0,836.0,0.8282828282828283,0.9869083585095669
2023-01-27,westus,Container,93,825,317,93.23,1.06,False,4,1,1,0,82.0,1960.0,97.0,836.0,82.0,873.0,78.0,93.0,59.0,1449.0,1960.0,825.0,74.42857142857143,97.0,50.0,1321.5714285714287,1960.0,825.0,0.9393939393939394,0.41540785498489424
2023-01-28,westus,Container,84,1618,268,110.31,1.09,True,5,1,1,1,93.0,825.0,59.0,1562.0,50.0,1380.0,86.33333333333333,93.0,82.0,1467.6666666666667,1960.0,825.0,79.28571428571429,97.0,53.0,1355.5714285714287,1960.0,825.0,0.8484848484848485,0.8147029204431017
2023-01-29,westus,Container,87,1546,262,91.61,0.97,True,6,1,1,1,84.0,1618.0,82.0,1960.0,87.0,1829.0,88.0,93.0,84.0,1329.6666666666667,1618.0,825.0,79.28571428571429,97.0,53.0,1315.142857142857,1960.0,825.0,0.8787878787878788,0.7784491440080564
2023-01-30,westus,Container,87,1682,427,103.31,1.1,False,0,1,1,0,87.0,1546.0,93.0,825.0,53.0,859.0,86.0,87.0,84.0,1615.3333333333333,1682.0,1546.0,84.14285714285714,97.0,59.0,1432.7142857142858,1960.0,825.0,0.8787878787878788,0.8469284994964753
2023-01-31,westus,Container,62,1457,409,95.21,0.98,False,1,1,1,0,87.0,1682.0,84.0,1618.0,97.0,836.0,78.66666666666667,87.0,62.0,1561.6666666666667,1682.0,1457.0,79.14285714285714,93.0,59.0,1521.4285714285713,1960.0,825.0,0.6262626262626263,0.7336354481369587
2023-02-01,westus,Container,59,1959,316,88.94,0.88,False,2,2,1,0,62.0,1457.0,87.0,1546.0,59.0,1562.0,69.33333333333333,87.0,59.0,1699.3333333333333,1959.0,1457.0,79.14285714285714,93.0,59.0,1578.142857142857,1960.0,825.0,0.5959595959595959,0.986404833836858
2023-02-02,westus,Container,89,1060,456,108.13,1.14,False,3,2,1,0,59.0,1959.0,87.0,1682.0,82.0,1960.0,70.0,89.0,59.0,1492.0,1959.0,1060.0,80.14285714285714,93.0,59.0,1449.5714285714287,1959.0,825.0,0.898989898989899,0.5337361530715005
2023-02-03,westus,Container,77,1701,207,99.28,1.1,False,4,2,1,0,89.0,1060.0,62.0,1457.0,93.0,825.0,75.0,89.0,59.0,1573.3333333333333,1959.0,1060.0,77.85714285714286,89.0,59.0,1574.7142857142858,1959.0,1060.0,0.7777777777777778,0.8564954682779456
2023-02-04,westus,Container,68,1904,235,103.62,0.94,True,5,2,1,1,77.0,1701.0,59.0,1959.0,84.0,1618.0,78.0,89.0,68.0,1555.0,1904.0,1060.0,75.57142857142857,89.0,59.0,1615.5714285714287,1959.0,1060.0,0.6868686868686869,0.9587109768378651
2023-02-05,westus,Container,51,736,480,103.61,1.15,True,6,2,1,1,68.0,1904.0,89.0,1060.0,87.0,1546.0,65.33333333333333,77.0,51.0,1447.0,1904.0,736.0,70.42857142857143,89.0,51.0,1499.857142857143,1959.0,736.0,0.5151515151515151,0.37059415911379656
2023-02-06,westus,Container,94,1320,372,99.64,1.16,False,0,2,1,0,51.0,736.0,77.0,1701.0,87.0,1682.0,71.0,94.0,51.0,1320.0,1904.0,736.0,71.42857142857143,94.0,51.0,1448.142857142857,1959.0,736.0,0.9494949494949495,0.6646525679758308
2023-02-07,westus,Container,75,1973,272,73.8,1.08,False,1,2,1,0,94.0,1320.0,68.0,1904.0,62.0,1457.0,73.33333333333333,94.0,51.0,1343.0,1973.0,736.0,73.28571428571429,94.0,51.0,1521.857142857143,1973.0,736.0,0.7575757575757576,0.9934541792547835
2023-02-08,westus,Container,57,965,288,100.87,0.97,False,2,2,1,0,75.0,1973.0,51.0,736.0,59.0,1959.0,75.33333333333333,94.0,57.0,1419.3333333333333,1973.0,965.0,73.0,94.0,51.0,1379.857142857143,1973.0,736.0,0.5757575757575758,0.48590130916414903
2023-02-09,westus,Container,94,1621,330,100.92,0.8,False,3,2,1,0,57.0,965.0,94.0,1320.0,89.0,1060.0,75.33333333333333,94.0,57.0,1519.6666666666667,1973.0,965.0,73.71428571428571,94.0,51.0,1460.0,1973.0,736.0,0.9494949494949495,0.8162134944612286
2023-02-10,westus,Container,93,1762,465,97.8,1.04,False,4,2,1,0,94.0,1621.0,75.0,1973.0,77.0,1701.0,81.33333333333333,94.0,57.0,1449.3333333333333,1762.0,965.0,76.0,94.0,51.0,1468.7142857142858,1973.0,736.0,0.9393939393939394,0.8872104733131924
2023-02-11,westus,Container,83,1324,417,114.78,0.95,True,5,2,1,1,93.0,1762.0,57.0,965.0,68.0,1904.0,90.0,94.0,83.0,1569.0,1762.0,1324.0,78.14285714285714,94.0,51.0,1385.857142857143,1973.0,736.0,0.8383838383838383,0.6666666666666666
2023-02-12,westus,Container,77,1718,425,91.92,0.95,True,6,2,1,1,83.0,1324.0,94.0,1621.0,51.0,736.0,84.33333333333333,93.0,77.0,1601.3333333333333,1762.0,1324.0,81.85714285714286,94.0,57.0,1526.142857142857,1973.0,965.0,0.7777777777777778,0.865055387713998
2023-02-13,westus,Container,76,1812,461,109.15,1.03,False,0,2,1,0,77.0,1718.0,93.0,1762.0,94.0,1320.0,78.66666666666667,83.0,76.0,1618.0,1812.0,1324.0,79.28571428571429,94.0,57.0,1596.4285714285713,1973.0,965.0,0.7676767676767676,0.9123867069486404
2023-02-14,westus,Container,88,1747,212,94.7,1.05,False,1,2,1,0,76.0,1812.0,83.0,1324.0,75.0,1973.0,80.33333333333333,88.0,76.0,1759.0,1812.0,1718.0,81.14285714285714,94.0,57.0,1564.142857142857,1812.0,965.0,0.8888888888888888,0.8796576032225579
2023-02-15,westus,Container,67,805,469,100.97,1.1,False,2,2,1,0,88.0,1747.0,77.0,1718.0,57.0,965.0,77.0,88.0,67.0,1454.6666666666667,1812.0,805.0,82.57142857142857,94.0,67.0,1541.2857142857142,1812.0,805.0,0.6767676767676768,0.405337361530715
2023-02-16,westus,Container,60,1348,435,92.98,0.97,False,3,2,1,0,67.0,805.0,76.0,1812.0,94.0,1621.0,71.66666666666667,88.0,60.0,1300.0,1747.0,805.0,77.71428571428571,93.0,60.0,1502.2857142857142,1812.0,805.0,0.6060606060606061,0.6787512588116817
2023-02-17,westus,Container,64,1676,421,96.08,0.85,False,4,2,1,0,60.0,1348.0,88.0,1747.0,93.0,1762.0,63.666666666666664,67.0,60.0,1276.3333333333333,1676.0,805.0,73.57142857142857,88.0,60.0,1490.0,1812.0,805.0,0.6464646464646465,0.8439073514602216
2023-02-18,westus,Container,81,1986,279,102.96,1.03,True,5,2,1,1,64.0,1676.0,67.0,805.0,83.0,1324.0,68.33333333333333,81.0,60.0,1670.0,1986.0,1348.0,73.28571428571429,88.0,60.0,1584.5714285714287,1986.0,805.0,0.8181818181818182,1.0
2023-02-19,westus,Container,57,1841,283,100.05,0.98,True,6,2,1,1,81.0,1986.0,60.0,1348.0,77.0,1718.0,67.33333333333333,81.0,57.0,1834.3333333333333,1986.0,1676.0,70.42857142857143,88.0,57.0,1602.142857142857,1986.0,805.0,0.5757575757575758,0.9269889224572004
2023-02-20,westus,Container,67,1413,410,85.85,0.96,False,0,2,1,0,57.0,1841.0,64.0,1676.0,76.0,1812.0,68.33333333333333,81.0,57.0,1746.6666666666667,1986.0,1413.0,69.14285714285714,88.0,57.0,1545.142857142857,1986.0,805.0,0.6767676767676768,0.7114803625377644
2023-02-21,westus,Container,61,1760,217,96.57,0.92,False,1,2,1,0,67.0,1413.0,81.0,1986.0,88.0,1747.0,61.666666666666664,67.0,57.0,1671.3333333333333,1841.0,1413.0,65.28571428571429,81.0,57.0,1547.0,1986.0,805.0,0.6161616161616161,0.8862034239677744
2023-02-22,westus,Container,50,1947,363,98.39,1.04,False,2,2,1,0,61.0,1760.0,57.0,1841.0,67.0,805.0,59.333333333333336,67.0,50.0,1706.6666666666667,1947.0,1413.0,62.857142857142854,81.0,50.0,1710.142857142857,1986.0,1348.0,0.5050505050505051,0.9803625377643505
2023-02-23,westus,Container,69,833,329,118.86,1.02,False,3,2,1,0,50.0,1947.0,67.0,1413.0,60.0,1348.0,60.0,69.0,50.0,1513.3333333333333,1947.0,833.0,64.14285714285714,81.0,50.0,1636.5714285714287,1986.0,833.0,0.696969696969697,0.41943605236656595
2023-02-24,westus,Container,69,650,325,102.58,0.99,False,4,2,1,0,69.0,833.0,61.0,1760.0,64.0,1676.0,62.666666666666664,69.0,50.0,1143.3333333333333,1947.0,650.0,64.85714285714286,81.0,50.0,1490.0,1986.0,650.0,0.696969696969697,0.32729103726082576
2023-02-25,westus,Container,90,1743,391,80.81,1.0,True,5,2,1,1,69.0,650.0,50.0,1947.0,81.0,1986.0,76.0,90.0,69.0,1075.3333333333333,1743.0,650.0,66.14285714285714,90.0,50.0,1455.2857142857142,1947.0,650.0,0.9090909090909091,0.877643504531722
2023-02-26,westus,Container,74,1940,423,100.6,1.25,True,6,2,1,1,90.0,1743.0,69.0,833.0,57.0,1841.0,77.66666666666667,90.0,69.0,1444.3333333333333,1940.0,650.0,68.57142857142857,90.0,50.0,1469.4285714285713,1947.0,650.0,0.7474747474747475,0.9768378650553877
2023-02-27,westus,Container,60,550,470,98.08,1.03,False,0,2,1,0,74.0,1940.0,69.0,650.0,67.0,1413.0,74.66666666666667,90.0,60.0,1411.0,1940.0,550.0,67.57142857142857,90.0,50.0,1346.142857142857,1947.0,550.0,0.6060606060606061,0.2769385699899295
2023-02-28,westus,Container,91,944,497,99.65,0.88,False,1,2,1,0,60.0,550.0,90.0,1743.0,61.0,1760.0,75.0,91.0,60.0,1144.6666666666667,1940.0,550.0,71.85714285714286,91.0,50.0,1229.5714285714287,1947.0,550.0,0.9191919191919192,0.47532729103726085
2023-03-01,westus,Container,59,1356,345,111.43,1.08,False,2,3,1,0,91.0,944.0,74.0,1940.0,50.0,1947.0,70.0,91.0,59.0,950.0,1356.0,550.0,73.14285714285714,91.0,59.0,1145.142857142857,1940.0,550.0,0.5959595959595959,0.6827794561933535
2023-03-02,westus,Container,95,1741,301,107.91,0.91,False,3,3,1,0,59.0,1356.0,60.0,550.0,69.0,833.0,81.66666666666667,95.0,59.0,1347.0,1741.0,944.0,76.85714285714286,95.0,59.0,1274.857142857143,1940.0,550.0,0.9595959595959596,0.8766364551863042
2023-03-03,westus,Container,87,1732,490,114.03,0.86,False,4,3,1,0,95.0,1741.0,91.0,944.0,69.0,650.0,80.33333333333333,95.0,59.0,1609.6666666666667,1741.0,1356.0,79.42857142857143,95.0,59.0,1429.4285714285713,1940.0,550.0,0.8787878787878788,0.8721047331319235
2023-03-04,westus,Container,55,905,430,105.87,1.22,True,5,3,1,1,87.0,1732.0,59.0,1356.0,90.0,1743.0,79.0,95.0,55.0,1459.3333333333333,1741.0,905.0,74.42857142857143,95.0,55.0,1309.7142857142858,1940.0,550.0,0.5555555555555556,0.4556898288016113
2023-03-05,westus,Container,67,1952,490,90.09,0.94,True,6,3,1,1,55.0,905.0,95.0,1741.0,74.0,1940.0,69.66666666666667,87.0,55.0,1529.6666666666667,1952.0,905.0,73.42857142857143,95.0,55.0,1311.4285714285713,1952.0,550.0,0.6767676767676768,0.9828801611278952
2023-03-06,westus,Container,52,982,224,101.0,0.95,False,0,3,1,0,67.0,1952.0,87.0,1732.0,60.0,550.0,58.0,67.0,52.0,1279.6666666666667,1952.0,905.0,72.28571428571429,95.0,52.0,1373.142857142857,1952.0,905.0,0.5252525252525253,0.4944612286002014
2023-03-07,westus,Container,58,1622,348,84.49,1.01,False,1,3,1,0,52.0,982.0,55.0,905.0,91.0,944.0,59.0,67.0,52.0,1518.6666666666667,1952.0,982.0,67.57142857142857,95.0,52.0,1470.0,1952.0,905.0,0.5858585858585859,0.8167170191339376
2023-03-08,westus,Container,51,904,445,89.38,1.05,False,2,3,1,0,58.0,1622.0,67.0,1952.0,59.0,1356.0,53.666666666666664,58.0,51.0,1169.3333333333333,1622.0,904.0,66.42857142857143,95.0,51.0,1405.4285714285713,1952.0,904.0,0.5151515151515151,0.4551863041289023
2023-03-09,westus,Container,70,1053,312,90.81,1.15,False,3,3,1,0,51.0,904.0,52.0,982.0,95.0,1741.0,59.666666666666664,70.0,51.0,1193.0,1622.0,904.0,62.857142857142854,87.0,51.0,1307.142857142857,1952.0,904.0,0.7070707070707071,0.5302114803625377
2023-03-10,westus,Container,72,542,308,92.17,0.97,False,4,3,1,0,70.0,1053.0,58.0,1622.0,87.0,1732.0,64.33333333333333,72.0,51.0,833.0,1053.0,542.0,60.714285714285715,72.0,51.0,1137.142857142857,1952.0,542.0,0.7272727272727273,0.2729103726082578
2023-03-11,westus,Container,90,668,416,108.14,0.88,True,5,3,1,1,72.0,542.0,51.0,904.0,55.0,905.0,77.33333333333333,90.0,70.0,754.3333333333334,1053.0,542.0,65.71428571428571,90.0,51.0,1103.2857142857142,1952.0,542.0,0.9090909090909091,0.3363544813695871
2023-03-12,westus,Container,88,996,467,102.27,1.13,True,6,3,1,1,90.0,668.0,70.0,1053.0,67.0,1952.0,83.33333333333333,90.0,72.0,735.3333333333334,996.0,542.0,68.71428571428571,90.0,51.0,966.7142857142857,1622.0,542.0,0.8888888888888888,0.5015105740181269
2023-03-13,westus,Container,92,920,388,83.93,1.02,False,0,3,1,0,88.0,996.0,72.0,542.0,52.0,982.0,90.0,92.0,88.0,861.3333333333334,996.0,668.0,74.42857142857143,92.0,51.0,957.8571428571429,1622.0,542.0,0.9292929292929293,0.46324269889224573
2023-03-14,westus,Container,58,999,285,102.6,1.08,False,1,3,1,0,92.0,920.0,90.0,668.0,58.0,1622.0,79.33333333333333,92.0,58.0,971.6666666666666,999.0,920.0,74.42857142857143,92.0,51.0,868.8571428571429,1053.0,542.0,0.5858585858585859,0.5030211480362538
2023-03-15,westus,Container,63,835,385,87.63,0.87,False,2,3,1,0,58.0,999.0,88.0,996.0,51.0,904.0,71.0,92.0,58.0,918.0,999.0,835.0,76.14285714285714,92.0,58.0,859.0,1053.0,542.0,0.6363636363636364,0.4204431017119839
2023-03-16,westus,Container,94,660,397,105.22,1.03,False,3,3,1,0,63.0,835.0,92.0,920.0,70.0,1053.0,71.66666666666667,94.0,58.0,831.3333333333334,999.0,660.0,79.57142857142857,94.0,58.0,802.8571428571429,999.0,542.0,0.9494949494949495,0.3323262839879154
2023-03-17,westus,Container,54,855,269,102.5,1.03,False,4,3,1,0,94.0,660.0,58.0,999.0,72.0,542.0,70.33333333333333,94.0,54.0,783.3333333333334,855.0,660.0,77.0,94.0,54.0,847.5714285714286,999.0,660.0,0.5454545454545454,0.43051359516616317
2023-03-18,westus,Container,93,1340,427,93.2,1.02,True,5,3,1,1,54.0,855.0,63.0,835.0,90.0,668.0,80.33333333333333,94.0,54.0,951.6666666666666,1340.0,660.0,77.42857142857143,94.0,54.0,943.5714285714286,1340.0,660.0,0.9393939393939394,0.67472306143001
2023-03-19,westus,Container,91,1516,285,102.93,0.93,True,6,3,1,1,93.0,1340.0,94.0,660.0,88.0,996.0,79.33333333333333,93.0,54.0,1237.0,1516.0,855.0,77.85714285714286,94.0,54.0,1017.8571428571429,1516.0,660.0,0.9191919191919192,0.7633434038267876
2023-03-20,westus,Container,59,1110,391,118.66,1.05,False,0,3,1,0,91.0,1516.0,54.0,855.0,92.0,920.0,81.0,93.0,59.0,1322.0,1516.0,1110.0,73.14285714285714,94.0,54.0,1045.0,1516.0,660.0,0.5959595959595959,0.5589123867069486
2023-03-21,westus,Container,74,878,377,88.09,1.07,False,1,3,1,0,59.0,1110.0,93.0,1340.0,58.0,999.0,74.66666666666667,91.0,59.0,1168.0,1516.0,878.0,75.42857142857143,94.0,54.0,1027.7142857142858,1516.0,660.0,0.7474747474747475,0.4420946626384693
2023-03-22,westus,Container,79,1465,445,90.25,1.08,False,2,3,1,0,74.0,878.0,91.0,1516.0,63.0,835.0,70.66666666666667,79.0,59.0,1151.0,1465.0,878.0,77.71428571428571,94.0,54.0,1117.7142857142858,1516.0,660.0,0.797979797979798,0.7376636455186304
2023-03-23,westus,Container,73,1749,330,111.59,0.92,False,3,3,1,0,79.0,1465.0,59.0,1110.0,94.0,660.0,75.33333333333333,79.0,73.0,1364.0,1749.0,878.0,74.71428571428571,93.0,54.0,1273.2857142857142,1749.0,855.0,0.7373737373737373,0.8806646525679759
2023-03-24,westus,Container,69,623,200,109.63,1.04,False,4,3,1,0,73.0,1749.0,74.0,878.0,54.0,855.0,73.66666666666667,79.0,69.0,1279.0,1749.0,623.0,76.85714285714286,93.0,59.0,1240.142857142857,1749.0,623.0,0.696969696969697,0.31369587109768376
2023-03-25,westus,Container,57,1201,234,108.22,1.19,True,5,3,1,1,69.0,623.0,79.0,1465.0,93.0,1340.0,66.33333333333333,73.0,57.0,1191.0,1749.0,623.0,71.71428571428571,91.0,57.0,1220.2857142857142,1749.0,623.0,0.5757575757575758,0.6047331319234642
2023-03-26,westus,Container,74,1726,426,97.55,0.92,True,6,3,1,1,57.0,1201.0,73.0,1749.0,91.0,1516.0,66.66666666666667,74.0,57.0,1183.3333333333333,1726.0,623.0,69.28571428571429,79.0,57.0,1250.2857142857142,1749.0,623.0,0.7474747474747475,0.8690835850956697
2023-03-27,westus,Container,81,1588,207,91.1,0.92,False,0,3,1,0,74.0,1726.0,69.0,623.0,59.0,1110.0,70.66666666666667,81.0,57.0,1505.0,1726.0,1201.0,72.42857142857143,81.0,57.0,1318.5714285714287,1749.0,623.0,0.8181818181818182,0.7995971802618328
2023-03-28,westus,Container,55,1229,482,99.23,1.03,False,1,3,1,0,81.0,1588.0,57.0,1201.0,74.0,878.0,70.0,81.0,55.0,1514.3333333333333,1726.0,1229.0,69.71428571428571,81.0,55.0,1368.7142857142858,1749.0,623.0,0.5555555555555556,0.6188318227593153
2023-03-29,westus,Container,73,1318,258,102.77,1.08,False,2,3,1,0,55.0,1229.0,74.0,1726.0,79.0,1465.0,69.66666666666667,81.0,55.0,1378.3333333333333,1588.0,1229.0,68.85714285714286,81.0,55.0,1347.7142857142858,1749.0,623.0,0.7373737373737373,0.6636455186304129
2023-03-30,westus,Container,94,930,414,100.13,1.15,False,3,3,1,0,73.0,1318.0,81.0,1588.0,73.0,1749.0,74.0,94.0,55.0,1159.0,1318.0,930.0,71.85714285714286,94.0,55.0,1230.7142857142858,1726.0,623.0,0.9494949494949495,0.46827794561933533
2023-03-31,westus,Container,51,886,495,97.35,1.27,False,4,3,1,0,94.0,930.0,55.0,1229.0,69.0,623.0,72.66666666666667,94.0,51.0,1044.6666666666667,1318.0,886.0,69.28571428571429,94.0,51.0,1268.2857142857142,1726.0,886.0,0.5151515151515151,0.446122860020141
2023-01-01,westus,Storage,85,1371,351,104.97,0.99,True,6,1,1,1,,,,,,,,,,,,,,,,,,,0.8585858585858586,0.6973550356052899
2023-01-02,westus,Storage,53,1100,213,106.48,1.15,False,0,1,1,0,85.0,1371.0,,,,,,,,,,,,,,,,,0.5353535353535354,0.5595116988809766
2023-01-03,westus,Storage,67,1378,252,97.66,0.98,False,1,1,1,0,53.0,1100.0,,,,,68.33333333333333,85.0,53.0,1283.0,1378.0,1100.0,,,,,,,0.6767676767676768,0.7009155645981688
2023-01-04,westus,Storage,73,1304,298,115.79,1.08,False,2,1,1,0,67.0,1378.0,85.0,1371.0,,,64.33333333333333,73.0,53.0,1260.6666666666667,1378.0,1100.0,,,,,,,0.7373737373737373,0.6632756866734486
2023-01-05,westus,Storage,77,1077,369,95.31,1.05,False,3,1,1,0,73.0,1304.0,53.0,1100.0,,,72.33333333333333,77.0,67.0,1253.0,1378.0,1077.0,,,,,,,0.7777777777777778,0.5478128179043744
2023-01-06,westus,Storage,61,1909,312,95.37,0.95,False,4,1,1,0,77.0,1077.0,67.0,1378.0,,,70.33333333333333,77.0,61.0,1430.0,1909.0,1077.0,,,,,,,0.6161616161616161,0.9710071210579858
2023-01-07,westus,Storage,55,963,458,102.42,0.81,True,5,1,1,1,61.0,1909.0,73.0,1304.0,,,64.33333333333333,77.0,55.0,1316.3333333333333,1909.0,963.0,67.28571428571429,85.0,53.0,1300.2857142857142,1909.0,963.0,0.5555555555555556,0.4898270600203459
2023-01-08,westus,Storage,97,707,330,82.75,0.94,True,6,1,1,1,55.0,963.0,77.0,1077.0,85.0,1371.0,71.0,97.0,55.0,1193.0,1909.0,707.0,69.0,97.0,53.0,1205.4285714285713,1909.0,707.0,0.9797979797979798,0.35961342828077314
2023-01-09,westus,Storage,82,1187,221,89.87,1.03,False,0,1,1,0,97.0,707.0,61.0,1909.0,53.0,1100.0,78.0,97.0,55.0,952.3333333333334,1187.0,707.0,73.14285714285714,97.0,55.0,1217.857142857143,1909.0,707.0,0.8282828282828283,0.603763987792472
2023-01-10,westus,Storage,82,1639,390,90.92,0.86,False,1,1,1,0,82.0,1187.0,55.0,963.0,67.0,1378.0,87.0,97.0,82.0,1177.6666666666667,1639.0,707.0,75.28571428571429,97.0,55.0,1255.142857142857,1909.0,707.0,0.8282828282828283,0.8336724313326551
2023-01-11,westus,Storage,95,899,341,114.66,0.98,False,2,1,1,0,82.0,1639.0,97.0,707.0,73.0,1304.0,86.33333333333333,95.0,82.0,1241.6666666666667,1639.0,899.0,78.42857142857143,97.0,55.0,1197.2857142857142,1909.0,707.0,0.9595959595959596,0.4572736520854527
2023-01-12,westus,Storage,84,1322,343,100.68,0.86,False,3,1,1,0,95.0,899.0,82.0,1187.0,77.0,1077.0,87.0,95.0,82.0,1286.6666666666667,1639.0,899.0,79.42857142857143,97.0,55.0,1232.2857142857142,1909.0,707.0,0.8484848484848485,0.6724313326551373
2023-01-13,westus,Storage,65,1958,285,94.56,1.01,False,4,1,1,0,84.0,1322.0,82.0,1639.0,61.0,1909.0,81.33333333333333,95.0,65.0,1393.0,1958.0,899.0,80.0,97.0,55.0,1239.2857142857142,1958.0,707.0,0.6565656565656566,0.9959308240081384
2023-01-14,westus,Storage,76,1351,351,88.49,1.04,True,5,1,1,1,65.0,1958.0,95.0,899.0,55.0,963.0,75.0,84.0,65.0,1543.6666666666667,1958.0,1322.0,83.0,97.0,65.0,1294.7142857142858,1958.0,707.0,0.7676767676767676,0.6871820956256358
2023-01-15,westus,Storage,94,1598,416,93.99,0.97,True,6,1,1,1,76.0,1351.0,84.0,1322.0,97.0,707.0,78.33333333333333,94.0,65.0,1635.6666666666667,1958.0,1351.0,82.57142857142857,95.0,65.0,1422.0,1958.0,899.0,0.9494949494949495,0.8128179043743642
2023-01-16,westus,Storage,61,944,432,93.98,1.19,False,0,1,1,0,94.0,1598.0,65.0,1958.0,82.0,1187.0,77.0,94.0,61.0,1297.6666666666667,1598.0,944.0,79.57142857142857,95.0,61.0,1387.2857142857142,1958.0,899.0,0.6161616161616161,0.4801627670396745
2023-01-17,westus,Storage,87,1697,340,99.87,0.89,False,1,1,1,0,61.0,944.0,76.0,1351.0,82.0,1639.0,80.66666666666667,94.0,61.0,1413.0,1697.0,944.0,80.28571428571429,95.0,61.0,1395.5714285714287,1958.0,899.0,0.8787878787878788,0.8631739572736521
2023-01-18,westus,Storage,69,975,200,108.23,0.88,False,2,1,1,0,87.0,1697.0,94.0,1598.0,95.0,899.0,72.33333333333333,87.0,61.0,1205.3333333333333,1697.0,944.0,76.57142857142857,94.0,61.0,1406.4285714285713,1958.0,944.0,0.696969696969697,0.49593082400813837
2023-01-19,westus,Storage,59,1235,471,102.09,0.8,False,3,1,1,0,69.0,975.0,61.0,944.0,84.0,1322.0,71.66666666666667,87.0,59.0,1302.3333333333333,1697.0,975.0,73.0,94.0,59.0,1394.0,1958.0,944.0,0.5959595959595959,0.6281790437436419
2023-01-20,westus,Storage,94,1528,318,86.72,1.02,False,4,1,1,0,59.0,1235.0,87.0,1697.0,65.0,1958.0,74.0,94.0,59.0,1246.0,1528.0,975.0,77.14285714285714,94.0,59.0,1332.5714285714287,1697.0,944.0,0.9494949494949495,0.7772126144455748
2023-01-21,westus,Storage,94,1216,459,107.38,1.02,True,5,1,1,1,94.0,1528.0,69.0,975.0,76.0,1351.0,82.33333333333333,94.0,59.0,1326.3333333333333,1528.0,1216.0,79.71428571428571,94.0,59.0,1313.2857142857142,1697.0,944.0,0.9494949494949495,0.6185147507629705
2023-01-22,westus,Storage,87,1263,425,98.84,0.97,True,6,1,1,1,94.0,1216.0,59.0,1235.0,94.0,1598.0,91.66666666666667,94.0,87.0,1335.6666666666667,1528.0,1216.0,78.71428571428571,94.0,59.0,1265.4285714285713,1697.0,944.0,0.8787878787878788,0.6424211597151577
2023-01-23,westus,Storage,60,1897,207,85.21,0.93,False,0,1,1,0,87.0,1263.0,94.0,1528.0,61.0,944.0,80.33333333333333,94.0,60.0,1458.6666666666667,1897.0,1216.0,78.57142857142857,94.0,59.0,1401.5714285714287,1897.0,975.0,0.6060606060606061,0.9649033570701933
2023-01-24,westus,Storage,96,1579,306,95.39,1.11,False,1,1,1,0,60.0,1897.0,94.0,1216.0,87.0,1697.0,81.0,96.0,60.0,1579.6666666666667,1897.0,1263.0,79.85714285714286,96.0,59.0,1384.7142857142858,1897.0,975.0,0.9696969696969697,0.8031536113936928
2023-01-25,westus,Storage,74,984,227,103.44,0.82,False,2,1,1,0,96.0,1579.0,87.0,1263.0,69.0,975.0,76.66666666666667,96.0,60.0,1486.6666666666667,1897.0,984.0,80.57142857142857,96.0,59.0,1386.0,1897.0,984.0,0.7474747474747475,0.5005086469989827
2023-01-26,westus,Storage,83,1966,428,103.24,0.96,False,3,1,1,0,74.0,984.0,60.0,1897.0,59.0,1235.0,84.33333333333333,96.0,74.0,1509.6666666666667,1966.0,984.0,84.0,96.0,60.0,1490.4285714285713,1966.0,984.0,0.8383838383838383,1.0
2023-01-27,westus,Storage,57,1549,372,93.23,1.06,False,4,1,1,0,83.0,1966.0,96.0,1579.0,94.0,1528.0,71.33333333333333,83.0,57.0,1499.6666666666667,1966.0,984.0,78.71428571428571,96.0,57.0,1493.4285714285713,1966.0,984.0,0.5757575757575758,0.7878942014242116
2023-01-28,westus,Storage,60,1410,237,110.31,1.09,True,5,1,1,1,57.0,1549.0,74.0,984.0,94.0,1216.0,66.66666666666667,83.0,57.0,1641.6666666666667,1966.0,1410.0,73.85714285714286,96.0,57.0,1521.142857142857,1966.0,984.0,0.6060606060606061,0.7171922685656155
2023-01-29,westus,Storage,89,1299,378,91.61,0.97,True,6,1,1,1,60.0,1410.0,83.0,1966.0,87.0,1263.0,68.66666666666667,89.0,57.0,1419.3333333333333,1549.0,1299.0,74.14285714285714,96.0,57.0,1526.2857142857142,1966.0,984.0,0.898989898989899,0.6607324516785351
2023-01-30,westus,Storage,54,1364,317,103.31,1.1,False,0,1,1,0,89.0,1299.0,57.0,1549.0,60.0,1897.0,67.66666666666667,89.0,54.0,1357.6666666666667,1410.0,1299.0,73.28571428571429,96.0,54.0,1450.142857142857,1966.0,984.0,0.5454545454545454,0.6937945066124109
2023-01-31,westus,Storage,96,845,417,95.21,0.98,False,1,1,1,0,54.0,1364.0,60.0,1410.0,96.0,1579.0,79.66666666666667,96.0,54.0,1169.3333333333333,1364.0,845.0,73.28571428571429,96.0,54.0,1345.2857142857142,1966.0,845.0,0.9696969696969697,0.42980671414038657
2023-02-01,westus,Storage,89,1160,336,88.94,0.88,False,2,2,1,0,96.0,845.0,89.0,1299.0,74.0,984.0,79.66666666666667,96.0,54.0,1123.0,1364.0,845.0,75.42857142857143,96.0,54.0,1370.4285714285713,1966.0,845.0,0.898989898989899,0.590030518819939
2023-02-02,westus,Storage,71,975,262,108.13,1.14,False,3,2,1,0,89.0,1160.0,54.0,1364.0,83.0,1966.0,85.33333333333333,96.0,71.0,993.3333333333334,1160.0,845.0,73.71428571428571,96.0,54.0,1228.857142857143,1549.0,845.0,0.7171717171717171,0.49593082400813837
2023-02-03,westus,Storage,59,661,286,99.28,1.1,False,4,2,1,0,71.0,975.0,96.0,845.0,57.0,1549.0,73.0,89.0,59.0,932.0,1160.0,661.0,74.0,96.0,54.0,1102.0,1410.0,661.0,0.5959595959595959,0.33621566632756866
2023-02-04,westus,Storage,82,650,284,103.62,0.94,True,5,2,1,1,59.0,661.0,89.0,1160.0,60.0,1410.0,70.66666666666667,82.0,59.0,762.0,975.0,650.0,77.14285714285714,96.0,54.0,993.4285714285714,1364.0,650.0,0.8282828282828283,0.3306205493387589
2023-02-05,westus,Storage,63,1020,239,103.61,1.15,True,6,2,1,1,82.0,650.0,71.0,975.0,89.0,1299.0,68.0,82.0,59.0,777.0,1020.0,650.0,73.42857142857143,96.0,54.0,953.5714285714286,1364.0,650.0,0.6363636363636364,0.5188199389623601
2023-02-06,westus,Storage,89,1109,467,99.64,1.16,False,0,2,1,0,63.0,1020.0,59.0,661.0,54.0,1364.0,78.0,89.0,63.0,926.3333333333334,1109.0,650.0,78.42857142857143,96.0,59.0,917.1428571428571,1160.0,650.0,0.898989898989899,0.5640895218718209
2023-02-07,westus,Storage,68,1767,400,73.8,1.08,False,1,2,1,0,89.0,1109.0,82.0,650.0,96.0,845.0,73.33333333333333,89.0,63.0,1298.6666666666667,1767.0,1020.0,74.42857142857143,89.0,59.0,1048.857142857143,1767.0,650.0,0.6868686868686869,0.8987792472024415
2023-02-08,westus,Storage,72,873,397,100.87,0.97,False,2,2,1,0,68.0,1767.0,63.0,1020.0,89.0,1160.0,76.33333333333333,89.0,68.0,1249.6666666666667,1767.0,873.0,72.0,89.0,59.0,1007.8571428571429,1767.0,650.0,0.7272727272727273,0.4440488301119023
2023-02-09,westus,Storage,84,1119,387,100.92,0.8,False,3,2,1,0,72.0,873.0,89.0,1109.0,71.0,975.0,74.66666666666667,84.0,68.0,1253.0,1767.0,873.0,73.85714285714286,89.0,59.0,1028.4285714285713,1767.0,650.0,0.8484848484848485,0.569175991861648
2023-02-10,westus,Storage,93,1196,471,97.8,1.04,False,4,2,1,0,84.0,1119.0,68.0,1767.0,59.0,661.0,83.0,93.0,72.0,1062.6666666666667,1196.0,873.0,78.71428571428571,93.0,63.0,1104.857142857143,1767.0,650.0,0.9393939393939394,0.6083418107833164
2023-02-11,westus,Storage,94,1889,306,114.78,0.95,True,5,2,1,1,93.0,1196.0,72.0,873.0,82.0,650.0,90.33333333333333,94.0,84.0,1401.3333333333333,1889.0,1119.0,80.42857142857143,94.0,63.0,1281.857142857143,1889.0,873.0,0.9494949494949495,0.9608341810783316
2023-02-12,westus,Storage,60,1451,322,91.92,0.95,True,6,2,1,1,94.0,1889.0,84.0,1119.0,63.0,1020.0,82.33333333333333,94.0,60.0,1512.0,1889.0,1196.0,80.0,94.0,60.0,1343.4285714285713,1889.0,873.0,0.6060606060606061,0.7380467955239064
2023-02-13,westus,Storage,52,1563,239,109.15,1.03,False,0,2,1,0,60.0,1451.0,93.0,1196.0,89.0,1109.0,68.66666666666667,94.0,52.0,1634.3333333333333,1889.0,1451.0,74.71428571428571,94.0,52.0,1408.2857142857142,1889.0,873.0,0.5252525252525253,0.7950152594099695
2023-02-14,westus,Storage,63,1088,211,94.7,1.05,False,1,2,1,0,52.0,1563.0,94.0,1889.0,68.0,1767.0,58.333333333333336,63.0,52.0,1367.3333333333333,1563.0,1088.0,74.0,94.0,52.0,1311.2857142857142,1889.0,873.0,0.6363636363636364,0.5534079348931842
2023-02-15,westus,Storage,71,973,319,100.97,1.1,False,2,2,1,0,63.0,1088.0,60.0,1451.0,72.0,873.0,62.0,71.0,52.0,1208.0,1563.0,973.0,73.85714285714286,94.0,52.0,1325.5714285714287,1889.0,973.0,0.7171717171717171,0.49491353001017296
2023-02-16,westus,Storage,63,1607,221,92.98,0.97,False,3,2,1,0,71.0,973.0,52.0,1563.0,84.0,1119.0,65.66666666666667,71.0,63.0,1222.6666666666667,1607.0,973.0,70.85714285714286,94.0,52.0,1395.2857142857142,1889.0,973.0,0.6363636363636364,0.8173957273652085
2023-02-17,westus,Storage,73,877,245,96.08,0.85,False,4,2,1,0,63.0,1607.0,63.0,1088.0,93.0,1196.0,69.0,73.0,63.0,1152.3333333333333,1607.0,877.0,68.0,94.0,52.0,1349.7142857142858,1889.0,877.0,0.7373737373737373,0.44608341810783314
2023-02-18,westus,Storage,66,1087,245,102.96,1.03,True,5,2,1,1,73.0,877.0,71.0,973.0,94.0,1889.0,67.33333333333333,73.0,63.0,1190.3333333333333,1607.0,877.0,64.0,73.0,52.0,1235.142857142857,1607.0,877.0,0.6666666666666666,0.5528992878942014
2023-02-19,westus,Storage,81,1052,403,100.05,0.98,True,6,2,1,1,66.0,1087.0,63.0,1607.0,60.0,1451.0,73.33333333333333,81.0,66.0,1005.3333333333334,1087.0,877.0,67.0,81.0,52.0,1178.142857142857,1607.0,877.0,0.8181818181818182,0.5350966429298067
2023-02-20,westus,Storage,81,806,499,85.85,0.96,False,0,2,1,0,81.0,1052.0,73.0,877.0,52.0,1563.0,76.0,81.0,66.0,981.6666666666666,1087.0,806.0,71.14285714285714,81.0,63.0,1070.0,1607.0,806.0,0.8181818181818182,0.40996948118006105
2023-02-21,westus,Storage,88,1254,385,96.57,0.92,False,1,2,1,0,81.0,806.0,66.0,1087.0,63.0,1088.0,83.33333333333333,88.0,81.0,1037.3333333333333,1254.0,806.0,74.71428571428571,88.0,63.0,1093.7142857142858,1607.0,806.0,0.8888888888888888,0.6378433367243134
2023-02-22,westus,Storage,84,1752,460,98.39,1.04,False,2,2,1,0,88.0,1254.0,81.0,1052.0,71.0,973.0,84.33333333333333,88.0,81.0,1270.6666666666667,1752.0,806.0,76.57142857142857,88.0,63.0,1205.0,1752.0,806.0,0.8484848484848485,0.8911495422177009
2023-02-23,westus,Storage,55,1119,450,118.86,1.02,False,3,2,1,0,84.0,1752.0,81.0,806.0,63.0,1607.0,75.66666666666667,88.0,55.0,1375.0,1752.0,1119.0,75.42857142857143,88.0,55.0,1135.2857142857142,1752.0,806.0,0.5555555555555556,0.569175991861648
2023-02-24,westus,Storage,72,1951,493,102.58,0.99,False,4,2,1,0,55.0,1119.0,88.0,1254.0,73.0,877.0,70.33333333333333,84.0,55.0,1607.3333333333333,1951.0,1119.0,75.28571428571429,88.0,55.0,1288.7142857142858,1951.0,806.0,0.7272727272727273,0.9923702950152594
2023-02-25,westus,Storage,65,1576,268,80.81,1.0,True,5,2,1,1,72.0,1951.0,84.0,1752.0,66.0,1087.0,64.0,72.0,55.0,1548.6666666666667,1951.0,1119.0,75.14285714285714,88.0,55.0,1358.5714285714287,1951.0,806.0,0.6565656565656566,0.8016276703967447
2023-02-26,westus,Storage,56,642,292,100.6,1.25,True,6,2,1,1,65.0,1576.0,55.0,1119.0,81.0,1052.0,64.33333333333333,72.0,56.0,1389.6666666666667,1951.0,642.0,71.57142857142857,88.0,55.0,1300.0,1951.0,642.0,0.5656565656565656,0.32655137334689727
2023-02-27,westus,Storage,64,1292,491,98.08,1.03,False,0,2,1,0,56.0,642.0,72.0,1951.0,81.0,806.0,61.666666666666664,65.0,56.0,1170.0,1576.0,642.0,69.14285714285714,88.0,55.0,1369.4285714285713,1951.0,642.0,0.6464646464646465,0.6571719226856562
2023-02-28,westus,Storage,56,1458,440,99.65,0.88,False,1,2,1,0,64.0,1292.0,65.0,1576.0,88.0,1254.0,58.666666666666664,64.0,56.0,1130.6666666666667,1458.0,642.0,64.57142857142857,84.0,55.0,1398.5714285714287,1951.0,642.0,0.5656565656565656,0.7416073245167853
2023-03-01,westus,Storage,85,1583,366,111.43,1.08,False,2,3,1,0,56.0,1458.0,56.0,642.0,84.0,1752.0,68.33333333333333,85.0,56.0,1444.3333333333333,1583.0,1292.0,64.71428571428571,85.0,55.0,1374.4285714285713,1951.0,642.0,0.8585858585858586,0.8051881993896236
2023-03-02,westus,Storage,88,958,479,107.91,0.91,False,3,3,1,0,85.0,1583.0,64.0,1292.0,55.0,1119.0,76.33333333333333,88.0,56.0,1333.0,1583.0,958.0,69.42857142857143,88.0,56.0,1351.4285714285713,1951.0,642.0,0.8888888888888888,0.4872838250254323
2023-03-03,westus,Storage,72,1695,457,114.03,0.86,False,4,3,1,0,88.0,958.0,56.0,1458.0,72.0,1951.0,81.66666666666667,88.0,72.0,1412.0,1695.0,958.0,69.42857142857143,88.0,56.0,1314.857142857143,1695.0,642.0,0.7272727272727273,0.8621566632756866
2023-03-04,westus,Storage,79,648,283,105.87,1.22,True,5,3,1,1,72.0,1695.0,85.0,1583.0,65.0,1576.0,79.66666666666667,88.0,72.0,1100.3333333333333,1695.0,648.0,71.42857142857143,88.0,56.0,1182.2857142857142,1695.0,642.0,0.797979797979798,0.3296032553407935
2023-03-05,westus,Storage,98,541,365,90.09,0.94,True,6,3,1,1,79.0,648.0,88.0,958.0,56.0,642.0,83.0,98.0,72.0,961.3333333333334,1695.0,541.0,77.42857142857143,98.0,56.0,1167.857142857143,1695.0,541.0,0.98989898989899,0.27517802644964395
2023-03-06,westus,Storage,65,1321,437,101.0,0.95,False,0,3,1,0,98.0,541.0,72.0,1695.0,64.0,1292.0,80.66666666666667,98.0,65.0,836.6666666666666,1321.0,541.0,77.57142857142857,98.0,56.0,1172.0,1695.0,541.0,0.6565656565656566,0.6719226856561547
2023-03-07,westus,Storage,80,1579,282,84.49,1.01,False,1,3,1,0,65.0,1321.0,79.0,648.0,56.0,1458.0,81.0,98.0,65.0,1147.0,1579.0,541.0,81.0,98.0,65.0,1189.2857142857142,1695.0,541.0,0.8080808080808081,0.8031536113936928
2023-03-08,westus,Storage,56,1097,332,89.38,1.05,False,2,3,1,0,80.0,1579.0,98.0,541.0,85.0,1583.0,67.0,80.0,56.0,1332.3333333333333,1579.0,1097.0,76.85714285714286,98.0,56.0,1119.857142857143,1695.0,541.0,0.5656565656565656,0.5579857578840285
2023-03-09,westus,Storage,90,1959,241,90.81,1.15,False,3,3,1,0,56.0,1097.0,65.0,1321.0,88.0,958.0,75.33333333333333,90.0,56.0,1545.0,1959.0,1097.0,77.14285714285714,98.0,56.0,1262.857142857143,1959.0,541.0,0.9090909090909091,0.996439471007121
2023-03-10,westus,Storage,86,1531,399,92.17,0.97,False,4,3,1,0,90.0,1959.0,80.0,1579.0,72.0,1695.0,77.33333333333333,90.0,56.0,1529.0,1959.0,1097.0,79.14285714285714,98.0,56.0,1239.4285714285713,1959.0,541.0,0.8686868686868687,0.7787385554425229
2023-03-11,westus,Storage,85,1905,277,108.14,0.88,True,5,3,1,1,86.0,1531.0,56.0,1097.0,79.0,648.0,87.0,90.0,85.0,1798.3333333333333,1959.0,1531.0,80.0,98.0,56.0,1419.0,1959.0,541.0,0.8585858585858586,0.9689725330620549
2023-03-12,westus,Storage,81,1745,318,102.27,1.13,True,6,3,1,1,85.0,1905.0,90.0,1959.0,98.0,541.0,84.0,86.0,81.0,1727.0,1905.0,1531.0,77.57142857142857,90.0,56.0,1591.0,1959.0,1097.0,0.8181818181818182,0.887589013224822
2023-03-13,westus,Storage,93,960,477,83.93,1.02,False,0,3,1,0,81.0,1745.0,86.0,1531.0,65.0,1321.0,86.33333333333333,93.0,81.0,1536.6666666666667,1905.0,960.0,81.57142857142857,93.0,56.0,1539.4285714285713,1959.0,960.0,0.9393939393939394,0.4883011190233978
2023-03-14,westus,Storage,90,611,212,102.6,1.08,False,1,3,1,0,93.0,960.0,85.0,1905.0,80.0,1579.0,88.0,93.0,81.0,1105.3333333333333,1745.0,611.0,83.0,93.0,56.0,1401.142857142857,1959.0,611.0,0.9090909090909091,0.31078331637843337
2023-03-15,westus,Storage,56,1015,420,87.63,0.87,False,2,3,1,0,90.0,611.0,81.0,1745.0,56.0,1097.0,79.66666666666667,93.0,56.0,862.0,1015.0,611.0,83.0,93.0,56.0,1389.4285714285713,1959.0,611.0,0.5656565656565656,0.5162767039674466
2023-03-16,westus,Storage,96,1470,317,105.22,1.03,False,3,3,1,0,56.0,1015.0,93.0,960.0,90.0,1959.0,80.66666666666667,96.0,56.0,1032.0,1470.0,611.0,83.85714285714286,96.0,56.0,1319.5714285714287,1905.0,611.0,0.9696969696969697,0.7477110885045778
2023-03-17,westus,Storage,78,548,273,102.5,1.03,False,4,3,1,0,96.0,1470.0,90.0,611.0,86.0,1531.0,76.66666666666667,96.0,56.0,1011.0,1470.0,548.0,82.71428571428571,96.0,56.0,1179.142857142857,1905.0,548.0,0.7878787878787878,0.2787385554425229
2023-03-18,westus,Storage,80,704,269,93.2,1.02,True,5,3,1,1,78.0,548.0,56.0,1015.0,85.0,1905.0,84.66666666666667,96.0,78.0,907.3333333333334,1470.0,548.0,82.0,96.0,56.0,1007.5714285714286,1745.0,548.0,0.8080808080808081,0.358087487283825
2023-03-19,westus,Storage,99,1128,395,102.93,0.93,True,6,3,1,1,80.0,704.0,96.0,1470.0,81.0,1745.0,85.66666666666667,99.0,78.0,793.3333333333334,1128.0,548.0,84.57142857142857,99.0,56.0,919.4285714285714,1470.0,548.0,1.0,0.5737538148524923
2023-03-20,westus,Storage,73,1817,258,118.66,1.05,False,0,3,1,0,99.0,1128.0,78.0,548.0,93.0,960.0,84.0,99.0,73.0,1216.3333333333333,1817.0,704.0,81.71428571428571,99.0,56.0,1041.857142857143,1817.0,548.0,0.7373737373737373,0.9242115971515769
2023-03-21,westus,Storage,55,1178,478,88.09,1.07,False,1,3,1,0,73.0,1817.0,80.0,704.0,90.0,611.0,75.66666666666667,99.0,55.0,1374.3333333333333,1817.0,1128.0,76.71428571428571,99.0,55.0,1122.857142857143,1817.0,548.0,0.5555555555555556,0.5991861648016277
2023-03-22,westus,Storage,92,1112,459,90.25,1.08,False,2,3,1,0,55.0,1178.0,99.0,1128.0,56.0,1015.0,73.33333333333333,92.0,55.0,1369.0,1817.0,1112.0,81.85714285714286,99.0,55.0,1136.7142857142858,1817.0,548.0,0.9292929292929293,0.5656154628687691
2023-03-23,westus,Storage,68,1900,412,111.59,0.92,False,3,3,1,0,92.0,1112.0,73.0,1817.0,96.0,1470.0,71.66666666666667,92.0,55.0,1396.6666666666667,1900.0,1112.0,77.85714285714286,99.0,55.0,1198.142857142857,1900.0,548.0,0.6868686868686869,0.9664292980671414
2023-03-24,westus,Storage,77,1570,400,109.63,1.04,False,4,3,1,0,68.0,1900.0,55.0,1178.0,78.0,548.0,79.0,92.0,68.0,1527.3333333333333,1900.0,1112.0,77.71428571428571,99.0,55.0,1344.142857142857,1900.0,704.0,0.7777777777777778,0.7985757884028484
2023-03-25,westus,Storage,87,641,299,108.22,1.19,True,5,3,1,1,77.0,1570.0,92.0,1112.0,80.0,704.0,77.33333333333333,87.0,68.0,1370.3333333333333,1900.0,641.0,78.71428571428571,99.0,55.0,1335.142857142857,1900.0,641.0,0.8787878787878788,0.32604272634791454
2023-03-26,westus,Storage,58,819,360,97.55,0.92,True,6,3,1,1,87.0,641.0,68.0,1900.0,99.0,1128.0,74.0,87.0,58.0,1010.0,1570.0,641.0,72.85714285714286,92.0,55.0,1291.0,1900.0,641.0,0.5858585858585859,0.4165818921668362
2023-03-27,westus,Storage,66,981,415,91.1,0.92,False,0,3,1,0,58.0,819.0,77.0,1570.0,73.0,1817.0,70.33333333333333,87.0,58.0,813.6666666666666,981.0,641.0,71.85714285714286,92.0,55.0,1171.5714285714287,1900.0,641.0,0.6666666666666666,0.4989827060020346
2023-03-28,westus,Storage,71,1072,467,99.23,1.03,False,1,3,1,0,66.0,981.0,87.0,641.0,55.0,1178.0,65.0,71.0,58.0,957.3333333333334,1072.0,819.0,74.14285714285714,92.0,58.0,1156.4285714285713,1900.0,641.0,0.7171717171717171,0.5452695829094608
2023-03-29,westus,Storage,98,1052,216,102.77,1.08,False,2,3,1,0,71.0,1072.0,58.0,819.0,92.0,1112.0,78.33333333333333,98.0,66.0,1035.0,1072.0,981.0,75.0,98.0,58.0,1147.857142857143,1900.0,641.0,0.98989898989899,0.5350966429298067
2023-03-30,westus,Storage,76,673,357,100.13,1.15,False,3,3,1,0,98.0,1052.0,66.0,981.0,68.0,1900.0,81.66666666666667,98.0,71.0,932.3333333333334,1072.0,673.0,76.14285714285714,98.0,58.0,972.5714285714286,1570.0,641.0,0.7676767676767676,0.34231943031536116
2023-03-31,westus,Storage,55,1166,316,97.35,1.27,False,4,3,1,0,76.0,673.0,71.0,1072.0,77.0,1570.0,76.33333333333333,98.0,55.0,963.6666666666666,1166.0,673.0,73.0,98.0,55.0,914.8571428571429,1166.0,641.0,0.5555555555555556,0.5930824008138352
2023-01-01,westus,VM,60,1982,287,104.97,0.99,True,6,1,1,1,,,,,,,,,,,,,,,,,,,0.6060606060606061,0.9979859013091642
2023-01-02,westus,VM,58,666,473,106.48,1.15,False,0,1,1,0,60.0,1982.0,,,,,,,,,,,,,,,,,0.5858585858585859,0.33534743202416917
2023-01-03,westus,VM,89,1219,436,97.66,0.98,False,1,1,1,0,58.0,666.0,,,,,69.0,89.0,58.0,1289.0,1982.0,666.0,,,,,,,0.898989898989899,0.6137965760322256
2023-01-04,westus,VM,97,1002,261,115.79,1.08,False,2,1,1,0,89.0,1219.0,60.0,1982.0,,,81.33333333333333,97.0,58.0,962.3333333333334,1219.0,666.0,,,,,,,0.9797979797979798,0.5045317220543807
2023-01-05,westus,VM,56,1766,285,95.31,1.05,False,3,1,1,0,97.0,1002.0,58.0,666.0,,,80.66666666666667,97.0,56.0,1329.0,1766.0,1002.0,,,,,,,0.5656565656565656,0.8892245720040282
2023-01-06,westus,VM,98,941,251,95.37,0.95,False,4,1,1,0,56.0,1766.0,89.0,1219.0,,,83.66666666666667,98.0,56.0,1236.3333333333333,1766.0,941.0,,,,,,,0.98989898989899,0.4738167170191339
2023-01-07,westus,VM,65,1108,400,102.42,0.81,True,5,1,1,1,98.0,941.0,97.0,1002.0,,,73.0,98.0,56.0,1271.6666666666667,1766.0,941.0,74.71428571428571,98.0,56.0,1240.5714285714287,1982.0,666.0,0.6565656565656566,0.5579053373615307
2023-01-08,westus,VM,90,1622,346,82.75,0.94,True,6,1,1,1,65.0,1108.0,56.0,1766.0,60.0,1982.0,84.33333333333333,98.0,65.0,1223.6666666666667,1622.0,941.0,79.0,98.0,56.0,1189.142857142857,1766.0,666.0,0.9090909090909091,0.8167170191339376
2023-01-09,westus,VM,52,900,327,89.87,1.03,False,0,1,1,0,90.0,1622.0,98.0,941.0,58.0,666.0,69.0,90.0,52.0,1210.0,1622.0,900.0,78.14285714285714,98.0,52.0,1222.5714285714287,1766.0,900.0,0.5252525252525253,0.45317220543806647
2023-01-10,westus,VM,80,1622,387,90.92,0.86,False,1,1,1,0,52.0,900.0,65.0,1108.0,89.0,1219.0,74.0,90.0,52.0,1381.3333333333333,1622.0,900.0,76.85714285714286,98.0,52.0,1280.142857142857,1766.0,900.0,0.8080808080808081,0.8167170191339376
2023-01-11,westus,VM,69,820,463,114.66,0.98,False,2,1,1,0,80.0,1622.0,90.0,1622.0,97.0,1002.0,67.0,80.0,52.0,1114.0,1622.0,820.0,72.85714285714286,98.0,52.0,1254.142857142857,1766.0,820.0,0.696969696969697,0.41289023162134947
2023-01-12,westus,VM,53,1273,246,100.68,0.86,False,3,1,1,0,69.0,820.0,52.0,900.0,56.0,1766.0,67.33333333333333,80.0,53.0,1238.3333333333333,1622.0,820.0,72.42857142857143,98.0,52.0,1183.7142857142858,1622.0,820.0,0.5353535353535354,0.6409869083585096
2023-01-13,westus,VM,52,1599,353,94.56,1.01,False,4,1,1,0,53.0,1273.0,80.0,1622.0,98.0,941.0,58.0,69.0,52.0,1230.6666666666667,1599.0,820.0,65.85714285714286,90.0,52.0,1277.7142857142858,1622.0,820.0,0.5252525252525253,0.8051359516616314
2023-01-14,westus,VM,51,996,359,88.49,1.04,True,5,1,1,1,52.0,1599.0,69.0,820.0,65.0,1108.0,52.0,53.0,51.0,1289.3333333333333,1599.0,996.0,63.857142857142854,90.0,51.0,1261.7142857142858,1622.0,820.0,0.5151515151515151,0.5015105740181269
2023-01-15,westus,VM,56,1719,313,93.99,0.97,True,6,1,1,1,51.0,996.0,53.0,1273.0,90.0,1622.0,53.0,56.0,51.0,1438.0,1719.0,996.0,59.0,80.0,51.0,1275.5714285714287,1719.0,820.0,0.5656565656565656,0.8655589123867069
2023-01-16,westus,VM,68,676,299,93.98,1.19,False,0,1,1,0,56.0,1719.0,52.0,1599.0,52.0,900.0,58.333333333333336,68.0,51.0,1130.3333333333333,1719.0,676.0,61.285714285714285,80.0,51.0,1243.5714285714287,1719.0,676.0,0.6868686868686869,0.3403826787512588
2023-01-17,westus,VM,59,1453,452,99.87,0.89,False,1,1,1,0,68.0,676.0,51.0,996.0,80.0,1622.0,61.0,68.0,56.0,1282.6666666666667,1719.0,676.0,58.285714285714285,69.0,51.0,1219.4285714285713,1719.0,676.0,0.5959595959595959,0.7316213494461229
2023-01-18,westus,VM,99,1743,325,108.23,0.88,False,2,1,1,0,59.0,1453.0,56.0,1719.0,69.0,820.0,75.33333333333333,99.0,59.0,1290.6666666666667,1743.0,676.0,62.57142857142857,99.0,51.0,1351.2857142857142,1743.0,676.0,1.0,0.877643504531722
2023-01-19,westus,VM,52,1155,211,102.09,0.8,False,3,1,1,0,99.0,1743.0,68.0,676.0,53.0,1273.0,70.0,99.0,52.0,1450.3333333333333,1743.0,1155.0,62.42857142857143,99.0,51.0,1334.4285714285713,1743.0,676.0,0.5252525252525253,0.581570996978852
2023-01-20,westus,VM,79,1765,450,86.72,1.02,False,4,1,1,0,52.0,1155.0,59.0,1453.0,52.0,1599.0,76.66666666666667,99.0,52.0,1554.3333333333333,1765.0,1155.0,66.28571428571429,99.0,51.0,1358.142857142857,1765.0,676.0,0.797979797979798,0.8887210473313192
2023-01-21,westus,VM,70,1601,200,107.38,1.02,True,5,1,1,1,79.0,1765.0,99.0,1743.0,51.0,996.0,67.0,79.0,52.0,1507.0,1765.0,1155.0,69.0,99.0,52.0,1444.5714285714287,1765.0,676.0,0.7070707070707071,0.8061430010070494
2023-01-22,westus,VM,60,934,302,98.84,0.97,True,6,1,1,1,70.0,1601.0,52.0,1155.0,56.0,1719.0,69.66666666666667,79.0,60.0,1433.3333333333333,1765.0,934.0,69.57142857142857,99.0,52.0,1332.4285714285713,1765.0,676.0,0.6060606060606061,0.4702920443101712
2023-01-23,westus,VM,72,1706,294,85.21,0.93,False,0,1,1,0,60.0,934.0,79.0,1765.0,68.0,676.0,67.33333333333333,72.0,60.0,1413.6666666666667,1706.0,934.0,70.14285714285714,99.0,52.0,1479.5714285714287,1765.0,934.0,0.7272727272727273,0.8590130916414904
2023-01-24,westus,VM,96,1644,413,95.39,1.11,False,1,1,1,0,72.0,1706.0,70.0,1601.0,59.0,1453.0,76.0,96.0,60.0,1428.0,1706.0,934.0,75.42857142857143,99.0,52.0,1506.857142857143,1765.0,934.0,0.9696969696969697,0.8277945619335347
2023-01-25,westus,VM,84,1538,391,103.44,0.82,False,2,1,1,0,96.0,1644.0,60.0,934.0,99.0,1743.0,84.0,96.0,72.0,1629.3333333333333,1706.0,1538.0,73.28571428571429,96.0,52.0,1477.5714285714287,1765.0,934.0,0.8484848484848485,0.7744209466263847
2023-01-26,westus,VM,55,1191,481,103.24,0.96,False,3,1,1,0,84.0,1538.0,72.0,1706.0,52.0,1155.0,78.33333333333333,96.0,55.0,1457.6666666666667,1644.0,1191.0,73.71428571428571,96.0,55.0,1482.7142857142858,1765.0,934.0,0.5555555555555556,0.5996978851963746
2023-01-27,westus,VM,51,1346,402,93.23,1.06,False,4,1,1,0,55.0,1191.0,96.0,1644.0,79.0,1765.0,63.333333333333336,84.0,51.0,1358.3333333333333,1538.0,1191.0,69.71428571428571,96.0,51.0,1422.857142857143,1706.0,934.0,0.5151515151515151,0.6777442094662638
2023-01-28,westus,VM,58,1284,464,110.31,1.09,True,5,1,1,1,51.0,1346.0,84.0,1538.0,70.0,1601.0,54.666666666666664,58.0,51.0,1273.6666666666667,1346.0,1191.0,68.0,96.0,51.0,1377.5714285714287,1706.0,934.0,0.5858585858585859,0.6465256797583081
2023-01-29,westus,VM,67,795,494,91.61,0.97,True,6,1,1,1,58.0,1284.0,55.0,1191.0,60.0,934.0,58.666666666666664,67.0,51.0,1141.6666666666667,1346.0,795.0,69.0,96.0,51.0,1357.7142857142858,1706.0,795.0,0.6767676767676768,0.4003021148036254
2023-01-30,westus,VM,53,1097,209,103.31,1.1,False,0,1,1,0,67.0,795.0,51.0,1346.0,72.0,1706.0,59.333333333333336,67.0,53.0,1058.6666666666667,1284.0,795.0,66.28571428571429,96.0,51.0,1270.7142857142858,1644.0,795.0,0.5353535353535354,0.5523665659617322
2023-01-31,westus,VM,55,1211,222,95.21,0.98,False,1,1,1,0,53.0,1097.0,58.0,1284.0,96.0,1644.0,58.333333333333336,67.0,53.0,1034.3333333333333,1211.0,795.0,60.42857142857143,84.0,51.0,1208.857142857143,1538.0,795.0,0.5555555555555556,0.6097683786505539
2023-02-01,westus,VM,85,1705,200,88.94,0.88,False,2,2,1,0,55.0,1211.0,67.0,795.0,84.0,1538.0,64.33333333333333,85.0,53.0,1337.6666666666667,1705.0,1097.0,60.57142857142857,85.0,51.0,1232.7142857142858,1705.0,795.0,0.8585858585858586,0.8585095669687814
2023-02-02,westus,VM,90,1188,347,108.13,1.14,False,3,2,1,0,85.0,1705.0,53.0,1097.0,55.0,1191.0,76.66666666666667,90.0,55.0,1368.0,1705.0,1188.0,65.57142857142857,90.0,51.0,1232.2857142857142,1705.0,795.0,0.9090909090909091,0.5981873111782477
2023-02-03,westus,VM,88,1299,465,99.28,1.1,False,4,2,1,0,90.0,1188.0,55.0,1211.0,51.0,1346.0,87.66666666666667,90.0,85.0,1397.3333333333333,1705.0,1188.0,70.85714285714286,90.0,53.0,1225.5714285714287,1705.0,795.0,0.8888888888888888,0.6540785498489426
2023-02-04,westus,VM,97,506,462,103.62,0.94,True,5,2,1,1,88.0,1299.0,85.0,1705.0,58.0,1284.0,91.66666666666667,97.0,88.0,997.6666666666666,1299.0,506.0,76.42857142857143,97.0,53.0,1114.4285714285713,1705.0,506.0,0.9797979797979798,0.25478348439073517
2023-02-05,westus,VM,66,1638,408,103.61,1.15,True,6,2,1,1,97.0,506.0,90.0,1188.0,67.0,795.0,83.66666666666667,97.0,66.0,1147.6666666666667,1638.0,506.0,76.28571428571429,97.0,53.0,1234.857142857143,1705.0,506.0,0.6666666666666666,0.824773413897281
2023-02-06,westus,VM,80,1145,418,99.64,1.16,False,0,2,1,0,66.0,1638.0,88.0,1299.0,53.0,1097.0,81.0,97.0,66.0,1096.3333333333333,1638.0,506.0,80.14285714285714,97.0,55.0,1241.7142857142858,1705.0,506.0,0.8080808080808081,0.5765357502517623
2023-02-07,westus,VM,85,1250,347,73.8,1.08,False,1,2,1,0,80.0,1145.0,97.0,506.0,55.0,1211.0,77.0,85.0,66.0,1344.3333333333333,1638.0,1145.0,84.42857142857143,97.0,66.0,1247.2857142857142,1705.0,506.0,0.8585858585858586,0.6294058408862034
2023-02-08,westus,VM,80,1160,280,100.87,0.97,False,2,2,1,0,85.0,1250.0,66.0,1638.0,85.0,1705.0,81.66666666666667,85.0,80.0,1185.0,1250.0,1145.0,83.71428571428571,97.0,66.0,1169.4285714285713,1638.0,506.0,0.8080808080808081,0.5840886203423967
2023-02-09,westus,VM,66,1682,351,100.92,0.8,False,3,2,1,0,80.0,1160.0,80.0,1145.0,90.0,1188.0,77.0,85.0,66.0,1364.0,1682.0,1160.0,80.28571428571429,97.0,66.0,1240.0,1682.0,506.0,0.6666666666666666,0.8469284994964753
2023-02-10,westus,VM,98,976,444,97.8,1.04,False,4,2,1,0,66.0,1682.0,85.0,1250.0,88.0,1299.0,81.33333333333333,98.0,66.0,1272.6666666666667,1682.0,976.0,81.71428571428571,98.0,66.0,1193.857142857143,1682.0,506.0,0.98989898989899,0.4914400805639476
2023-02-11,westus,VM,57,1833,442,114.78,0.95,True,5,2,1,1,98.0,976.0,80.0,1160.0,97.0,506.0,73.66666666666667,98.0,57.0,1497.0,1833.0,976.0,76.0,98.0,57.0,1383.4285714285713,1833.0,976.0,0.5757575757575758,0.9229607250755287
2023-02-12,westus,VM,63,1880,297,91.92,0.95,True,6,2,1,1,57.0,1833.0,66.0,1682.0,66.0,1638.0,72.66666666666667,98.0,57.0,1563.0,1880.0,976.0,75.57142857142857,98.0,57.0,1418.0,1880.0,976.0,0.6363636363636364,0.94662638469285
2023-02-13,westus,VM,78,614,385,109.15,1.03,False,0,2,1,0,63.0,1880.0,98.0,976.0,80.0,1145.0,66.0,78.0,57.0,1442.3333333333333,1880.0,614.0,75.28571428571429,98.0,57.0,1342.142857142857,1880.0,614.0,0.7878787878787878,0.30916414904330314
2023-02-14,westus,VM,88,581,457,94.7,1.05,False,1,2,1,0,78.0,614.0,57.0,1833.0,85.0,1250.0,76.33333333333333,88.0,63.0,1025.0,1880.0,581.0,75.71428571428571,98.0,57.0,1246.5714285714287,1880.0,581.0,0.8888888888888888,0.29254783484390734
2023-02-15,westus,VM,66,1023,392,100.97,1.1,False,2,2,1,0,88.0,581.0,63.0,1880.0,80.0,1160.0,77.33333333333333,88.0,66.0,739.3333333333334,1023.0,581.0,73.71428571428571,98.0,57.0,1227.0,1880.0,581.0,0.6666666666666666,0.5151057401812689
2023-02-16,westus,VM,81,1653,374,92.98,0.97,False,3,2,1,0,66.0,1023.0,78.0,614.0,66.0,1682.0,78.33333333333333,88.0,66.0,1085.6666666666667,1653.0,581.0,75.85714285714286,98.0,57.0,1222.857142857143,1880.0,581.0,0.8181818181818182,0.8323262839879154
2023-02-17,westus,VM,99,698,380,96.08,0.85,False,4,2,1,0,81.0,1653.0,88.0,581.0,98.0,976.0,82.0,99.0,66.0,1124.6666666666667,1653.0,698.0,76.0,99.0,57.0,1183.142857142857,1880.0,581.0,1.0,0.351460221550856
2023-02-18,westus,VM,71,1611,240,102.96,1.03,True,5,2,1,1,99.0,698.0,66.0,1023.0,57.0,1833.0,83.66666666666667,99.0,71.0,1320.6666666666667,1653.0,698.0,78.0,99.0,63.0,1151.4285714285713,1880.0,581.0,0.7171717171717171,0.8111782477341389
2023-02-19,westus,VM,58,1882,422,100.05,0.98,True,6,2,1,1,71.0,1611.0,81.0,1653.0,63.0,1880.0,76.0,99.0,58.0,1397.0,1882.0,698.0,77.28571428571429,99.0,58.0,1151.7142857142858,1882.0,581.0,0.5858585858585859,0.9476334340382678
2023-02-20,westus,VM,57,808,382,85.85,0.96,False,0,2,1,0,58.0,1882.0,99.0,698.0,78.0,614.0,62.0,71.0,57.0,1433.6666666666667,1882.0,808.0,74.28571428571429,99.0,57.0,1179.4285714285713,1882.0,581.0,0.5757575757575758,0.4068479355488419
2023-02-21,westus,VM,83,1077,461,96.57,0.92,False,1,2,1,0,57.0,808.0,71.0,1611.0,88.0,581.0,66.0,83.0,57.0,1255.6666666666667,1882.0,808.0,73.57142857142857,99.0,57.0,1250.2857142857142,1882.0,698.0,0.8383838383838383,0.5422960725075529
2023-02-22,westus,VM,74,527,265,98.39,1.04,False,2,2,1,0,83.0,1077.0,58.0,1882.0,66.0,1023.0,71.33333333333333,83.0,57.0,804.0,1077.0,527.0,74.71428571428571,99.0,57.0,1179.4285714285713,1882.0,527.0,0.7474747474747475,0.26535750251762336
2023-02-23,westus,VM,93,655,406,118.86,1.02,False,3,2,1,0,74.0,527.0,57.0,808.0,81.0,1653.0,83.33333333333333,93.0,74.0,753.0,1077.0,527.0,76.42857142857143,99.0,57.0,1036.857142857143,1882.0,527.0,0.9393939393939394,0.3298086606243706
2023-02-24,westus,VM,80,1707,377,102.58,0.99,False,4,2,1,0,93.0,655.0,83.0,1077.0,99.0,698.0,82.33333333333333,93.0,74.0,963.0,1707.0,527.0,73.71428571428571,93.0,57.0,1181.0,1882.0,527.0,0.8080808080808081,0.8595166163141994
2023-02-25,westus,VM,50,1670,486,80.81,1.0,True,5,2,1,1,80.0,1707.0,74.0,527.0,71.0,1611.0,74.33333333333333,93.0,50.0,1344.0,1707.0,655.0,70.71428571428571,93.0,50.0,1189.4285714285713,1882.0,527.0,0.5050505050505051,0.8408862034239678
2023-02-26,westus,VM,70,1588,275,100.6,1.25,True,6,2,1,1,50.0,1670.0,93.0,655.0,58.0,1882.0,66.66666666666667,80.0,50.0,1655.0,1707.0,1588.0,72.42857142857143,93.0,50.0,1147.4285714285713,1707.0,527.0,0.7070707070707071,0.7995971802618328
2023-02-27,westus,VM,72,1118,316,98.08,1.03,False,0,2,1,0,70.0,1588.0,80.0,1707.0,57.0,808.0,64.0,72.0,50.0,1458.6666666666667,1670.0,1118.0,74.57142857142857,93.0,50.0,1191.7142857142858,1707.0,527.0,0.7272727272727273,0.5629405840886204
2023-02-28,westus,VM,88,1408,358,99.65,0.88,False,1,2,1,0,72.0,1118.0,50.0,1670.0,83.0,1077.0,76.66666666666667,88.0,70.0,1371.3333333333333,1588.0,1118.0,75.28571428571429,93.0,50.0,1239.0,1707.0,527.0,0.8888888888888888,0.7089627391742196
2023-03-01,westus,VM,99,1163,218,111.43,1.08,False,2,3,1,0,88.0,1408.0,70.0,1588.0,74.0,527.0,86.33333333333333,99.0,72.0,1229.6666666666667,1408.0,1118.0,78.85714285714286,99.0,50.0,1329.857142857143,1707.0,655.0,1.0,0.5855991943605237
2023-03-02,westus,VM,56,1897,324,107.91,0.91,False,3,3,1,0,99.0,1163.0,72.0,1118.0,93.0,655.0,81.0,99.0,56.0,1489.3333333333333,1897.0,1163.0,73.57142857142857,99.0,50.0,1507.2857142857142,1897.0,1118.0,0.5656565656565656,0.9551863041289023
2023-03-03,westus,VM,52,841,329,114.03,0.86,False,4,3,1,0,56.0,1897.0,88.0,1408.0,80.0,1707.0,69.0,99.0,52.0,1300.3333333333333,1897.0,841.0,69.57142857142857,99.0,50.0,1383.5714285714287,1897.0,841.0,0.5252525252525253,0.42346424974823765
2023-03-04,westus,VM,54,1771,320,105.87,1.22,True,5,3,1,1,52.0,841.0,99.0,1163.0,50.0,1670.0,54.0,56.0,52.0,1503.0,1897.0,841.0,70.14285714285714,99.0,52.0,1398.0,1897.0,841.0,0.5454545454545454,0.891742195367573
2023-03-05,westus,VM,91,511,438,90.09,0.94,True,6,3,1,1,54.0,1771.0,56.0,1897.0,70.0,1588.0,65.66666666666667,91.0,52.0,1041.0,1771.0,511.0,73.14285714285714,99.0,52.0,1244.142857142857,1897.0,511.0,0.9191919191919192,0.25730110775427995
2023-03-06,westus,VM,63,1332,309,101.0,0.95,False,0,3,1,0,91.0,511.0,52.0,841.0,72.0,1118.0,69.33333333333333,91.0,54.0,1204.6666666666667,1771.0,511.0,71.85714285714286,99.0,52.0,1274.7142857142858,1897.0,511.0,0.6363636363636364,0.6706948640483383
2023-03-07,westus,VM,60,1189,452,84.49,1.01,False,1,3,1,0,63.0,1332.0,54.0,1771.0,88.0,1408.0,71.33333333333333,91.0,60.0,1010.6666666666666,1332.0,511.0,67.85714285714286,99.0,52.0,1243.4285714285713,1897.0,511.0,0.6060606060606061,0.5986908358509567
2023-03-08,westus,VM,77,1481,213,89.38,1.05,False,2,3,1,0,60.0,1189.0,91.0,511.0,99.0,1163.0,66.66666666666667,77.0,60.0,1334.0,1481.0,1189.0,64.71428571428571,91.0,52.0,1288.857142857143,1897.0,511.0,0.7777777777777778,0.7457200402819738
2023-03-09,westus,VM,67,1243,426,90.81,1.15,False,3,3,1,0,77.0,1481.0,63.0,1332.0,56.0,1897.0,68.0,77.0,60.0,1304.3333333333333,1481.0,1189.0,66.28571428571429,91.0,52.0,1195.4285714285713,1771.0,511.0,0.6767676767676768,0.6258811681772407
2023-03-10,westus,VM,68,1080,286,92.17,0.97,False,4,3,1,0,67.0,1243.0,60.0,1189.0,52.0,841.0,70.66666666666667,77.0,67.0,1268.0,1481.0,1080.0,68.57142857142857,91.0,54.0,1229.5714285714287,1771.0,511.0,0.6868686868686869,0.5438066465256798
2023-03-11,westus,VM,89,1420,248,108.14,0.88,True,5,3,1,1,68.0,1080.0,77.0,1481.0,54.0,1771.0,74.66666666666667,89.0,67.0,1247.6666666666667,1420.0,1080.0,73.57142857142857,91.0,60.0,1179.4285714285713,1481.0,511.0,0.898989898989899,0.7150050352467271
2023-03-12,westus,VM,98,1387,321,102.27,1.13,True,6,3,1,1,89.0,1420.0,67.0,1243.0,91.0,511.0,85.0,98.0,68.0,1295.6666666666667,1420.0,1080.0,74.57142857142857,98.0,60.0,1304.5714285714287,1481.0,1080.0,0.98989898989899,0.6983887210473313
2023-03-13,westus,VM,99,1986,287,83.93,1.02,False,0,3,1,0,98.0,1387.0,68.0,1080.0,63.0,1332.0,95.33333333333333,99.0,89.0,1597.6666666666667,1986.0,1387.0,79.71428571428571,99.0,60.0,1398.0,1986.0,1080.0,1.0,1.0
2023-03-14,westus,VM,76,1422,265,102.6,1.08,False,1,3,1,0,99.0,1986.0,89.0,1420.0,60.0,1189.0,91.0,99.0,76.0,1598.3333333333333,1986.0,1387.0,82.0,99.0,67.0,1431.2857142857142,1986.0,1080.0,0.7676767676767676,0.716012084592145
2023-03-15,westus,VM,94,1543,472,87.63,0.87,False,2,3,1,0,76.0,1422.0,98.0,1387.0,77.0,1481.0,89.66666666666667,99.0,76.0,1650.3333333333333,1986.0,1422.0,84.42857142857143,99.0,67.0,1440.142857142857,1986.0,1080.0,0.9494949494949495,0.7769385699899295
2023-03-16,westus,VM,98,1262,450,105.22,1.03,False,3,3,1,0,94.0,1543.0,99.0,1986.0,67.0,1243.0,89.33333333333333,98.0,76.0,1409.0,1543.0,1262.0,88.85714285714286,99.0,68.0,1442.857142857143,1986.0,1080.0,0.98989898989899,0.6354481369587109
2023-03-17,westus,VM,95,1421,268,102.5,1.03,False,4,3,1,0,98.0,1262.0,76.0,1422.0,68.0,1080.0,95.66666666666667,98.0,94.0,1408.6666666666667,1543.0,1262.0,92.71428571428571,99.0,76.0,1491.5714285714287,1986.0,1262.0,0.9595959595959596,0.7155085599194361
2023-03-18,westus,VM,63,1131,381,93.2,1.02,True,5,3,1,1,95.0,1421.0,94.0,1543.0,89.0,1420.0,85.33333333333333,98.0,63.0,1271.3333333333333,1421.0,1131.0,89.0,99.0,63.0,1450.2857142857142,1986.0,1131.0,0.6363636363636364,0.5694864048338368
2023-03-19,westus,VM,75,1483,360,102.93,0.93,True,6,3,1,1,63.0,1131.0,98.0,1262.0,98.0,1387.0,77.66666666666667,95.0,63.0,1345.0,1483.0,1131.0,85.71428571428571,99.0,63.0,1464.0,1986.0,1131.0,0.7575757575757576,0.7467270896273918
2023-03-20,westus,VM,88,1609,275,118.66,1.05,False,0,3,1,0,75.0,1483.0,95.0,1421.0,99.0,1986.0,75.33333333333333,88.0,63.0,1407.6666666666667,1609.0,1131.0,84.14285714285714,98.0,63.0,1410.142857142857,1609.0,1131.0,0.8888888888888888,0.8101711983887211
2023-03-21,westus,VM,82,1511,426,88.09,1.07,False,1,3,1,0,88.0,1609.0,63.0,1131.0,76.0,1422.0,81.66666666666667,88.0,75.0,1534.3333333333333,1609.0,1483.0,85.0,98.0,63.0,1422.857142857143,1609.0,1131.0,0.8282828282828283,0.7608257804632427
2023-03-22,westus,VM,86,1427,375,90.25,1.08,False,2,3,1,0,82.0,1511.0,75.0,1483.0,94.0,1543.0,85.33333333333333,88.0,82.0,1515.6666666666667,1609.0,1427.0,83.85714285714286,98.0,63.0,1406.2857142857142,1609.0,1131.0,0.8686868686868687,0.7185297079556898
2023-03-23,westus,VM,77,764,333,111.59,0.92,False,3,3,1,0,86.0,1427.0,88.0,1609.0,98.0,1262.0,81.66666666666667,86.0,77.0,1234.0,1511.0,764.0,80.85714285714286,95.0,63.0,1335.142857142857,1609.0,764.0,0.7777777777777778,0.38469284994964753
2023-03-24,westus,VM,83,1589,447,109.63,1.04,False,4,3,1,0,77.0,764.0,82.0,1511.0,95.0,1421.0,82.0,86.0,77.0,1260.0,1589.0,764.0,79.14285714285714,88.0,63.0,1359.142857142857,1609.0,764.0,0.8383838383838383,0.8001007049345418
2023-03-25,westus,VM,83,1387,245,108.22,1.19,True,5,3,1,1,83.0,1589.0,86.0,1427.0,63.0,1131.0,81.0,83.0,77.0,1246.6666666666667,1589.0,764.0,82.0,88.0,75.0,1395.7142857142858,1609.0,764.0,0.8383838383838383,0.6983887210473313
2023-03-26,westus,VM,89,964,485,97.55,0.92,True,6,3,1,1,83.0,1387.0,77.0,764.0,75.0,1483.0,85.0,89.0,83.0,1313.3333333333333,1589.0,964.0,84.0,89.0,77.0,1321.5714285714287,1609.0,764.0,0.898989898989899,0.48539778449144005
2023-03-27,westus,VM,58,1847,234,91.1,0.92,False,0,3,1,0,89.0,964.0,83.0,1589.0,88.0,1609.0,76.66666666666667,89.0,58.0,1399.3333333333333,1847.0,964.0,79.71428571428571,89.0,58.0,1355.5714285714287,1847.0,764.0,0.5858585858585859,0.9300100704934542
2023-03-28,westus,VM,57,1610,461,99.23,1.03,False,1,3,1,0,58.0,1847.0,83.0,1387.0,82.0,1511.0,68.0,89.0,57.0,1473.6666666666667,1847.0,964.0,76.14285714285714,89.0,57.0,1369.7142857142858,1847.0,764.0,0.5757575757575758,0.81067472306143
2023-03-29,westus,VM,58,1867,236,102.77,1.08,False,2,3,1,0,57.0,1610.0,89.0,964.0,86.0,1427.0,57.666666666666664,58.0,57.0,1774.6666666666667,1867.0,1610.0,72.14285714285714,89.0,57.0,1432.5714285714287,1867.0,764.0,0.5858585858585859,0.9400805639476334
2023-03-30,westus,VM,54,1019,352,100.13,1.15,False,3,3,1,0,58.0,1867.0,58.0,1847.0,77.0,764.0,56.333333333333336,58.0,54.0,1498.6666666666667,1867.0,1019.0,68.85714285714286,89.0,54.0,1469.0,1867.0,964.0,0.5454545454545454,0.5130916414904331
2023-03-31,westus,VM,77,1270,283,97.35,1.27,False,4,3,1,0,54.0,1019.0,57.0,1610.0,83.0,1589.0,63.0,77.0,54.0,1385.3333333333333,1867.0,1019.0,68.0,89.0,54.0,1423.4285714285713,1867.0,964.0,0.7777777777777778,0.6394763343403826
