date,region,resource_type,usage_cpu,usage_storage,users_active,econ_index,cloud_market_demand,holiday,day_of_week,month,quarter,is_weekend,cpu_usage_lag_1,storage_usage_lag_1,cpu_usage_lag_3,storage_usage_lag_3,cpu_usage_lag_7,storage_usage_lag_7,cpu_usage_rollmean_3,cpu_usage_rollmax_3,cpu_usage_rollmin_3,storage_usage_rollmean_3,storage_usage_rollmax_3,storage_usage_rollmin_3,cpu_usage_rollmean_7,cpu_usage_rollmax_7,cpu_usage_rollmin_7,storage_usage_rollmean_7,storage_usage_rollmax_7,storage_usage_rollmin_7,cpu_utilization_ratio,storage_efficiency
2023-01-01,eastus,Container,70,621,414,104.97,0.99,True,6,1,1,1,,,,,,,,,,,,,,,,,,,0.7070707070707071,0.3112781954887218
2023-01-01,northeurope,Container,82,959,221,104.97,0.99,True,6,1,1,1,,,,,,,,,,,,,,,,,,,0.8282828282828283,0.4853238866396761
2023-01-01,northeurope,Storage,51,1715,476,104.97,0.99,True,6,1,1,1,,,,,,,,,,,,,,,,,,,0.5204081632653061,0.8732179226069247
2023-01-01,northeurope,VM,73,1937,493,104.97,0.99,True,6,1,1,1,,,,,,,,,,,,,,,,,,,0.7373737373737373,0.9714142427281846
2023-01-01,eastus,Storage,92,1595,388,104.97,0.99,True,6,1,1,1,,,,,,,,,,,,,,,,,,,0.9292929292929292,0.8007028112449799
2023-01-01,westus,VM,60,1982,287,104.97,0.99,True,6,1,1,1,,,,,,,,,,,,,,,,,,,0.6060606060606061,0.9979859013091642
2023-01-01,southeastasia,Storage,76,1582,369,104.97,0.99,True,6,1,1,1,,,,,,,,,,,,,,,,,,,0.7676767676767676,0.8116983068240123
2023-01-01,southeastasia,VM,93,1356,248,104.97,0.99,True,6,1,1,1,,,,,,,,,,,,,,,,,,,0.9393939393939394,0.6834677419354839
2023-01-01,westus,Container,52,1832,457,104.97,0.99,True,6,1,1,1,,,,,,,,,,,,,,,,,,,0.5252525252525253,0.9224572004028198
2023-01-01,westus,Storage,85,1371,351,104.97,0.99,True,6,1,1,1,,,,,,,,,,,,,,,,,,,0.8585858585858586,0.6973550356052899
2023-01-01,southeastasia,Container,77,1199,470,104.97,0.99,True,6,1,1,1,,,,,,,,,,,,,,,,,,,0.7777777777777778,0.6028154851684263
2023-01-01,eastus,VM,88,1959,470,104.97,0.99,True,6,1,1,1,,,,,,,,,,,,,,,,,,,0.8888888888888888,0.983433734939759
2023-01-02,southeastasia,Container,53,1202,417,106.48,1.15,False,0,1,1,0,77.0,1199.0,,,,,,,,,,,,,,,,,0.5353535353535354,0.604323780794369
2023-01-02,eastus,VM,96,1457,250,106.48,1.15,False,0,1,1,0,88.0,1959.0,,,,,,,,,,,,,,,,,0.9696969696969696,0.731425702811245
2023-01-02,westus,VM,58,666,473,106.48,1.15,False,0,1,1,0,60.0,1982.0,,,,,,,,,,,,,,,,,0.5858585858585859,0.3353474320241691
2023-01-02,southeastasia,VM,66,1911,201,106.48,1.15,False,0,1,1,0,93.0,1356.0,,,,,,,,,,,,,,,,,0.6666666666666666,0.9632056451612904
2023-01-02,eastus,Storage,93,1767,330,106.48,1.15,False,0,1,1,0,92.0,1595.0,,,,,,,,,,,,,,,,,0.9393939393939394,0.8870481927710844
2023-01-02,westus,Container,99,1276,252,106.48,1.15,False,0,1,1,0,52.0,1832.0,,,,,,,,,,,,,,,,,1.0,0.6424974823766365
2023-01-02,northeurope,Storage,96,1455,463,106.48,1.15,False,0,1,1,0,51.0,1715.0,,,,,,,,,,,,,,,,,0.979591836734694,0.7408350305498982
2023-01-02,westus,Storage,53,1100,213,106.48,1.15,False,0,1,1,0,85.0,1371.0,,,,,,,,,,,,,,,,,0.5353535353535354,0.5595116988809766
2023-01-02,northeurope,VM,51,1863,291,106.48,1.15,False,0,1,1,0,73.0,1937.0,,,,,,,,,,,,,,,,,0.5151515151515151,0.9343029087261784
2023-01-02,southeastasia,Storage,55,1065,305,106.48,1.15,False,0,1,1,0,76.0,1582.0,,,,,,,,,,,,,,,,,0.5555555555555556,0.5464340687532068
2023-01-02,northeurope,Container,96,534,405,106.48,1.15,False,0,1,1,0,82.0,959.0,,,,,,,,,,,,,,,,,0.9696969696969696,0.2702429149797571
2023-01-02,eastus,Container,86,1146,220,106.48,1.15,False,0,1,1,0,70.0,621.0,,,,,,,,,,,,,,,,,0.8686868686868687,0.5744360902255639
2023-01-03,southeastasia,VM,73,1586,338,97.66,0.98,False,1,1,1,0,66.0,1911.0,,,,,77.33333333333333,93.0,66.0,1617.6666666666667,1911.0,1356.0,,,,,,,0.7373737373737373,0.7993951612903226
2023-01-03,westus,Container,73,716,451,97.66,0.98,False,1,1,1,0,99.0,1276.0,,,,,74.66666666666667,99.0,52.0,1274.6666666666667,1832.0,716.0,,,,,,,0.7373737373737373,0.3605236656596173
2023-01-03,eastus,Container,57,1985,414,97.66,0.98,False,1,1,1,0,86.0,1146.0,,,,,71.0,86.0,57.0,1250.6666666666667,1985.0,621.0,,,,,,,0.5757575757575758,0.9949874686716792
2023-01-03,northeurope,VM,94,1564,356,97.66,0.98,False,1,1,1,0,51.0,1863.0,,,,,72.66666666666667,94.0,51.0,1788.0,1937.0,1564.0,,,,,,,0.9494949494949496,0.7843530591775326
2023-01-03,northeurope,Container,73,1652,335,97.66,0.98,False,1,1,1,0,96.0,534.0,,,,,83.66666666666667,96.0,73.0,1048.3333333333333,1652.0,534.0,,,,,,,0.7373737373737373,0.8360323886639676
2023-01-03,westus,VM,89,1219,436,97.66,0.98,False,1,1,1,0,58.0,666.0,,,,,69.0,89.0,58.0,1289.0,1982.0,666.0,,,,,,,0.898989898989899,0.6137965760322256
2023-01-03,eastus,VM,93,661,401,97.66,0.98,False,1,1,1,0,96.0,1457.0,,,,,92.33333333333331,96.0,88.0,1359.0,1959.0,661.0,,,,,,,0.9393939393939394,0.3318273092369478
2023-01-03,northeurope,Storage,64,564,208,97.66,0.98,False,1,1,1,0,96.0,1455.0,,,,,70.33333333333333,96.0,51.0,1244.6666666666667,1715.0,564.0,,,,,,,0.6530612244897959,0.2871690427698574
2023-01-03,southeastasia,Container,84,788,460,97.66,0.98,False,1,1,1,0,53.0,1202.0,,,,,71.33333333333333,84.0,53.0,1063.0,1202.0,788.0,,,,,,,0.8484848484848485,0.3961789844142785
2023-01-03,westus,Storage,67,1378,252,97.66,0.98,False,1,1,1,0,53.0,1100.0,,,,,68.33333333333333,85.0,53.0,1283.0,1378.0,1100.0,,,,,,,0.6767676767676768,0.7009155645981688
2023-01-03,southeastasia,Storage,66,891,362,97.66,0.98,False,1,1,1,0,55.0,1065.0,,,,,65.66666666666667,76.0,55.0,1179.3333333333333,1582.0,891.0,,,,,,,0.6666666666666666,0.457157516675218
2023-01-03,eastus,Storage,85,769,470,97.66,0.98,False,1,1,1,0,93.0,1767.0,,,,,90.0,93.0,85.0,1377.0,1767.0,769.0,,,,,,,0.8585858585858586,0.3860441767068273
2023-01-04,eastus,VM,91,730,240,115.79,1.08,False,2,1,1,0,93.0,661.0,88.0,1959.0,,,93.33333333333331,96.0,91.0,949.3333333333334,1457.0,661.0,,,,,,,0.9191919191919192,0.3664658634538152
2023-01-04,westus,VM,97,1002,261,115.79,1.08,False,2,1,1,0,89.0,1219.0,60.0,1982.0,,,81.33333333333333,97.0,58.0,962.3333333333334,1219.0,666.0,,,,,,,0.9797979797979798,0.5045317220543807
2023-01-04,westus,Storage,73,1304,298,115.79,1.08,False,2,1,1,0,67.0,1378.0,85.0,1371.0,,,64.33333333333333,73.0,53.0,1260.6666666666667,1378.0,1100.0,,,,,,,0.7373737373737373,0.6632756866734486
2023-01-04,southeastasia,Storage,75,1391,378,115.79,1.08,False,2,1,1,0,66.0,891.0,76.0,1582.0,,,65.33333333333333,75.0,55.0,1115.6666666666667,1391.0,891.0,,,,,,,0.7575757575757576,0.7136993329912775
2023-01-04,southeastasia,Container,81,1242,440,115.79,1.08,False,2,1,1,0,84.0,788.0,77.0,1199.0,,,72.66666666666667,84.0,53.0,1077.3333333333333,1242.0,788.0,,,,,,,0.8181818181818182,0.6244343891402715
2023-01-04,northeurope,VM,50,1112,330,115.79,1.08,False,2,1,1,0,94.0,1564.0,73.0,1937.0,,,65.0,94.0,50.0,1513.0,1863.0,1112.0,,,,,,,0.5050505050505051,0.5576730190571715
2023-01-04,southeastasia,VM,58,706,214,115.79,1.08,False,2,1,1,0,73.0,1586.0,93.0,1356.0,,,65.66666666666667,73.0,58.0,1401.0,1911.0,706.0,,,,,,,0.5858585858585859,0.3558467741935484
2023-01-04,eastus,Container,57,1279,232,115.79,1.08,False,2,1,1,0,57.0,1985.0,70.0,621.0,,,66.66666666666667,86.0,57.0,1470.0,1985.0,1146.0,,,,,,,0.5757575757575758,0.6411027568922306
2023-01-04,northeurope,Storage,50,1528,417,115.79,1.08,False,2,1,1,0,64.0,564.0,51.0,1715.0,,,70.0,96.0,50.0,1182.3333333333333,1528.0,564.0,,,,,,,0.5102040816326531,0.7780040733197556
2023-01-04,northeurope,Container,63,1370,482,115.79,1.08,False,2,1,1,0,73.0,1652.0,82.0,959.0,,,77.33333333333333,96.0,63.0,1185.3333333333333,1652.0,534.0,,,,,,,0.6363636363636364,0.6933198380566802
2023-01-04,eastus,Storage,77,634,400,115.79,1.08,False,2,1,1,0,85.0,769.0,92.0,1595.0,,,85.0,93.0,77.0,1056.6666666666667,1767.0,634.0,,,,,,,0.7777777777777778,0.3182730923694779
2023-01-04,westus,Container,93,1225,234,115.79,1.08,False,2,1,1,0,73.0,716.0,52.0,1832.0,,,88.33333333333333,99.0,73.0,1072.3333333333333,1276.0,716.0,,,,,,,0.9393939393939394,0.6168177240684793
2023-01-05,southeastasia,Container,57,1934,336,95.31,1.05,False,3,1,1,0,81.0,1242.0,53.0,1202.0,,,74.0,84.0,57.0,1321.3333333333333,1934.0,788.0,,,,,,,0.5757575757575758,0.972347913524384
2023-01-05,eastus,Storage,94,1694,228,95.31,1.05,False,3,1,1,0,77.0,634.0,93.0,1767.0,,,85.33333333333333,94.0,77.0,1032.3333333333333,1694.0,634.0,,,,,,,0.9494949494949496,0.8504016064257028
2023-01-05,northeurope,VM,77,1551,307,95.31,1.05,False,3,1,1,0,50.0,1112.0,51.0,1863.0,,,73.66666666666667,94.0,50.0,1409.0,1564.0,1112.0,,,,,,,0.7777777777777778,0.7778335005015045
2023-01-05,northeurope,Storage,93,1863,485,95.31,1.05,False,3,1,1,0,50.0,1528.0,96.0,1455.0,,,69.0,93.0,50.0,1318.3333333333333,1863.0,564.0,,,,,,,0.9489795918367347,0.9485743380855396
2023-01-05,northeurope,Container,60,1871,430,95.31,1.05,False,3,1,1,0,63.0,1370.0,96.0,534.0,,,65.33333333333333,73.0,60.0,1631.0,1871.0,1370.0,,,,,,,0.6060606060606061,0.9468623481781376
2023-01-05,eastus,VM,81,984,430,95.31,1.05,False,3,1,1,0,91.0,730.0,96.0,1457.0,,,88.33333333333333,93.0,81.0,791.6666666666666,984.0,661.0,,,,,,,0.8181818181818182,0.4939759036144578
2023-01-05,eastus,Container,85,1024,359,95.31,1.05,False,3,1,1,0,57.0,1279.0,86.0,1146.0,,,66.33333333333333,85.0,57.0,1429.3333333333333,1985.0,1024.0,,,,,,,0.8585858585858586,0.5132832080200501
2023-01-05,southeastasia,Storage,62,1782,397,95.31,1.05,False,3,1,1,0,75.0,1391.0,55.0,1065.0,,,67.66666666666667,75.0,62.0,1354.6666666666667,1782.0,891.0,,,,,,,0.6262626262626263,0.914315033350436
2023-01-05,westus,VM,56,1766,285,95.31,1.05,False,3,1,1,0,97.0,1002.0,58.0,666.0,,,80.66666666666667,97.0,56.0,1329.0,1766.0,1002.0,,,,,,,0.5656565656565656,0.8892245720040282
2023-01-05,westus,Container,94,1512,333,95.31,1.05,False,3,1,1,0,93.0,1225.0,99.0,1276.0,,,86.66666666666667,94.0,73.0,1151.0,1512.0,716.0,,,,,,,0.9494949494949496,0.7613293051359517
2023-01-05,westus,Storage,77,1077,369,95.31,1.05,False,3,1,1,0,73.0,1304.0,53.0,1100.0,,,72.33333333333333,77.0,67.0,1253.0,1378.0,1077.0,,,,,,,0.7777777777777778,0.5478128179043744
2023-01-05,southeastasia,VM,82,1908,482,95.31,1.05,False,3,1,1,0,58.0,706.0,66.0,1911.0,,,71.0,82.0,58.0,1400.0,1908.0,706.0,,,,,,,0.8282828282828283,0.9616935483870968
2023-01-06,eastus,Storage,93,1163,359,95.37,0.95,False,4,1,1,0,94.0,1694.0,85.0,769.0,,,88.0,94.0,77.0,1163.6666666666667,1694.0,634.0,,,,,,,0.9393939393939394,0.5838353413654619
2023-01-06,northeurope,Storage,77,1354,423,95.37,0.95,False,4,1,1,0,93.0,1863.0,64.0,564.0,,,73.33333333333333,93.0,50.0,1581.6666666666667,1863.0,1354.0,,,,,,,0.7857142857142857,0.6894093686354379
2023-01-06,southeastasia,Container,53,1962,402,95.37,0.95,False,4,1,1,0,57.0,1934.0,84.0,788.0,,,63.66666666666666,81.0,53.0,1712.6666666666667,1962.0,1242.0,,,,,,,0.5353535353535354,0.986425339366516
2023-01-06,eastus,Container,81,1995,432,95.37,0.95,False,4,1,1,0,85.0,1024.0,57.0,1985.0,,,74.33333333333333,85.0,57.0,1432.6666666666667,1995.0,1024.0,,,,,,,0.8181818181818182,1.0
2023-01-06,westus,Container,86,1451,280,95.37,0.95,False,4,1,1,0,94.0,1512.0,73.0,716.0,,,91.0,94.0,86.0,1396.0,1512.0,1225.0,,,,,,,0.8686868686868687,0.7306143001007049
2023-01-06,northeurope,Container,82,884,325,95.37,0.95,False,4,1,1,0,60.0,1871.0,73.0,1652.0,,,68.33333333333333,82.0,60.0,1375.0,1871.0,884.0,,,,,,,0.8282828282828283,0.4473684210526316
2023-01-06,westus,VM,98,941,251,95.37,0.95,False,4,1,1,0,56.0,1766.0,89.0,1219.0,,,83.66666666666667,98.0,56.0,1236.3333333333333,1766.0,941.0,,,,,,,0.98989898989899,0.4738167170191339
2023-01-06,northeurope,VM,98,501,329,95.37,0.95,False,4,1,1,0,77.0,1551.0,94.0,1564.0,,,75.0,98.0,50.0,1054.6666666666667,1551.0,501.0,,,,,,,0.98989898989899,0.2512537612838516
2023-01-06,eastus,VM,86,1748,433,95.37,0.95,False,4,1,1,0,81.0,984.0,93.0,661.0,,,86.0,91.0,81.0,1154.0,1748.0,730.0,,,,,,,0.8686868686868687,0.8775100401606426
2023-01-06,southeastasia,Storage,75,1939,446,95.37,0.95,False,4,1,1,0,62.0,1782.0,66.0,891.0,,,70.66666666666667,75.0,62.0,1704.0,1939.0,1391.0,,,,,,,0.7575757575757576,0.9948691636736788
2023-01-06,westus,Storage,61,1909,312,95.37,0.95,False,4,1,1,0,77.0,1077.0,67.0,1378.0,,,70.33333333333333,77.0,61.0,1430.0,1909.0,1077.0,,,,,,,0.6161616161616161,0.9710071210579858
2023-01-06,southeastasia,VM,51,1576,371,95.37,0.95,False,4,1,1,0,82.0,1908.0,73.0,1586.0,,,63.66666666666666,82.0,51.0,1396.6666666666667,1908.0,706.0,,,,,,,0.5151515151515151,0.7943548387096774
2023-01-07,westus,VM,65,1108,400,102.42,0.81,True,5,1,1,1,98.0,941.0,97.0,1002.0,,,73.0,98.0,56.0,1271.6666666666667,1766.0,941.0,74.71428571428571,98.0,56.0,1240.571428571429,1982.0,666.0,0.6565656565656566,0.5579053373615307
2023-01-07,westus,Container,69,1263,346,102.42,0.81,True,5,1,1,1,86.0,1451.0,93.0,1225.0,,,83.0,94.0,69.0,1408.6666666666667,1512.0,1263.0,80.85714285714286,99.0,52.0,1325.0,1832.0,716.0,0.696969696969697,0.6359516616314199
2023-01-07,northeurope,VM,69,1363,398,102.42,0.81,True,5,1,1,1,98.0,501.0,50.0,1112.0,,,81.33333333333333,98.0,69.0,1138.3333333333333,1551.0,501.0,73.14285714285714,98.0,50.0,1413.0,1937.0,501.0,0.696969696969697,0.6835506519558676
2023-01-07,eastus,Storage,73,1383,297,102.42,0.81,True,5,1,1,1,93.0,1163.0,77.0,634.0,,,86.66666666666667,94.0,73.0,1413.3333333333333,1694.0,1163.0,86.71428571428571,94.0,73.0,1286.428571428571,1767.0,634.0,0.7373737373737373,0.6942771084337349
2023-01-07,southeastasia,Storage,80,1821,298,102.42,0.81,True,5,1,1,1,75.0,1939.0,75.0,1391.0,,,72.33333333333333,80.0,62.0,1847.3333333333333,1939.0,1782.0,69.85714285714286,80.0,55.0,1495.857142857143,1939.0,891.0,0.8080808080808081,0.9343252950230888
2023-01-07,southeastasia,Container,56,643,311,102.42,0.81,True,5,1,1,1,53.0,1962.0,81.0,1242.0,,,55.333333333333336,57.0,53.0,1513.0,1962.0,643.0,65.85714285714286,84.0,53.0,1281.428571428571,1962.0,643.0,0.5656565656565656,0.3232780291603821
2023-01-07,northeurope,Container,88,837,328,102.42,0.81,True,5,1,1,1,82.0,884.0,63.0,1370.0,,,76.66666666666667,88.0,60.0,1197.3333333333333,1871.0,837.0,77.71428571428571,96.0,60.0,1158.142857142857,1871.0,534.0,0.8888888888888888,0.423582995951417
2023-01-07,westus,Storage,55,963,458,102.42,0.81,True,5,1,1,1,61.0,1909.0,73.0,1304.0,,,64.33333333333333,77.0,55.0,1316.3333333333333,1909.0,963.0,67.28571428571429,85.0,53.0,1300.2857142857142,1909.0,963.0,0.5555555555555556,0.4898270600203459
2023-01-07,eastus,Container,55,1481,439,102.42,0.81,True,5,1,1,1,81.0,1995.0,57.0,1279.0,,,73.66666666666667,85.0,55.0,1500.0,1995.0,1024.0,70.14285714285714,86.0,55.0,1361.571428571429,1995.0,621.0,0.5555555555555556,0.7423558897243108
2023-01-07,eastus,VM,66,1266,493,102.42,0.81,True,5,1,1,1,86.0,1748.0,91.0,730.0,,,77.66666666666667,86.0,66.0,1332.6666666666667,1748.0,984.0,85.85714285714286,96.0,66.0,1257.857142857143,1959.0,661.0,0.6666666666666666,0.6355421686746988
2023-01-07,southeastasia,VM,60,972,350,102.42,0.81,True,5,1,1,1,51.0,1576.0,58.0,706.0,,,64.33333333333333,82.0,51.0,1485.3333333333333,1908.0,972.0,69.0,93.0,51.0,1430.7142857142858,1911.0,706.0,0.6060606060606061,0.4899193548387097
2023-01-07,northeurope,Storage,90,1428,327,102.42,0.81,True,5,1,1,1,77.0,1354.0,50.0,1528.0,,,86.66666666666667,93.0,77.0,1548.3333333333333,1863.0,1354.0,74.42857142857143,96.0,50.0,1415.2857142857142,1863.0,564.0,0.9183673469387756,0.7270875763747454
2023-01-08,northeurope,Storage,98,1943,303,82.75,0.94,True,6,1,1,1,90.0,1428.0,93.0,1863.0,51.0,1715.0,88.33333333333333,98.0,77.0,1575.0,1943.0,1354.0,81.14285714285714,98.0,50.0,1447.857142857143,1943.0,564.0,1.0,0.9893075356415478
2023-01-08,westus,Container,69,651,253,82.75,0.94,True,6,1,1,1,69.0,1263.0,94.0,1512.0,52.0,1832.0,74.66666666666667,86.0,69.0,1121.6666666666667,1451.0,651.0,83.28571428571429,99.0,69.0,1156.2857142857142,1512.0,651.0,0.696969696969697,0.3277945619335347
2023-01-08,northeurope,Container,69,753,426,82.75,0.94,True,6,1,1,1,88.0,837.0,60.0,1871.0,82.0,959.0,79.66666666666667,88.0,69.0,824.6666666666666,884.0,753.0,75.85714285714286,96.0,60.0,1128.7142857142858,1871.0,534.0,0.696969696969697,0.3810728744939271
2023-01-08,westus,Storage,97,707,330,82.75,0.94,True,6,1,1,1,55.0,963.0,77.0,1077.0,85.0,1371.0,71.0,97.0,55.0,1193.0,1909.0,707.0,69.0,97.0,53.0,1205.428571428571,1909.0,707.0,0.9797979797979798,0.3596134282807731
2023-01-08,eastus,VM,98,501,453,82.75,0.94,True,6,1,1,1,66.0,1266.0,81.0,984.0,88.0,1959.0,83.33333333333333,98.0,66.0,1171.6666666666667,1748.0,501.0,87.28571428571429,98.0,66.0,1049.571428571429,1748.0,501.0,0.98989898989899,0.2515060240963855
2023-01-08,southeastasia,Storage,74,1413,393,82.75,0.94,True,6,1,1,1,80.0,1821.0,62.0,1782.0,76.0,1582.0,76.33333333333333,80.0,74.0,1724.3333333333333,1939.0,1413.0,69.57142857142857,80.0,55.0,1471.7142857142858,1939.0,891.0,0.7474747474747475,0.7249871729091842
2023-01-08,eastus,Storage,61,952,236,82.75,0.94,True,6,1,1,1,73.0,1383.0,94.0,1694.0,92.0,1595.0,75.66666666666667,93.0,61.0,1166.0,1383.0,952.0,82.28571428571429,94.0,61.0,1194.571428571429,1767.0,634.0,0.6161616161616161,0.4779116465863454
2023-01-08,northeurope,VM,82,1127,274,82.75,0.94,True,6,1,1,1,69.0,1363.0,77.0,1551.0,73.0,1937.0,83.0,98.0,69.0,997.0,1363.0,501.0,74.42857142857143,98.0,50.0,1297.2857142857142,1863.0,501.0,0.8282828282828283,0.5651955867602808
2023-01-08,westus,VM,90,1622,346,82.75,0.94,True,6,1,1,1,65.0,1108.0,56.0,1766.0,60.0,1982.0,84.33333333333333,98.0,65.0,1223.6666666666667,1622.0,941.0,79.0,98.0,56.0,1189.142857142857,1766.0,666.0,0.9090909090909092,0.8167170191339376
2023-01-08,eastus,Container,81,1514,208,82.75,0.94,True,6,1,1,1,55.0,1481.0,85.0,1024.0,70.0,621.0,72.33333333333333,81.0,55.0,1663.3333333333333,1995.0,1481.0,71.71428571428571,86.0,55.0,1489.142857142857,1995.0,1024.0,0.8181818181818182,0.7588972431077694
2023-01-08,southeastasia,VM,97,1009,298,82.75,0.94,True,6,1,1,1,60.0,972.0,82.0,1908.0,93.0,1356.0,69.33333333333333,97.0,51.0,1185.6666666666667,1576.0,972.0,69.57142857142857,97.0,51.0,1381.142857142857,1911.0,706.0,0.9797979797979798,0.5085685483870968
2023-01-08,southeastasia,Container,84,1456,368,82.75,0.94,True,6,1,1,1,56.0,643.0,57.0,1934.0,77.0,1199.0,64.33333333333333,84.0,53.0,1353.6666666666667,1962.0,643.0,66.85714285714286,84.0,53.0,1318.142857142857,1962.0,643.0,0.8484848484848485,0.7320261437908496
2023-01-09,southeastasia,Container,98,516,371,89.87,1.03,False,0,1,1,0,84.0,1456.0,53.0,1962.0,53.0,1202.0,79.33333333333333,98.0,56.0,871.6666666666666,1456.0,516.0,73.28571428571429,98.0,53.0,1220.142857142857,1962.0,516.0,0.98989898989899,0.2594268476621418
2023-01-09,northeurope,Storage,76,526,425,89.87,1.03,False,0,1,1,0,98.0,1943.0,77.0,1354.0,96.0,1455.0,88.0,98.0,76.0,1299.0,1943.0,526.0,78.28571428571429,98.0,50.0,1315.142857142857,1943.0,526.0,0.7755102040816326,0.2678207739307535
2023-01-09,eastus,Storage,82,897,476,89.87,1.03,False,0,1,1,0,61.0,952.0,93.0,1163.0,93.0,1767.0,72.0,82.0,61.0,1077.3333333333333,1383.0,897.0,80.71428571428571,94.0,61.0,1070.2857142857142,1694.0,634.0,0.8282828282828283,0.4503012048192771
2023-01-09,westus,Storage,82,1187,221,89.87,1.03,False,0,1,1,0,97.0,707.0,61.0,1909.0,53.0,1100.0,78.0,97.0,55.0,952.3333333333334,1187.0,707.0,73.14285714285714,97.0,55.0,1217.857142857143,1909.0,707.0,0.8282828282828283,0.603763987792472
2023-01-09,southeastasia,VM,77,1378,346,89.87,1.03,False,0,1,1,0,97.0,1009.0,51.0,1576.0,66.0,1911.0,78.0,97.0,60.0,1119.6666666666667,1378.0,972.0,71.14285714285714,97.0,51.0,1305.0,1908.0,706.0,0.7777777777777778,0.6945564516129032
2023-01-09,eastus,VM,85,660,267,89.87,1.03,False,0,1,1,0,98.0,501.0,86.0,1748.0,96.0,1457.0,83.0,98.0,66.0,809.0,1266.0,501.0,85.71428571428571,98.0,66.0,935.7142857142856,1748.0,501.0,0.8585858585858586,0.3313253012048193
2023-01-09,northeurope,VM,94,1062,463,89.87,1.03,False,0,1,1,0,82.0,1127.0,98.0,501.0,51.0,1863.0,81.66666666666667,94.0,69.0,1184.0,1363.0,1062.0,80.57142857142857,98.0,50.0,1182.857142857143,1564.0,501.0,0.9494949494949496,0.5325977933801405
2023-01-09,westus,VM,52,900,327,89.87,1.03,False,0,1,1,0,90.0,1622.0,98.0,941.0,58.0,666.0,69.0,90.0,52.0,1210.0,1622.0,900.0,78.14285714285714,98.0,52.0,1222.571428571429,1766.0,900.0,0.5252525252525253,0.4531722054380664
2023-01-09,eastus,Container,97,1915,334,89.87,1.03,False,0,1,1,0,81.0,1514.0,81.0,1995.0,86.0,1146.0,77.66666666666667,97.0,55.0,1636.6666666666667,1915.0,1481.0,73.28571428571429,97.0,55.0,1599.0,1995.0,1024.0,0.9797979797979798,0.9598997493734336
2023-01-09,southeastasia,Storage,53,1046,391,89.87,1.03,False,0,1,1,0,74.0,1413.0,75.0,1939.0,55.0,1065.0,69.0,80.0,53.0,1426.6666666666667,1821.0,1046.0,69.28571428571429,80.0,53.0,1469.0,1939.0,891.0,0.5353535353535354,0.5366854797331965
2023-01-09,northeurope,Container,70,1297,296,89.87,1.03,False,0,1,1,0,69.0,753.0,82.0,884.0,96.0,534.0,75.66666666666667,88.0,69.0,962.3333333333334,1297.0,753.0,72.14285714285714,88.0,60.0,1237.7142857142858,1871.0,753.0,0.7070707070707071,0.6563765182186235
2023-01-09,westus,Container,95,537,429,89.87,1.03,False,0,1,1,0,69.0,651.0,86.0,1451.0,99.0,1276.0,77.66666666666667,95.0,69.0,817.0,1263.0,537.0,82.71428571428571,95.0,69.0,1050.7142857142858,1512.0,537.0,0.9595959595959596,0.270392749244713
2023-01-10,northeurope,Storage,74,1065,257,90.92,0.86,False,1,1,1,0,76.0,526.0,90.0,1428.0,64.0,564.0,82.66666666666667,98.0,74.0,1178.0,1943.0,526.0,79.71428571428571,98.0,50.0,1386.7142857142858,1943.0,526.0,0.7551020408163265,0.5422606924643585
2023-01-10,westus,Storage,82,1639,390,90.92,0.86,False,1,1,1,0,82.0,1187.0,55.0,963.0,67.0,1378.0,87.0,97.0,82.0,1177.6666666666667,1639.0,707.0,75.28571428571429,97.0,55.0,1255.142857142857,1909.0,707.0,0.8282828282828283,0.8336724313326551
2023-01-10,southeastasia,Container,89,1916,498,90.92,0.86,False,1,1,1,0,98.0,516.0,56.0,643.0,84.0,788.0,90.33333333333331,98.0,84.0,1296.0,1916.0,516.0,74.0,98.0,53.0,1381.2857142857142,1962.0,516.0,0.898989898989899,0.963298139768728
2023-01-10,southeastasia,Storage,51,654,472,90.92,0.86,False,1,1,1,0,53.0,1046.0,80.0,1821.0,66.0,891.0,59.333333333333336,74.0,51.0,1037.6666666666667,1413.0,654.0,67.14285714285714,80.0,51.0,1435.142857142857,1939.0,654.0,0.5151515151515151,0.3355566957414058
2023-01-10,southeastasia,VM,99,1811,350,90.92,0.86,False,1,1,1,0,77.0,1378.0,60.0,972.0,73.0,1586.0,91.0,99.0,77.0,1399.3333333333333,1811.0,1009.0,74.85714285714286,99.0,51.0,1337.142857142857,1908.0,706.0,1.0,0.9128024193548387
2023-01-10,eastus,Container,86,779,380,90.92,0.86,False,1,1,1,0,97.0,1915.0,55.0,1481.0,57.0,1985.0,88.0,97.0,81.0,1402.6666666666667,1915.0,779.0,77.42857142857143,97.0,55.0,1426.7142857142858,1995.0,779.0,0.8686868686868687,0.3904761904761905
2023-01-10,westus,VM,80,1622,387,90.92,0.86,False,1,1,1,0,52.0,900.0,65.0,1108.0,89.0,1219.0,74.0,90.0,52.0,1381.3333333333333,1622.0,900.0,76.85714285714286,98.0,52.0,1280.142857142857,1766.0,900.0,0.8080808080808081,0.8167170191339376
2023-01-10,northeurope,VM,52,627,217,90.92,0.86,False,1,1,1,0,94.0,1062.0,69.0,1363.0,94.0,1564.0,76.0,94.0,52.0,938.6666666666666,1127.0,627.0,74.57142857142857,98.0,50.0,1049.0,1551.0,501.0,0.5252525252525253,0.3144433299899699
2023-01-10,eastus,Storage,55,598,432,90.92,0.86,False,1,1,1,0,82.0,897.0,73.0,1383.0,85.0,769.0,66.0,82.0,55.0,815.6666666666666,952.0,598.0,76.42857142857143,94.0,55.0,1045.857142857143,1694.0,598.0,0.5555555555555556,0.3002008032128514
2023-01-10,northeurope,Container,52,1185,479,90.92,0.86,False,1,1,1,0,70.0,1297.0,88.0,837.0,73.0,1652.0,63.66666666666666,70.0,52.0,1078.3333333333333,1297.0,753.0,69.14285714285714,88.0,52.0,1171.0,1871.0,753.0,0.5252525252525253,0.5996963562753036
2023-01-10,westus,Container,70,1427,360,90.92,0.86,False,1,1,1,0,95.0,537.0,69.0,1263.0,73.0,716.0,78.0,95.0,69.0,871.6666666666666,1427.0,537.0,82.28571428571429,95.0,69.0,1152.2857142857142,1512.0,537.0,0.7070707070707071,0.7185297079556898
2023-01-10,eastus,VM,77,657,245,90.92,0.86,False,1,1,1,0,85.0,660.0,66.0,1266.0,93.0,661.0,86.66666666666667,98.0,77.0,606.0,660.0,501.0,83.42857142857143,98.0,66.0,935.1428571428572,1748.0,501.0,0.7777777777777778,0.3298192771084337
2023-01-11,eastus,VM,97,1562,369,114.66,0.98,False,2,1,1,0,77.0,657.0,98.0,501.0,91.0,730.0,86.33333333333333,97.0,77.0,959.6666666666666,1562.0,657.0,84.28571428571429,98.0,66.0,1054.0,1748.0,501.0,0.9797979797979798,0.7841365461847389
2023-01-11,northeurope,Container,74,1074,389,114.66,0.98,False,2,1,1,0,52.0,1185.0,69.0,753.0,63.0,1370.0,65.33333333333333,74.0,52.0,1185.3333333333333,1297.0,1074.0,70.71428571428571,88.0,52.0,1128.7142857142858,1871.0,753.0,0.7474747474747475,0.5435222672064778
2023-01-11,westus,Container,61,970,342,114.66,0.98,False,2,1,1,0,70.0,1427.0,69.0,651.0,93.0,1225.0,75.33333333333333,95.0,61.0,978.0,1427.0,537.0,77.71428571428571,95.0,61.0,1115.857142857143,1512.0,537.0,0.6161616161616161,0.4884189325276938
2023-01-11,southeastasia,Storage,71,804,379,114.66,0.98,False,2,1,1,0,51.0,654.0,74.0,1413.0,75.0,1391.0,58.333333333333336,71.0,51.0,834.6666666666666,1046.0,654.0,66.57142857142857,80.0,51.0,1351.2857142857142,1939.0,654.0,0.7171717171717171,0.4125192406362237
2023-01-11,eastus,Container,56,535,372,114.66,0.98,False,2,1,1,0,86.0,779.0,81.0,1514.0,57.0,1279.0,79.66666666666667,97.0,56.0,1076.3333333333333,1915.0,535.0,77.28571428571429,97.0,55.0,1320.428571428571,1995.0,535.0,0.5656565656565656,0.2681704260651629
2023-01-11,westus,Storage,95,899,341,114.66,0.98,False,2,1,1,0,82.0,1639.0,97.0,707.0,73.0,1304.0,86.33333333333333,95.0,82.0,1241.6666666666667,1639.0,899.0,78.42857142857143,97.0,55.0,1197.2857142857142,1909.0,707.0,0.9595959595959596,0.4572736520854527
2023-01-11,eastus,Storage,75,1420,212,114.66,0.98,False,2,1,1,0,55.0,598.0,61.0,952.0,77.0,634.0,70.66666666666667,82.0,55.0,971.6666666666666,1420.0,598.0,76.14285714285714,94.0,55.0,1158.142857142857,1694.0,598.0,0.7575757575757576,0.7128514056224899
2023-01-11,westus,VM,69,820,463,114.66,0.98,False,2,1,1,0,80.0,1622.0,90.0,1622.0,97.0,1002.0,67.0,80.0,52.0,1114.0,1622.0,820.0,72.85714285714286,98.0,52.0,1254.142857142857,1766.0,820.0,0.696969696969697,0.4128902316213494
2023-01-11,northeurope,VM,77,1877,487,114.66,0.98,False,2,1,1,0,52.0,627.0,82.0,1127.0,50.0,1112.0,74.33333333333333,94.0,52.0,1188.6666666666667,1877.0,627.0,78.42857142857143,98.0,52.0,1158.2857142857142,1877.0,501.0,0.7777777777777778,0.9413239719157472
2023-01-11,southeastasia,VM,71,813,257,114.66,0.98,False,2,1,1,0,99.0,1811.0,97.0,1009.0,58.0,706.0,82.33333333333333,99.0,71.0,1334.0,1811.0,813.0,76.71428571428571,99.0,51.0,1352.428571428571,1908.0,813.0,0.7171717171717171,0.4097782258064516
2023-01-11,northeurope,Storage,72,1353,250,114.66,0.98,False,2,1,1,0,74.0,1065.0,98.0,1943.0,50.0,1528.0,74.0,76.0,72.0,981.3333333333334,1353.0,526.0,82.85714285714286,98.0,72.0,1361.7142857142858,1943.0,526.0,0.7346938775510204,0.6889002036659878
2023-01-11,southeastasia,Container,91,1337,470,114.66,0.98,False,2,1,1,0,89.0,1916.0,84.0,1456.0,81.0,1242.0,92.66666666666669,98.0,89.0,1256.3333333333333,1916.0,516.0,75.42857142857143,98.0,53.0,1394.857142857143,1962.0,516.0,0.9191919191919192,0.6721970839617899
2023-01-12,eastus,VM,92,943,300,100.68,0.86,False,3,1,1,0,97.0,1562.0,85.0,660.0,81.0,984.0,88.66666666666667,97.0,77.0,1054.0,1562.0,657.0,85.85714285714286,98.0,66.0,1048.142857142857,1748.0,501.0,0.9292929292929292,0.4733935742971887
2023-01-12,southeastasia,Storage,50,1301,295,100.68,0.86,False,3,1,1,0,71.0,804.0,53.0,1046.0,62.0,1782.0,57.333333333333336,71.0,50.0,919.6666666666666,1301.0,654.0,64.85714285714286,80.0,50.0,1282.571428571429,1939.0,654.0,0.5050505050505051,0.6675218060543868
2023-01-12,westus,Storage,84,1322,343,100.68,0.86,False,3,1,1,0,95.0,899.0,82.0,1187.0,77.0,1077.0,87.0,95.0,82.0,1286.6666666666667,1639.0,899.0,79.42857142857143,97.0,55.0,1232.2857142857142,1909.0,707.0,0.8484848484848485,0.6724313326551373
2023-01-12,eastus,Container,93,504,302,100.68,0.86,False,3,1,1,0,56.0,535.0,97.0,1915.0,85.0,1024.0,78.33333333333333,93.0,56.0,606.0,779.0,504.0,78.42857142857143,97.0,55.0,1246.142857142857,1995.0,504.0,0.9393939393939394,0.2526315789473684
2023-01-12,northeurope,Storage,68,1581,428,100.68,0.86,False,3,1,1,0,72.0,1353.0,76.0,526.0,93.0,1863.0,71.33333333333333,74.0,68.0,1333.0,1581.0,1065.0,79.28571428571429,98.0,68.0,1321.428571428571,1943.0,526.0,0.6938775510204082,0.804989816700611
2023-01-12,northeurope,Container,75,616,478,100.68,0.86,False,3,1,1,0,74.0,1074.0,70.0,1297.0,60.0,1871.0,67.0,75.0,52.0,958.3333333333334,1185.0,616.0,72.85714285714286,88.0,52.0,949.4285714285714,1297.0,616.0,0.7575757575757576,0.3117408906882591
2023-01-12,northeurope,VM,91,1156,319,100.68,0.86,False,3,1,1,0,77.0,1877.0,94.0,1062.0,77.0,1551.0,73.33333333333333,91.0,52.0,1220.0,1877.0,627.0,80.42857142857143,98.0,52.0,1101.857142857143,1877.0,501.0,0.9191919191919192,0.5797392176529589
2023-01-12,eastus,Storage,82,763,252,100.68,0.86,False,3,1,1,0,75.0,1420.0,82.0,897.0,94.0,1694.0,70.66666666666667,82.0,55.0,927.0,1420.0,598.0,74.42857142857143,93.0,55.0,1025.142857142857,1420.0,598.0,0.8282828282828283,0.3830321285140562
2023-01-12,westus,Container,62,869,323,100.68,0.86,False,3,1,1,0,61.0,970.0,95.0,537.0,94.0,1512.0,64.33333333333333,70.0,61.0,1088.6666666666667,1427.0,869.0,73.14285714285714,95.0,61.0,1024.0,1451.0,537.0,0.6262626262626263,0.4375629405840886
2023-01-12,southeastasia,VM,58,1512,328,100.68,0.86,False,3,1,1,0,71.0,813.0,77.0,1378.0,82.0,1908.0,76.0,99.0,58.0,1378.6666666666667,1811.0,813.0,73.28571428571429,99.0,51.0,1295.857142857143,1811.0,813.0,0.5858585858585859,0.7620967741935484
2023-01-12,westus,VM,53,1273,246,100.68,0.86,False,3,1,1,0,69.0,820.0,52.0,900.0,56.0,1766.0,67.33333333333333,80.0,53.0,1238.3333333333333,1622.0,820.0,72.42857142857143,98.0,52.0,1183.7142857142858,1622.0,820.0,0.5353535353535354,0.6409869083585096
2023-01-12,southeastasia,Container,97,987,436,100.68,0.86,False,3,1,1,0,91.0,1337.0,98.0,516.0,57.0,1934.0,92.33333333333331,97.0,89.0,1413.3333333333333,1916.0,987.0,81.14285714285714,98.0,53.0,1259.571428571429,1962.0,516.0,0.9797979797979798,0.4962292609351433
2023-01-13,westus,Storage,65,1958,285,94.56,1.01,False,4,1,1,0,84.0,1322.0,82.0,1639.0,61.0,1909.0,81.33333333333333,95.0,65.0,1393.0,1958.0,899.0,80.0,97.0,55.0,1239.2857142857142,1958.0,707.0,0.6565656565656566,0.9959308240081384
2023-01-13,westus,VM,52,1599,353,94.56,1.01,False,4,1,1,0,53.0,1273.0,80.0,1622.0,98.0,941.0,58.0,69.0,52.0,1230.6666666666667,1599.0,820.0,65.85714285714286,90.0,52.0,1277.7142857142858,1622.0,820.0,0.5252525252525253,0.8051359516616314
2023-01-13,southeastasia,Container,59,1623,489,94.56,1.01,False,4,1,1,0,97.0,987.0,89.0,1916.0,53.0,1962.0,82.33333333333333,97.0,59.0,1315.6666666666667,1623.0,987.0,82.0,98.0,56.0,1211.142857142857,1916.0,516.0,0.5959595959595959,0.8159879336349924
2023-01-13,southeastasia,Storage,79,856,222,94.56,1.01,False,4,1,1,0,50.0,1301.0,51.0,654.0,75.0,1939.0,66.66666666666667,79.0,50.0,987.0,1301.0,804.0,65.42857142857143,80.0,50.0,1127.857142857143,1821.0,654.0,0.797979797979798,0.4391995895330939
2023-01-13,eastus,VM,50,1795,388,94.56,1.01,False,4,1,1,0,92.0,943.0,77.0,657.0,86.0,1748.0,79.66666666666667,97.0,50.0,1433.3333333333333,1795.0,943.0,80.71428571428571,98.0,50.0,1054.857142857143,1795.0,501.0,0.5050505050505051,0.9011044176706828
2023-01-13,westus,Container,78,1743,268,94.56,1.01,False,4,1,1,0,62.0,869.0,70.0,1427.0,86.0,1451.0,67.0,78.0,61.0,1194.0,1743.0,869.0,72.0,95.0,61.0,1065.7142857142858,1743.0,537.0,0.7878787878787878,0.877643504531722
2023-01-13,northeurope,Container,65,717,238,94.56,1.01,False,4,1,1,0,75.0,616.0,52.0,1185.0,82.0,884.0,71.33333333333333,75.0,65.0,802.3333333333334,1074.0,616.0,70.42857142857143,88.0,52.0,925.5714285714286,1297.0,616.0,0.6565656565656566,0.3628542510121457
2023-01-13,northeurope,Storage,95,1457,403,94.56,1.01,False,4,1,1,0,68.0,1581.0,74.0,1065.0,77.0,1354.0,78.33333333333333,95.0,68.0,1463.6666666666667,1581.0,1353.0,81.85714285714286,98.0,68.0,1336.142857142857,1943.0,526.0,0.9693877551020408,0.7418533604887984
2023-01-13,southeastasia,VM,85,1812,453,94.56,1.01,False,4,1,1,0,58.0,1512.0,99.0,1811.0,51.0,1576.0,71.33333333333333,85.0,58.0,1379.0,1812.0,813.0,78.14285714285714,99.0,58.0,1329.571428571429,1812.0,813.0,0.8585858585858586,0.9133064516129032
2023-01-13,northeurope,VM,96,1508,293,94.56,1.01,False,4,1,1,0,91.0,1156.0,52.0,627.0,98.0,501.0,88.0,96.0,77.0,1513.6666666666667,1877.0,1156.0,80.14285714285714,96.0,52.0,1245.7142857142858,1877.0,627.0,0.9696969696969696,0.7562688064192578
2023-01-13,eastus,Storage,88,1203,268,94.56,1.01,False,4,1,1,0,82.0,763.0,55.0,598.0,93.0,1163.0,81.66666666666667,88.0,75.0,1128.6666666666667,1420.0,763.0,73.71428571428571,88.0,55.0,1030.857142857143,1420.0,598.0,0.8888888888888888,0.6039156626506024
2023-01-13,eastus,Container,71,1360,446,94.56,1.01,False,4,1,1,0,93.0,504.0,86.0,779.0,81.0,1995.0,73.33333333333333,93.0,56.0,799.6666666666666,1360.0,504.0,77.0,97.0,55.0,1155.428571428571,1915.0,504.0,0.7171717171717171,0.681704260651629
2023-01-14,northeurope,VM,82,1456,378,88.49,1.04,True,5,1,1,1,96.0,1508.0,77.0,1877.0,69.0,1363.0,89.66666666666667,96.0,82.0,1373.3333333333333,1508.0,1156.0,82.0,96.0,52.0,1259.0,1877.0,627.0,0.8282828282828283,0.7301905717151455
2023-01-14,southeastasia,Storage,80,1825,452,88.49,1.04,True,5,1,1,1,79.0,856.0,71.0,804.0,80.0,1821.0,69.66666666666667,80.0,50.0,1327.3333333333333,1825.0,856.0,65.42857142857143,80.0,50.0,1128.428571428571,1825.0,654.0,0.8080808080808081,0.9363776295536173
2023-01-14,eastus,Container,65,1291,446,88.49,1.04,True,5,1,1,1,71.0,1360.0,56.0,535.0,55.0,1481.0,76.33333333333333,93.0,65.0,1051.6666666666667,1360.0,504.0,78.42857142857143,97.0,56.0,1128.2857142857142,1915.0,504.0,0.6565656565656566,0.6471177944862155
2023-01-14,westus,Storage,76,1351,351,88.49,1.04,True,5,1,1,1,65.0,1958.0,95.0,899.0,55.0,963.0,75.0,84.0,65.0,1543.6666666666667,1958.0,1322.0,83.0,97.0,65.0,1294.7142857142858,1958.0,707.0,0.7676767676767676,0.6871820956256358
2023-01-14,eastus,Storage,81,1268,203,88.49,1.04,True,5,1,1,1,88.0,1203.0,75.0,1420.0,73.0,1383.0,83.66666666666667,88.0,81.0,1078.0,1268.0,763.0,74.85714285714286,88.0,55.0,1014.4285714285714,1420.0,598.0,0.8181818181818182,0.6365461847389559
2023-01-14,westus,VM,51,996,359,88.49,1.04,True,5,1,1,1,52.0,1599.0,69.0,820.0,65.0,1108.0,52.0,53.0,51.0,1289.3333333333333,1599.0,996.0,63.85714285714285,90.0,51.0,1261.7142857142858,1622.0,820.0,0.5151515151515151,0.5015105740181269
2023-01-14,southeastasia,Container,99,534,414,88.49,1.04,True,5,1,1,1,59.0,1623.0,91.0,1337.0,56.0,643.0,85.0,99.0,59.0,1048.0,1623.0,534.0,88.14285714285714,99.0,59.0,1195.571428571429,1916.0,516.0,1.0,0.2684766214177979
2023-01-14,westus,Container,61,1189,362,88.49,1.04,True,5,1,1,1,78.0,1743.0,61.0,970.0,69.0,1263.0,67.0,78.0,61.0,1267.0,1743.0,869.0,70.85714285714286,95.0,61.0,1055.142857142857,1743.0,537.0,0.6161616161616161,0.5986908358509567
2023-01-14,northeurope,Storage,92,1791,264,88.49,1.04,True,5,1,1,1,95.0,1457.0,72.0,1353.0,90.0,1428.0,85.0,95.0,68.0,1609.6666666666667,1791.0,1457.0,82.14285714285714,98.0,68.0,1388.0,1943.0,526.0,0.9387755102040816,0.9119144602851325
2023-01-14,northeurope,Container,82,1691,242,88.49,1.04,True,5,1,1,1,65.0,717.0,74.0,1074.0,88.0,837.0,74.0,82.0,65.0,1008.0,1691.0,616.0,69.57142857142857,82.0,52.0,1047.571428571429,1691.0,616.0,0.8282828282828283,0.8557692307692307
2023-01-14,eastus,VM,80,1261,346,88.49,1.04,True,5,1,1,1,50.0,1795.0,97.0,1562.0,66.0,1266.0,74.0,92.0,50.0,1333.0,1795.0,943.0,82.71428571428571,98.0,50.0,1054.142857142857,1795.0,501.0,0.8080808080808081,0.6330321285140562
2023-01-14,southeastasia,VM,93,784,211,88.49,1.04,True,5,1,1,1,85.0,1812.0,71.0,813.0,60.0,972.0,78.66666666666667,93.0,58.0,1369.3333333333333,1812.0,784.0,82.85714285714286,99.0,58.0,1302.7142857142858,1812.0,784.0,0.9393939393939394,0.3951612903225806
2023-01-15,southeastasia,Container,98,778,416,93.99,0.97,True,6,1,1,1,99.0,534.0,97.0,987.0,84.0,1456.0,85.33333333333333,99.0,59.0,978.3333333333334,1623.0,534.0,90.14285714285714,99.0,59.0,1098.7142857142858,1916.0,516.0,0.98989898989899,0.3911513323278029
2023-01-15,eastus,VM,66,589,463,93.99,0.97,True,6,1,1,1,80.0,1261.0,92.0,943.0,98.0,501.0,65.33333333333333,80.0,50.0,1215.0,1795.0,589.0,78.14285714285714,97.0,50.0,1066.7142857142858,1795.0,589.0,0.6666666666666666,0.2956827309236948
2023-01-15,westus,Container,70,1520,448,93.99,0.97,True,6,1,1,1,61.0,1189.0,62.0,869.0,69.0,651.0,69.66666666666667,78.0,61.0,1484.0,1743.0,1189.0,71.0,95.0,61.0,1179.2857142857142,1743.0,537.0,0.7070707070707071,0.7653575025176234
2023-01-15,southeastasia,Storage,81,536,467,93.99,0.97,True,6,1,1,1,80.0,1825.0,50.0,1301.0,74.0,1413.0,80.0,81.0,79.0,1072.3333333333333,1825.0,536.0,66.42857142857143,81.0,50.0,1003.1428571428572,1825.0,536.0,0.8181818181818182,0.2750128270908158
2023-01-15,eastus,Storage,78,1469,289,93.99,0.97,True,6,1,1,1,81.0,1268.0,82.0,763.0,61.0,952.0,82.33333333333333,88.0,78.0,1313.3333333333333,1469.0,1203.0,77.28571428571429,88.0,55.0,1088.2857142857142,1469.0,598.0,0.7878787878787878,0.7374497991967871
2023-01-15,eastus,Container,83,614,304,93.99,0.97,True,6,1,1,1,65.0,1291.0,93.0,504.0,81.0,1514.0,73.0,83.0,65.0,1088.3333333333333,1360.0,614.0,78.71428571428571,97.0,56.0,999.7142857142856,1915.0,504.0,0.8383838383838383,0.3077694235588972
2023-01-15,northeurope,VM,85,1917,391,93.99,0.97,True,6,1,1,1,82.0,1456.0,91.0,1156.0,82.0,1127.0,87.66666666666667,96.0,82.0,1627.0,1917.0,1456.0,82.42857142857143,96.0,52.0,1371.857142857143,1917.0,627.0,0.8585858585858586,0.961384152457372
2023-01-15,westus,Storage,94,1598,416,93.99,0.97,True,6,1,1,1,76.0,1351.0,84.0,1322.0,97.0,707.0,78.33333333333333,94.0,65.0,1635.6666666666667,1958.0,1351.0,82.57142857142857,95.0,65.0,1422.0,1958.0,899.0,0.9494949494949496,0.8128179043743642
2023-01-15,southeastasia,VM,73,1162,389,93.99,0.97,True,6,1,1,1,93.0,784.0,58.0,1512.0,97.0,1009.0,83.66666666666667,93.0,73.0,1252.6666666666667,1812.0,784.0,79.42857142857143,99.0,58.0,1324.571428571429,1812.0,784.0,0.7373737373737373,0.5856854838709677
2023-01-15,northeurope,Storage,84,1622,235,93.99,0.97,True,6,1,1,1,92.0,1791.0,68.0,1581.0,98.0,1943.0,90.33333333333331,95.0,84.0,1623.3333333333333,1791.0,1457.0,80.14285714285714,95.0,68.0,1342.142857142857,1791.0,526.0,0.8571428571428571,0.8258655804480651
2023-01-15,northeurope,Container,67,1508,295,93.99,0.97,True,6,1,1,1,82.0,1691.0,75.0,616.0,69.0,753.0,71.33333333333333,82.0,65.0,1305.3333333333333,1691.0,717.0,69.28571428571429,82.0,52.0,1155.428571428571,1691.0,616.0,0.6767676767676768,0.7631578947368421
2023-01-15,westus,VM,56,1719,313,93.99,0.97,True,6,1,1,1,51.0,996.0,53.0,1273.0,90.0,1622.0,53.0,56.0,51.0,1438.0,1719.0,996.0,59.0,80.0,51.0,1275.571428571429,1719.0,820.0,0.5656565656565656,0.8655589123867069
2023-01-16,westus,VM,68,676,299,93.98,1.19,False,0,1,1,0,56.0,1719.0,52.0,1599.0,52.0,900.0,58.333333333333336,68.0,51.0,1130.3333333333333,1719.0,676.0,61.285714285714285,80.0,51.0,1243.571428571429,1719.0,676.0,0.6868686868686869,0.3403826787512588
2023-01-16,southeastasia,VM,70,1674,343,93.98,1.19,False,0,1,1,0,73.0,1162.0,85.0,1812.0,77.0,1378.0,78.66666666666667,93.0,70.0,1206.6666666666667,1674.0,784.0,78.42857142857143,99.0,58.0,1366.857142857143,1812.0,784.0,0.7070707070707071,0.84375
2023-01-16,eastus,Container,97,1228,386,93.98,1.19,False,0,1,1,0,83.0,614.0,71.0,1360.0,97.0,1915.0,81.66666666666667,97.0,65.0,1044.3333333333333,1291.0,614.0,78.71428571428571,97.0,56.0,901.5714285714286,1360.0,504.0,0.9797979797979798,0.6155388471177945
2023-01-16,eastus,Storage,66,561,283,93.98,1.19,False,0,1,1,0,78.0,1469.0,88.0,1203.0,82.0,897.0,75.0,81.0,66.0,1099.3333333333333,1469.0,561.0,75.0,88.0,55.0,1040.2857142857142,1469.0,561.0,0.6666666666666666,0.2816265060240964
2023-01-16,westus,Container,68,575,464,93.98,1.19,False,0,1,1,0,70.0,1520.0,78.0,1743.0,95.0,537.0,66.33333333333333,70.0,61.0,1094.6666666666667,1520.0,575.0,67.14285714285714,78.0,61.0,1184.7142857142858,1743.0,575.0,0.6868686868686869,0.2895266868076536
2023-01-16,southeastasia,Container,91,1709,422,93.98,1.19,False,0,1,1,0,98.0,778.0,59.0,1623.0,98.0,516.0,96.0,99.0,91.0,1007.0,1709.0,534.0,89.14285714285714,99.0,59.0,1269.142857142857,1916.0,534.0,0.9191919191919192,0.8592257415786827
2023-01-16,southeastasia,Storage,88,608,380,93.98,1.19,False,0,1,1,0,81.0,536.0,79.0,856.0,53.0,1046.0,83.0,88.0,80.0,989.6666666666666,1825.0,536.0,71.42857142857143,88.0,50.0,940.5714285714286,1825.0,536.0,0.8888888888888888,0.3119548486403283
2023-01-16,westus,Storage,61,944,432,93.98,1.19,False,0,1,1,0,94.0,1598.0,65.0,1958.0,82.0,1187.0,77.0,94.0,61.0,1297.6666666666667,1598.0,944.0,79.57142857142857,95.0,61.0,1387.2857142857142,1958.0,899.0,0.6161616161616161,0.4801627670396745
2023-01-16,northeurope,VM,56,1217,422,93.98,1.19,False,0,1,1,0,85.0,1917.0,96.0,1508.0,94.0,1062.0,74.33333333333333,85.0,56.0,1530.0,1917.0,1217.0,77.0,96.0,52.0,1394.0,1917.0,627.0,0.5656565656565656,0.6103309929789368
2023-01-16,northeurope,Storage,68,1890,343,93.98,1.19,False,0,1,1,0,84.0,1622.0,95.0,1457.0,76.0,526.0,81.33333333333333,92.0,68.0,1767.6666666666667,1890.0,1622.0,79.0,95.0,68.0,1537.0,1890.0,1065.0,0.6938775510204082,0.9623217922606924
2023-01-16,northeurope,Container,54,1622,224,93.98,1.19,False,0,1,1,0,67.0,1508.0,65.0,717.0,70.0,1297.0,67.66666666666667,82.0,54.0,1607.0,1691.0,1508.0,67.0,82.0,52.0,1201.857142857143,1691.0,616.0,0.5454545454545454,0.8208502024291497
2023-01-16,eastus,VM,84,1372,485,93.98,1.19,False,0,1,1,0,66.0,589.0,50.0,1795.0,85.0,660.0,76.66666666666667,84.0,66.0,1074.0,1372.0,589.0,78.0,97.0,50.0,1168.428571428571,1795.0,589.0,0.8484848484848485,0.6887550200803213
2023-01-17,eastus,Storage,78,734,345,99.87,0.89,False,1,1,1,0,66.0,561.0,81.0,1268.0,55.0,598.0,74.0,78.0,66.0,921.3333333333334,1469.0,561.0,78.28571428571429,88.0,66.0,1059.7142857142858,1469.0,561.0,0.7878787878787878,0.3684738955823293
2023-01-17,eastus,VM,54,1686,414,99.87,0.89,False,1,1,1,0,84.0,1372.0,80.0,1261.0,77.0,657.0,68.0,84.0,54.0,1215.6666666666667,1686.0,589.0,74.71428571428571,97.0,50.0,1315.428571428571,1795.0,589.0,0.5454545454545454,0.8463855421686747
2023-01-17,northeurope,Container,97,1888,344,99.87,0.89,False,1,1,1,0,54.0,1622.0,82.0,1691.0,52.0,1185.0,72.66666666666667,97.0,54.0,1672.6666666666667,1888.0,1508.0,73.42857142857143,97.0,54.0,1302.2857142857142,1888.0,616.0,0.9797979797979798,0.9554655870445344
2023-01-17,southeastasia,VM,56,716,331,99.87,0.89,False,1,1,1,0,70.0,1674.0,93.0,784.0,99.0,1811.0,66.33333333333333,73.0,56.0,1184.0,1674.0,716.0,72.28571428571429,93.0,56.0,1210.428571428571,1812.0,716.0,0.5656565656565656,0.3608870967741935
2023-01-17,westus,Container,89,669,482,99.87,0.89,False,1,1,1,0,68.0,575.0,61.0,1189.0,70.0,1427.0,75.66666666666667,89.0,68.0,921.3333333333334,1520.0,575.0,69.85714285714286,89.0,61.0,1076.428571428571,1743.0,575.0,0.898989898989899,0.3368580060422961
2023-01-17,eastus,Container,96,1087,208,99.87,0.89,False,1,1,1,0,97.0,1228.0,65.0,1291.0,86.0,779.0,92.0,97.0,83.0,976.3333333333334,1228.0,614.0,80.14285714285714,97.0,56.0,945.5714285714286,1360.0,504.0,0.9696969696969696,0.5448621553884712
2023-01-17,northeurope,VM,51,528,364,99.87,0.89,False,1,1,1,0,56.0,1217.0,82.0,1456.0,52.0,627.0,64.0,85.0,51.0,1220.6666666666667,1917.0,528.0,76.85714285714286,96.0,51.0,1379.857142857143,1917.0,528.0,0.5151515151515151,0.2647943831494483
2023-01-17,southeastasia,Container,80,944,381,99.87,0.89,False,1,1,1,0,91.0,1709.0,99.0,534.0,89.0,1916.0,89.66666666666667,98.0,80.0,1143.6666666666667,1709.0,778.0,87.85714285714286,99.0,59.0,1130.2857142857142,1709.0,534.0,0.8080808080808081,0.4746103569632981
2023-01-17,southeastasia,Storage,85,1593,451,99.87,0.89,False,1,1,1,0,88.0,608.0,80.0,1825.0,51.0,654.0,84.66666666666667,88.0,81.0,912.3333333333334,1593.0,536.0,76.28571428571429,88.0,50.0,1074.7142857142858,1825.0,536.0,0.8585858585858586,0.8173422267829656
2023-01-17,northeurope,Storage,87,838,335,99.87,0.89,False,1,1,1,0,68.0,1890.0,92.0,1791.0,74.0,1065.0,79.66666666666667,87.0,68.0,1450.0,1890.0,838.0,80.85714285714286,95.0,68.0,1504.571428571429,1890.0,838.0,0.8877551020408163,0.4266802443991853
2023-01-17,westus,Storage,87,1697,340,99.87,0.89,False,1,1,1,0,61.0,944.0,76.0,1351.0,82.0,1639.0,80.66666666666667,94.0,61.0,1413.0,1697.0,944.0,80.28571428571429,95.0,61.0,1395.571428571429,1958.0,899.0,0.8787878787878788,0.8631739572736521
2023-01-17,westus,VM,59,1453,452,99.87,0.89,False,1,1,1,0,68.0,676.0,51.0,996.0,80.0,1622.0,61.0,68.0,56.0,1282.6666666666667,1719.0,676.0,58.285714285714285,69.0,51.0,1219.428571428571,1719.0,676.0,0.5959595959595959,0.7316213494461229
2023-01-18,westus,VM,99,1743,325,108.23,0.88,False,2,1,1,0,59.0,1453.0,56.0,1719.0,69.0,820.0,75.33333333333333,99.0,59.0,1290.6666666666667,1743.0,676.0,62.57142857142857,99.0,51.0,1351.2857142857142,1743.0,676.0,1.0,0.877643504531722
2023-01-18,southeastasia,VM,96,1672,279,108.23,0.88,False,2,1,1,0,56.0,716.0,73.0,1162.0,71.0,813.0,74.0,96.0,56.0,1354.0,1674.0,716.0,75.85714285714286,96.0,56.0,1333.142857142857,1812.0,716.0,0.9696969696969696,0.842741935483871
2023-01-18,eastus,Storage,75,538,325,108.23,0.88,False,2,1,1,0,78.0,734.0,78.0,1469.0,75.0,1420.0,73.0,78.0,66.0,611.0,734.0,538.0,78.28571428571429,88.0,66.0,933.7142857142856,1469.0,538.0,0.7575757575757576,0.2700803212851406
2023-01-18,eastus,Container,52,672,340,108.23,0.88,False,2,1,1,0,96.0,1087.0,83.0,614.0,56.0,535.0,81.66666666666667,97.0,52.0,995.6666666666666,1228.0,672.0,79.57142857142857,97.0,52.0,965.1428571428572,1360.0,504.0,0.5252525252525253,0.3368421052631579
2023-01-18,southeastasia,Storage,70,702,451,108.23,0.88,False,2,1,1,0,85.0,1593.0,81.0,536.0,71.0,804.0,81.0,88.0,70.0,967.6666666666666,1593.0,608.0,76.14285714285714,88.0,50.0,1060.142857142857,1825.0,536.0,0.7070707070707071,0.3601847101077475
2023-01-18,northeurope,Storage,55,557,243,108.23,0.88,False,2,1,1,0,87.0,838.0,84.0,1622.0,72.0,1353.0,70.0,87.0,55.0,1095.0,1890.0,557.0,78.42857142857143,95.0,55.0,1390.857142857143,1890.0,557.0,0.5612244897959183,0.2836048879837067
2023-01-18,northeurope,VM,98,1932,316,108.23,0.88,False,2,1,1,0,51.0,528.0,85.0,1917.0,77.0,1877.0,68.33333333333333,98.0,51.0,1225.6666666666667,1932.0,528.0,79.85714285714286,98.0,51.0,1387.7142857142858,1932.0,528.0,0.98989898989899,0.9689067201604814
2023-01-18,northeurope,Container,94,1171,372,108.23,0.88,False,2,1,1,0,97.0,1888.0,67.0,1508.0,74.0,1074.0,81.66666666666667,97.0,54.0,1560.3333333333333,1888.0,1171.0,76.28571428571429,97.0,54.0,1316.142857142857,1888.0,616.0,0.9494949494949496,0.5926113360323887
2023-01-18,eastus,VM,88,590,401,108.23,0.88,False,2,1,1,0,54.0,1686.0,66.0,589.0,97.0,1562.0,75.33333333333333,88.0,54.0,1216.0,1686.0,590.0,73.42857142857143,92.0,50.0,1176.571428571429,1795.0,589.0,0.8888888888888888,0.2961847389558233
2023-01-18,westus,Storage,69,975,200,108.23,0.88,False,2,1,1,0,87.0,1697.0,94.0,1598.0,95.0,899.0,72.33333333333333,87.0,61.0,1205.3333333333333,1697.0,944.0,76.57142857142857,94.0,61.0,1406.428571428571,1958.0,944.0,0.696969696969697,0.4959308240081383
2023-01-18,westus,Container,52,847,389,108.23,0.88,False,2,1,1,0,89.0,669.0,70.0,1520.0,61.0,970.0,69.66666666666667,89.0,52.0,697.0,847.0,575.0,68.57142857142857,89.0,52.0,1058.857142857143,1743.0,575.0,0.5252525252525253,0.4264853977844914
2023-01-18,southeastasia,Container,86,1750,346,108.23,0.88,False,2,1,1,0,80.0,944.0,98.0,778.0,91.0,1337.0,85.66666666666667,91.0,80.0,1467.6666666666667,1750.0,944.0,87.14285714285714,99.0,59.0,1189.2857142857142,1750.0,534.0,0.8686868686868687,0.8798391151332328
2023-01-19,westus,VM,52,1155,211,102.09,0.8,False,3,1,1,0,99.0,1743.0,68.0,676.0,53.0,1273.0,70.0,99.0,52.0,1450.3333333333333,1743.0,1155.0,62.42857142857143,99.0,51.0,1334.428571428571,1743.0,676.0,0.5252525252525253,0.581570996978852
2023-01-19,southeastasia,VM,85,1001,344,102.09,0.8,False,3,1,1,0,96.0,1672.0,70.0,1674.0,58.0,1512.0,79.0,96.0,56.0,1129.6666666666667,1672.0,716.0,79.71428571428571,96.0,56.0,1260.142857142857,1812.0,716.0,0.8585858585858586,0.5045362903225806
2023-01-19,westus,Container,57,857,355,102.09,0.8,False,3,1,1,0,52.0,847.0,68.0,575.0,62.0,869.0,66.0,89.0,52.0,791.0,857.0,669.0,67.85714285714286,89.0,52.0,1057.142857142857,1743.0,575.0,0.5757575757575758,0.431520644511581
2023-01-19,eastus,Container,64,1938,200,102.09,0.8,False,3,1,1,0,52.0,672.0,97.0,1228.0,93.0,504.0,70.66666666666667,96.0,52.0,1232.3333333333333,1938.0,672.0,75.42857142857143,97.0,52.0,1170.0,1938.0,614.0,0.6464646464646465,0.9714285714285714
2023-01-19,northeurope,VM,57,1645,363,102.09,0.8,False,3,1,1,0,98.0,1932.0,56.0,1217.0,91.0,1156.0,68.66666666666667,98.0,51.0,1368.3333333333333,1932.0,528.0,75.0,98.0,51.0,1457.571428571429,1932.0,528.0,0.5757575757575758,0.824974924774323
2023-01-19,southeastasia,Container,62,1231,439,102.09,0.8,False,3,1,1,0,86.0,1750.0,91.0,1709.0,97.0,987.0,76.0,86.0,62.0,1308.3333333333333,1750.0,944.0,82.14285714285714,99.0,59.0,1224.142857142857,1750.0,534.0,0.6262626262626263,0.6189039718451483
2023-01-19,eastus,VM,69,1964,246,102.09,0.8,False,3,1,1,0,88.0,590.0,84.0,1372.0,92.0,943.0,70.33333333333333,88.0,54.0,1413.3333333333333,1964.0,590.0,70.14285714285714,88.0,50.0,1322.428571428571,1964.0,589.0,0.696969696969697,0.9859437751004017
2023-01-19,eastus,Storage,90,1828,213,102.09,0.8,False,3,1,1,0,75.0,538.0,66.0,561.0,82.0,763.0,81.0,90.0,75.0,1033.3333333333333,1828.0,538.0,79.42857142857143,90.0,66.0,1085.857142857143,1828.0,538.0,0.9090909090909092,0.9176706827309236
2023-01-19,southeastasia,Storage,58,1428,411,102.09,0.8,False,3,1,1,0,70.0,702.0,88.0,608.0,50.0,1301.0,71.0,85.0,58.0,1241.0,1593.0,702.0,77.28571428571429,88.0,58.0,1078.2857142857142,1825.0,536.0,0.5858585858585859,0.732683427398666
2023-01-19,northeurope,Container,77,1231,240,102.09,0.8,False,3,1,1,0,94.0,1171.0,54.0,1622.0,75.0,616.0,89.33333333333333,97.0,77.0,1430.0,1888.0,1171.0,76.57142857142857,97.0,54.0,1404.0,1888.0,717.0,0.7777777777777778,0.6229757085020243
2023-01-19,northeurope,Storage,75,1197,377,102.09,0.8,False,3,1,1,0,55.0,557.0,68.0,1890.0,68.0,1581.0,72.33333333333333,87.0,55.0,864.0,1197.0,557.0,79.42857142857143,95.0,55.0,1336.0,1890.0,557.0,0.7653061224489796,0.6094704684317719
2023-01-19,westus,Storage,59,1235,471,102.09,0.8,False,3,1,1,0,69.0,975.0,61.0,944.0,84.0,1322.0,71.66666666666667,87.0,59.0,1302.3333333333333,1697.0,975.0,73.0,94.0,59.0,1394.0,1958.0,944.0,0.5959595959595959,0.6281790437436419
2023-01-20,westus,VM,79,1765,450,86.72,1.02,False,4,1,1,0,52.0,1155.0,59.0,1453.0,52.0,1599.0,76.66666666666667,99.0,52.0,1554.3333333333333,1765.0,1155.0,66.28571428571429,99.0,51.0,1358.142857142857,1765.0,676.0,0.797979797979798,0.8887210473313192
2023-01-20,southeastasia,Storage,90,1622,205,86.72,1.02,False,4,1,1,0,58.0,1428.0,85.0,1593.0,79.0,856.0,72.66666666666667,90.0,58.0,1250.6666666666667,1622.0,702.0,78.85714285714286,90.0,58.0,1187.7142857142858,1825.0,536.0,0.9090909090909092,0.8322216521292971
2023-01-20,northeurope,Container,74,1326,482,86.72,1.02,False,4,1,1,0,77.0,1231.0,97.0,1888.0,65.0,717.0,81.66666666666667,94.0,74.0,1242.6666666666667,1326.0,1171.0,77.85714285714286,97.0,54.0,1491.0,1888.0,1171.0,0.7474747474747475,0.6710526315789473
2023-01-20,northeurope,Storage,98,1352,481,86.72,1.02,False,4,1,1,0,75.0,1197.0,87.0,838.0,95.0,1457.0,76.0,98.0,55.0,1035.3333333333333,1352.0,557.0,79.85714285714286,98.0,55.0,1321.0,1890.0,557.0,1.0,0.6883910386965377
2023-01-20,westus,Container,82,873,264,86.72,1.02,False,4,1,1,0,57.0,857.0,89.0,669.0,78.0,1743.0,63.66666666666666,82.0,52.0,859.0,873.0,847.0,68.42857142857143,89.0,52.0,932.8571428571428,1520.0,575.0,0.8282828282828283,0.4395770392749245
2023-01-20,westus,Storage,94,1528,318,86.72,1.02,False,4,1,1,0,59.0,1235.0,87.0,1697.0,65.0,1958.0,74.0,94.0,59.0,1246.0,1528.0,975.0,77.14285714285714,94.0,59.0,1332.571428571429,1697.0,944.0,0.9494949494949496,0.7772126144455748
2023-01-20,southeastasia,Container,77,1208,332,86.72,1.02,False,4,1,1,0,62.0,1231.0,80.0,944.0,59.0,1623.0,75.0,86.0,62.0,1396.3333333333333,1750.0,1208.0,84.71428571428571,99.0,62.0,1164.857142857143,1750.0,534.0,0.7777777777777778,0.6073403720462544
2023-01-20,northeurope,VM,67,723,438,86.72,1.02,False,4,1,1,0,57.0,1645.0,51.0,528.0,96.0,1508.0,74.0,98.0,57.0,1433.3333333333333,1932.0,723.0,70.85714285714286,98.0,51.0,1345.428571428571,1932.0,528.0,0.6767676767676768,0.3625877632898696
2023-01-20,eastus,Container,54,949,209,86.72,1.02,False,4,1,1,0,64.0,1938.0,96.0,1087.0,71.0,1360.0,56.66666666666666,64.0,52.0,1186.3333333333333,1938.0,672.0,73.0,97.0,52.0,1111.2857142857142,1938.0,614.0,0.5454545454545454,0.4756892230576441
2023-01-20,eastus,Storage,84,1776,281,86.72,1.02,False,4,1,1,0,90.0,1828.0,78.0,734.0,88.0,1203.0,83.0,90.0,75.0,1380.6666666666667,1828.0,538.0,78.85714285714286,90.0,66.0,1167.7142857142858,1828.0,538.0,0.8484848484848485,0.891566265060241
2023-01-20,eastus,VM,78,1408,245,86.72,1.02,False,4,1,1,0,69.0,1964.0,54.0,1686.0,50.0,1795.0,78.33333333333333,88.0,69.0,1320.6666666666667,1964.0,590.0,74.14285714285714,88.0,54.0,1267.142857142857,1964.0,589.0,0.7878787878787878,0.7068273092369478
2023-01-20,southeastasia,VM,98,1984,297,86.72,1.02,False,4,1,1,0,85.0,1001.0,56.0,716.0,85.0,1812.0,93.0,98.0,85.0,1552.3333333333333,1984.0,1001.0,81.57142857142857,98.0,56.0,1284.7142857142858,1984.0,716.0,0.98989898989899,1.0
2023-01-21,eastus,Storage,86,1176,401,107.38,1.02,True,5,1,1,1,84.0,1776.0,75.0,538.0,81.0,1268.0,86.66666666666667,90.0,84.0,1593.3333333333333,1828.0,1176.0,79.57142857142857,90.0,66.0,1154.571428571429,1828.0,538.0,0.8686868686868687,0.5903614457831325
2023-01-21,southeastasia,Container,54,1489,421,107.38,1.02,True,5,1,1,1,77.0,1208.0,86.0,1750.0,99.0,534.0,64.33333333333333,77.0,54.0,1309.3333333333333,1489.0,1208.0,78.28571428571429,98.0,54.0,1301.2857142857142,1750.0,778.0,0.5454545454545454,0.7486173956762192
2023-01-21,southeastasia,Storage,50,1577,435,107.38,1.02,True,5,1,1,1,90.0,1622.0,70.0,702.0,80.0,1825.0,66.0,90.0,50.0,1542.3333333333333,1622.0,1428.0,74.57142857142857,90.0,50.0,1152.2857142857142,1622.0,536.0,0.5050505050505051,0.8091328886608518
2023-01-21,eastus,Container,59,582,344,107.38,1.02,True,5,1,1,1,54.0,949.0,52.0,672.0,65.0,1291.0,59.0,64.0,54.0,1156.3333333333333,1938.0,582.0,72.14285714285714,97.0,52.0,1010.0,1938.0,582.0,0.5959595959595959,0.2917293233082706
2023-01-21,northeurope,Container,83,937,317,107.38,1.02,True,5,1,1,1,74.0,1326.0,94.0,1171.0,82.0,1691.0,78.0,83.0,74.0,1164.6666666666667,1326.0,937.0,78.0,97.0,54.0,1383.2857142857142,1888.0,937.0,0.8383838383838383,0.4741902834008097
2023-01-21,westus,VM,70,1601,200,107.38,1.02,True,5,1,1,1,79.0,1765.0,99.0,1743.0,51.0,996.0,67.0,79.0,52.0,1507.0,1765.0,1155.0,69.0,99.0,52.0,1444.571428571429,1765.0,676.0,0.7070707070707071,0.8061430010070494
2023-01-21,northeurope,Storage,57,653,449,107.38,1.02,True,5,1,1,1,98.0,1352.0,55.0,557.0,92.0,1791.0,76.66666666666667,98.0,57.0,1067.3333333333333,1352.0,653.0,74.85714285714286,98.0,55.0,1158.428571428571,1890.0,557.0,0.5816326530612245,0.3324847250509165
2023-01-21,westus,Container,50,1380,487,107.38,1.02,True,5,1,1,1,82.0,873.0,52.0,847.0,61.0,1189.0,63.0,82.0,50.0,1036.6666666666667,1380.0,857.0,66.85714285714286,89.0,50.0,960.1428571428572,1520.0,575.0,0.5050505050505051,0.6948640483383686
2023-01-21,northeurope,VM,83,1871,294,107.38,1.02,True,5,1,1,1,67.0,723.0,98.0,1932.0,82.0,1456.0,69.0,83.0,57.0,1413.0,1871.0,723.0,71.0,98.0,51.0,1404.7142857142858,1932.0,528.0,0.8383838383838383,0.9383149448345036
2023-01-21,westus,Storage,94,1216,459,107.38,1.02,True,5,1,1,1,94.0,1528.0,69.0,975.0,76.0,1351.0,82.33333333333333,94.0,59.0,1326.3333333333333,1528.0,1216.0,79.71428571428571,94.0,59.0,1313.2857142857142,1697.0,944.0,0.9494949494949496,0.6185147507629705
2023-01-21,southeastasia,VM,52,1829,467,107.38,1.02,True,5,1,1,1,98.0,1984.0,96.0,1672.0,93.0,784.0,78.33333333333333,98.0,52.0,1604.6666666666667,1984.0,1001.0,75.71428571428571,98.0,52.0,1434.0,1984.0,716.0,0.5252525252525253,0.921875
2023-01-21,eastus,VM,87,1270,222,107.38,1.02,True,5,1,1,1,78.0,1408.0,88.0,590.0,80.0,1261.0,78.0,87.0,69.0,1547.3333333333333,1964.0,1270.0,75.14285714285714,88.0,54.0,1268.428571428571,1964.0,589.0,0.8787878787878788,0.6375502008032129
2023-01-22,northeurope,Storage,87,1483,229,98.84,0.97,True,6,1,1,1,57.0,653.0,75.0,1197.0,84.0,1622.0,80.66666666666667,98.0,57.0,1162.6666666666667,1483.0,653.0,75.28571428571429,98.0,55.0,1138.571428571429,1890.0,557.0,0.8877551020408163,0.755091649694501
2023-01-22,southeastasia,Storage,66,1853,472,98.84,0.97,True,6,1,1,1,50.0,1577.0,58.0,1428.0,81.0,536.0,68.66666666666667,90.0,50.0,1684.0,1853.0,1577.0,72.42857142857143,90.0,50.0,1340.428571428571,1853.0,608.0,0.6666666666666666,0.9507439712673166
2023-01-22,northeurope,VM,67,1297,448,98.84,0.97,True,6,1,1,1,83.0,1871.0,57.0,1645.0,85.0,1917.0,72.33333333333333,83.0,67.0,1297.0,1871.0,723.0,68.42857142857143,98.0,51.0,1316.142857142857,1932.0,528.0,0.6767676767676768,0.6504513540621866
2023-01-22,eastus,VM,66,1123,454,98.84,0.97,True,6,1,1,1,87.0,1270.0,69.0,1964.0,66.0,589.0,77.0,87.0,66.0,1267.0,1408.0,1123.0,75.14285714285714,88.0,54.0,1344.7142857142858,1964.0,590.0,0.6666666666666666,0.5637550200803213
2023-01-22,westus,Storage,87,1263,425,98.84,0.97,True,6,1,1,1,94.0,1216.0,59.0,1235.0,94.0,1598.0,91.66666666666669,94.0,87.0,1335.6666666666667,1528.0,1216.0,78.71428571428571,94.0,59.0,1265.428571428571,1697.0,944.0,0.8787878787878788,0.6424211597151577
2023-01-22,southeastasia,Container,69,1483,268,98.84,0.97,True,6,1,1,1,54.0,1489.0,62.0,1231.0,98.0,778.0,66.66666666666667,77.0,54.0,1393.3333333333333,1489.0,1208.0,74.14285714285714,91.0,54.0,1402.0,1750.0,944.0,0.696969696969697,0.7456008044243339
2023-01-22,eastus,Storage,96,1418,406,98.84,0.97,True,6,1,1,1,86.0,1176.0,90.0,1828.0,78.0,1469.0,88.66666666666667,96.0,84.0,1456.6666666666667,1776.0,1176.0,82.14285714285714,96.0,66.0,1147.2857142857142,1828.0,538.0,0.9696969696969696,0.7118473895582329
2023-01-22,southeastasia,VM,78,1399,337,98.84,0.97,True,6,1,1,1,52.0,1829.0,85.0,1001.0,73.0,1162.0,76.0,98.0,52.0,1737.3333333333333,1984.0,1399.0,76.42857142857143,98.0,52.0,1467.857142857143,1984.0,716.0,0.7878787878787878,0.7051411290322581
2023-01-22,westus,VM,60,934,302,98.84,0.97,True,6,1,1,1,70.0,1601.0,52.0,1155.0,56.0,1719.0,69.66666666666667,79.0,60.0,1433.3333333333333,1765.0,934.0,69.57142857142857,99.0,52.0,1332.428571428571,1765.0,676.0,0.6060606060606061,0.4702920443101712
2023-01-22,northeurope,Container,91,580,332,98.84,0.97,True,6,1,1,1,83.0,937.0,77.0,1231.0,67.0,1508.0,82.66666666666667,91.0,74.0,947.6666666666666,1326.0,580.0,81.42857142857143,97.0,54.0,1250.7142857142858,1888.0,580.0,0.9191919191919192,0.2935222672064777
2023-01-22,westus,Container,87,1829,297,98.84,0.97,True,6,1,1,1,50.0,1380.0,57.0,857.0,70.0,1520.0,73.0,87.0,50.0,1360.6666666666667,1829.0,873.0,69.28571428571429,89.0,50.0,1004.2857142857144,1829.0,575.0,0.8787878787878788,0.9209466263846928
2023-01-22,eastus,Container,86,1352,265,98.84,0.97,True,6,1,1,1,59.0,582.0,64.0,1938.0,83.0,614.0,66.33333333333333,86.0,54.0,961.0,1352.0,582.0,72.57142857142857,97.0,52.0,1115.428571428571,1938.0,582.0,0.8686868686868687,0.6776942355889725
2023-01-23,northeurope,Storage,76,592,359,85.21,0.93,False,0,1,1,0,87.0,1483.0,98.0,1352.0,68.0,1890.0,73.33333333333333,87.0,57.0,909.3333333333334,1483.0,592.0,76.42857142857143,98.0,55.0,953.1428571428572,1483.0,557.0,0.7755102040816326,0.3014256619144603
2023-01-23,westus,VM,72,1706,294,85.21,0.93,False,0,1,1,0,60.0,934.0,79.0,1765.0,68.0,676.0,67.33333333333333,72.0,60.0,1413.6666666666667,1706.0,934.0,70.14285714285714,99.0,52.0,1479.571428571429,1765.0,934.0,0.7272727272727273,0.8590130916414904
2023-01-23,eastus,Storage,92,542,439,85.21,0.93,False,0,1,1,0,96.0,1418.0,84.0,1776.0,66.0,561.0,91.33333333333331,96.0,86.0,1045.3333333333333,1418.0,542.0,85.85714285714286,96.0,75.0,1144.571428571429,1828.0,538.0,0.9292929292929292,0.2720883534136546
2023-01-23,westus,Container,53,859,383,85.21,0.93,False,0,1,1,0,87.0,1829.0,82.0,873.0,68.0,575.0,63.333333333333336,87.0,50.0,1356.0,1829.0,859.0,67.14285714285714,89.0,50.0,1044.857142857143,1829.0,669.0,0.5353535353535354,0.432527693856999
2023-01-23,northeurope,Container,99,560,321,85.21,0.93,False,0,1,1,0,91.0,580.0,74.0,1326.0,54.0,1622.0,91.0,99.0,83.0,692.3333333333334,937.0,560.0,87.85714285714286,99.0,74.0,1099.0,1888.0,560.0,1.0,0.2834008097165992
2023-01-23,northeurope,VM,74,1718,394,85.21,0.93,False,0,1,1,0,67.0,1297.0,67.0,723.0,56.0,1217.0,74.66666666666667,83.0,67.0,1628.6666666666667,1871.0,1297.0,71.0,98.0,51.0,1387.7142857142858,1932.0,528.0,0.7474747474747475,0.8615847542627884
2023-01-23,eastus,VM,83,552,404,85.21,0.93,False,0,1,1,0,66.0,1123.0,78.0,1408.0,84.0,1372.0,78.66666666666667,87.0,66.0,981.6666666666666,1270.0,552.0,75.0,88.0,54.0,1227.571428571429,1964.0,552.0,0.8383838383838383,0.2771084337349397
2023-01-23,eastus,Container,60,610,448,85.21,0.93,False,0,1,1,0,86.0,1352.0,54.0,949.0,97.0,1228.0,68.33333333333333,86.0,59.0,848.0,1352.0,582.0,67.28571428571429,96.0,52.0,1027.142857142857,1938.0,582.0,0.6060606060606061,0.3057644110275689
2023-01-23,southeastasia,Container,54,732,211,85.21,0.93,False,0,1,1,0,69.0,1483.0,77.0,1208.0,91.0,1709.0,59.0,69.0,54.0,1234.6666666666667,1489.0,732.0,68.85714285714286,86.0,54.0,1262.428571428571,1750.0,732.0,0.5454545454545454,0.3680241327300151
2023-01-23,southeastasia,VM,68,1528,291,85.21,0.93,False,0,1,1,0,78.0,1399.0,98.0,1984.0,70.0,1674.0,66.0,78.0,52.0,1585.3333333333333,1829.0,1399.0,76.14285714285714,98.0,52.0,1447.0,1984.0,716.0,0.6868686868686869,0.7701612903225806
2023-01-23,westus,Storage,60,1897,207,85.21,0.93,False,0,1,1,0,87.0,1263.0,94.0,1528.0,61.0,944.0,80.33333333333333,94.0,60.0,1458.6666666666667,1897.0,1216.0,78.57142857142857,94.0,59.0,1401.571428571429,1897.0,975.0,0.6060606060606061,0.9649033570701931
2023-01-23,southeastasia,Storage,91,1033,200,85.21,0.93,False,0,1,1,0,66.0,1853.0,90.0,1622.0,88.0,608.0,69.0,91.0,50.0,1487.6666666666667,1853.0,1033.0,72.85714285714286,91.0,50.0,1401.142857142857,1853.0,702.0,0.9191919191919192,0.530015392508979
2023-01-24,westus,Container,97,836,225,95.39,1.11,False,1,1,1,0,53.0,859.0,50.0,1380.0,89.0,669.0,79.0,97.0,53.0,1174.6666666666667,1829.0,836.0,68.28571428571429,97.0,50.0,1068.7142857142858,1829.0,836.0,0.9797979797979798,0.4209466263846928
2023-01-24,westus,VM,96,1644,413,95.39,1.11,False,1,1,1,0,72.0,1706.0,70.0,1601.0,59.0,1453.0,76.0,96.0,60.0,1428.0,1706.0,934.0,75.42857142857143,99.0,52.0,1506.857142857143,1765.0,934.0,0.9696969696969696,0.8277945619335347
2023-01-24,northeurope,Storage,98,1776,379,95.39,1.11,False,1,1,1,0,76.0,592.0,57.0,653.0,87.0,838.0,87.0,98.0,76.0,1283.6666666666667,1776.0,592.0,78.0,98.0,55.0,1087.142857142857,1776.0,557.0,1.0,0.9042769857433808
2023-01-24,westus,Storage,96,1579,306,95.39,1.11,False,1,1,1,0,60.0,1897.0,94.0,1216.0,87.0,1697.0,81.0,96.0,60.0,1579.6666666666667,1897.0,1263.0,79.85714285714286,96.0,59.0,1384.7142857142858,1897.0,975.0,0.9696969696969696,0.8031536113936928
2023-01-24,northeurope,VM,85,1780,207,95.39,1.11,False,1,1,1,0,74.0,1718.0,83.0,1871.0,51.0,528.0,75.33333333333333,85.0,67.0,1598.3333333333333,1780.0,1297.0,75.85714285714286,98.0,57.0,1566.571428571429,1932.0,723.0,0.8585858585858586,0.892678034102307
2023-01-24,eastus,Storage,98,1601,417,95.39,1.11,False,1,1,1,0,92.0,542.0,86.0,1176.0,78.0,734.0,95.33333333333331,98.0,92.0,1187.0,1601.0,542.0,88.71428571428571,98.0,75.0,1268.428571428571,1828.0,538.0,0.98989898989899,0.803714859437751
2023-01-24,eastus,VM,75,1569,233,95.39,1.11,False,1,1,1,0,83.0,552.0,87.0,1270.0,54.0,1686.0,74.66666666666667,83.0,66.0,1081.3333333333333,1569.0,552.0,78.0,88.0,66.0,1210.857142857143,1964.0,552.0,0.7575757575757576,0.7876506024096386
2023-01-24,southeastasia,Storage,72,577,415,95.39,1.11,False,1,1,1,0,91.0,1033.0,50.0,1577.0,85.0,1593.0,76.33333333333333,91.0,66.0,1154.3333333333333,1853.0,577.0,71.0,91.0,50.0,1256.0,1853.0,577.0,0.7272727272727273,0.2960492560287326
2023-01-24,eastus,Container,94,1596,481,95.39,1.11,False,1,1,1,0,60.0,610.0,59.0,582.0,96.0,1087.0,80.0,94.0,60.0,1186.0,1596.0,610.0,67.0,94.0,52.0,1099.857142857143,1938.0,582.0,0.9494949494949496,0.8
2023-01-24,northeurope,Container,64,802,326,95.39,1.11,False,1,1,1,0,99.0,560.0,83.0,937.0,97.0,1888.0,84.66666666666667,99.0,64.0,647.3333333333334,802.0,560.0,83.14285714285714,99.0,64.0,943.8571428571428,1326.0,560.0,0.6464646464646465,0.4058704453441296
2023-01-24,southeastasia,Container,51,864,353,95.39,1.11,False,1,1,1,0,54.0,732.0,54.0,1489.0,80.0,944.0,58.0,69.0,51.0,1026.3333333333333,1483.0,732.0,64.71428571428571,86.0,51.0,1251.0,1750.0,732.0,0.5151515151515151,0.4343891402714932
2023-01-24,southeastasia,VM,71,1025,227,95.39,1.11,False,1,1,1,0,68.0,1528.0,52.0,1829.0,56.0,716.0,72.33333333333333,78.0,68.0,1317.3333333333333,1528.0,1025.0,78.28571428571429,98.0,52.0,1491.142857142857,1984.0,1001.0,0.7171717171717171,0.516633064516129
2023-01-25,westus,Storage,74,984,227,103.44,0.82,False,2,1,1,0,96.0,1579.0,87.0,1263.0,69.0,975.0,76.66666666666667,96.0,60.0,1486.6666666666667,1897.0,984.0,80.57142857142857,96.0,59.0,1386.0,1897.0,984.0,0.7474747474747475,0.5005086469989827
2023-01-25,southeastasia,Storage,90,608,345,103.44,0.82,False,2,1,1,0,72.0,577.0,66.0,1853.0,70.0,702.0,84.33333333333333,91.0,72.0,739.3333333333334,1033.0,577.0,73.85714285714286,91.0,50.0,1242.571428571429,1853.0,577.0,0.9090909090909092,0.3119548486403283
2023-01-25,northeurope,VM,88,585,325,103.44,0.82,False,2,1,1,0,85.0,1780.0,67.0,1297.0,98.0,1932.0,82.33333333333333,88.0,74.0,1361.0,1780.0,585.0,74.42857142857143,88.0,57.0,1374.142857142857,1871.0,585.0,0.8888888888888888,0.2933801404212638
2023-01-25,westus,Container,59,1562,472,103.44,0.82,False,2,1,1,0,97.0,836.0,87.0,1829.0,52.0,847.0,69.66666666666667,97.0,53.0,1085.6666666666667,1562.0,836.0,69.28571428571429,97.0,50.0,1170.857142857143,1829.0,836.0,0.5959595959595959,0.7865055387713998
2023-01-25,southeastasia,Container,96,727,310,103.44,0.82,False,2,1,1,0,51.0,864.0,69.0,1483.0,86.0,1750.0,67.0,96.0,51.0,774.3333333333334,864.0,727.0,66.14285714285714,96.0,51.0,1104.857142857143,1489.0,727.0,0.9696969696969696,0.3655103066867772
2023-01-25,northeurope,Storage,93,1036,344,103.44,0.82,False,2,1,1,0,98.0,1776.0,87.0,1483.0,55.0,557.0,89.0,98.0,76.0,1134.6666666666667,1776.0,592.0,83.42857142857143,98.0,57.0,1155.571428571429,1776.0,592.0,0.9489795918367347,0.5274949083503055
2023-01-25,westus,VM,84,1538,391,103.44,0.82,False,2,1,1,0,96.0,1644.0,60.0,934.0,99.0,1743.0,84.0,96.0,72.0,1629.3333333333333,1706.0,1538.0,73.28571428571429,96.0,52.0,1477.571428571429,1765.0,934.0,0.8484848484848485,0.7744209466263847
2023-01-25,eastus,Storage,52,1418,437,103.44,0.82,False,2,1,1,0,98.0,1601.0,96.0,1418.0,75.0,538.0,80.66666666666667,98.0,52.0,1187.0,1601.0,542.0,85.42857142857143,98.0,52.0,1394.142857142857,1828.0,542.0,0.5252525252525253,0.7118473895582329
2023-01-25,eastus,Container,92,1797,493,103.44,0.82,False,2,1,1,0,94.0,1596.0,86.0,1352.0,52.0,672.0,82.0,94.0,60.0,1334.3333333333333,1797.0,610.0,72.71428571428571,94.0,54.0,1260.571428571429,1938.0,582.0,0.9292929292929292,0.900751879699248
2023-01-25,eastus,VM,63,1198,206,103.44,0.82,False,2,1,1,0,75.0,1569.0,66.0,1123.0,88.0,590.0,73.66666666666667,83.0,63.0,1106.3333333333333,1569.0,552.0,74.42857142857143,87.0,63.0,1297.7142857142858,1964.0,552.0,0.6363636363636364,0.6014056224899599
2023-01-25,northeurope,Container,62,1735,224,103.44,0.82,False,2,1,1,0,64.0,802.0,91.0,580.0,94.0,1171.0,75.0,99.0,62.0,1032.3333333333333,1735.0,560.0,78.57142857142857,99.0,62.0,1024.428571428571,1735.0,560.0,0.6262626262626263,0.8780364372469636
2023-01-25,southeastasia,VM,53,1917,266,103.44,0.82,False,2,1,1,0,71.0,1025.0,78.0,1399.0,96.0,1672.0,64.0,71.0,53.0,1490.0,1917.0,1025.0,72.14285714285714,98.0,52.0,1526.142857142857,1984.0,1001.0,0.5353535353535354,0.9662298387096774
2023-01-26,westus,Storage,83,1966,428,103.24,0.96,False,3,1,1,0,74.0,984.0,60.0,1897.0,59.0,1235.0,84.33333333333333,96.0,74.0,1509.6666666666667,1966.0,984.0,84.0,96.0,60.0,1490.428571428571,1966.0,984.0,0.8383838383838383,1.0
2023-01-26,eastus,VM,71,533,310,103.24,0.96,False,3,1,1,0,63.0,1198.0,83.0,552.0,69.0,1964.0,69.66666666666667,75.0,63.0,1100.0,1569.0,533.0,74.71428571428571,87.0,63.0,1093.2857142857142,1569.0,533.0,0.7171717171717171,0.267570281124498
2023-01-26,northeurope,VM,70,1123,203,103.24,0.96,False,3,1,1,0,88.0,585.0,74.0,1718.0,57.0,1645.0,81.0,88.0,70.0,1162.6666666666667,1780.0,585.0,76.28571428571429,88.0,67.0,1299.571428571429,1871.0,585.0,0.7070707070707071,0.5631895687061184
2023-01-26,southeastasia,Storage,89,728,235,103.24,0.96,False,3,1,1,0,90.0,608.0,91.0,1033.0,58.0,1428.0,83.66666666666667,90.0,72.0,637.6666666666666,728.0,577.0,78.28571428571429,91.0,50.0,1142.571428571429,1853.0,577.0,0.898989898989899,0.3735248845561826
2023-01-26,northeurope,Storage,79,1342,294,103.24,0.96,False,3,1,1,0,93.0,1036.0,76.0,592.0,75.0,1197.0,90.0,98.0,79.0,1384.6666666666667,1776.0,1036.0,84.0,98.0,57.0,1176.2857142857142,1776.0,592.0,0.8061224489795918,0.6832993890020367
2023-01-26,northeurope,Container,73,1322,336,103.24,0.96,False,3,1,1,0,62.0,1735.0,99.0,560.0,77.0,1231.0,66.33333333333333,73.0,62.0,1286.3333333333333,1735.0,802.0,78.0,99.0,62.0,1037.428571428571,1735.0,560.0,0.7373737373737373,0.6690283400809717
2023-01-26,westus,Container,82,1960,349,103.24,0.96,False,3,1,1,0,59.0,1562.0,53.0,859.0,57.0,857.0,79.33333333333333,97.0,59.0,1452.6666666666667,1960.0,836.0,72.85714285714286,97.0,50.0,1328.428571428571,1960.0,836.0,0.8282828282828283,0.9869083585095668
2023-01-26,eastus,Storage,57,1892,435,103.24,0.96,False,3,1,1,0,52.0,1418.0,92.0,542.0,90.0,1828.0,69.0,98.0,52.0,1637.0,1892.0,1418.0,80.71428571428571,98.0,52.0,1403.2857142857142,1892.0,542.0,0.5757575757575758,0.9497991967871486
2023-01-26,eastus,Container,68,924,300,103.24,0.96,False,3,1,1,0,92.0,1797.0,60.0,610.0,64.0,1938.0,84.66666666666667,94.0,68.0,1439.0,1797.0,924.0,73.28571428571429,94.0,54.0,1115.7142857142858,1797.0,582.0,0.6868686868686869,0.4631578947368421
2023-01-26,southeastasia,Container,73,1746,205,103.24,0.96,False,3,1,1,0,96.0,727.0,54.0,732.0,62.0,1231.0,73.33333333333333,96.0,51.0,1112.3333333333333,1746.0,727.0,67.71428571428571,96.0,51.0,1178.428571428571,1746.0,727.0,0.7373737373737373,0.8778280542986425
2023-01-26,westus,VM,55,1191,481,103.24,0.96,False,3,1,1,0,84.0,1538.0,72.0,1706.0,52.0,1155.0,78.33333333333333,96.0,55.0,1457.6666666666667,1644.0,1191.0,73.71428571428571,96.0,55.0,1482.7142857142858,1765.0,934.0,0.5555555555555556,0.5996978851963746
2023-01-26,southeastasia,VM,52,742,230,103.24,0.96,False,3,1,1,0,53.0,1917.0,68.0,1528.0,85.0,1001.0,58.66666666666666,71.0,52.0,1228.0,1917.0,742.0,67.42857142857143,98.0,52.0,1489.142857142857,1984.0,742.0,0.5252525252525253,0.3739919354838709
2023-01-27,northeurope,Storage,69,612,339,93.23,1.06,False,4,1,1,0,79.0,1342.0,98.0,1776.0,98.0,1352.0,80.33333333333333,93.0,69.0,996.6666666666666,1342.0,612.0,79.85714285714286,98.0,57.0,1070.571428571429,1776.0,592.0,0.7040816326530612,0.3116089613034623
2023-01-27,southeastasia,Storage,86,638,458,93.23,1.06,False,4,1,1,0,89.0,728.0,72.0,577.0,90.0,1622.0,88.33333333333333,90.0,86.0,658.0,728.0,608.0,77.71428571428571,91.0,50.0,1002.0,1853.0,577.0,0.8686868686868687,0.3273473576192919
2023-01-27,eastus,Storage,60,503,333,93.23,1.06,False,4,1,1,0,57.0,1892.0,98.0,1601.0,84.0,1776.0,56.333333333333336,60.0,52.0,1271.0,1892.0,503.0,77.28571428571429,98.0,52.0,1221.428571428571,1892.0,503.0,0.6060606060606061,0.2525100401606425
2023-01-27,westus,Storage,57,1549,372,93.23,1.06,False,4,1,1,0,83.0,1966.0,96.0,1579.0,94.0,1528.0,71.33333333333333,83.0,57.0,1499.6666666666667,1966.0,984.0,78.71428571428571,96.0,57.0,1493.428571428571,1966.0,984.0,0.5757575757575758,0.7878942014242116
2023-01-27,westus,VM,51,1346,402,93.23,1.06,False,4,1,1,0,55.0,1191.0,96.0,1644.0,79.0,1765.0,63.333333333333336,84.0,51.0,1358.3333333333333,1538.0,1191.0,69.71428571428571,96.0,51.0,1422.857142857143,1706.0,934.0,0.5151515151515151,0.6777442094662638
2023-01-27,northeurope,Container,96,500,289,93.23,1.06,False,4,1,1,0,73.0,1322.0,64.0,802.0,74.0,1326.0,77.0,96.0,62.0,1185.6666666666667,1735.0,500.0,81.14285714285714,99.0,62.0,919.4285714285714,1735.0,500.0,0.9696969696969696,0.2530364372469635
2023-01-27,eastus,VM,51,967,419,93.23,1.06,False,4,1,1,0,71.0,533.0,75.0,1569.0,78.0,1408.0,61.66666666666666,71.0,51.0,899.3333333333334,1198.0,533.0,70.85714285714286,87.0,51.0,1030.2857142857142,1569.0,533.0,0.5151515151515151,0.4854417670682731
2023-01-27,northeurope,VM,53,1223,424,93.23,1.06,False,4,1,1,0,70.0,1123.0,85.0,1780.0,67.0,723.0,70.33333333333333,88.0,53.0,977.0,1223.0,585.0,74.28571428571429,88.0,53.0,1371.0,1871.0,585.0,0.5353535353535354,0.6133400200601805
2023-01-27,westus,Container,93,825,317,93.23,1.06,False,4,1,1,0,82.0,1960.0,97.0,836.0,82.0,873.0,78.0,93.0,59.0,1449.0,1960.0,825.0,74.42857142857143,97.0,50.0,1321.571428571429,1960.0,825.0,0.9393939393939394,0.4154078549848942
2023-01-27,southeastasia,VM,63,819,237,93.23,1.06,False,4,1,1,0,52.0,742.0,71.0,1025.0,98.0,1984.0,56.0,63.0,52.0,1159.3333333333333,1917.0,742.0,62.42857142857143,78.0,52.0,1322.7142857142858,1917.0,742.0,0.6363636363636364,0.4128024193548387
2023-01-27,eastus,Container,98,1003,261,93.23,1.06,False,4,1,1,0,68.0,924.0,94.0,1596.0,54.0,949.0,86.0,98.0,68.0,1241.3333333333333,1797.0,924.0,79.57142857142857,98.0,59.0,1123.428571428571,1797.0,582.0,0.98989898989899,0.5027568922305764
2023-01-27,southeastasia,Container,82,1401,377,93.23,1.06,False,4,1,1,0,73.0,1746.0,51.0,864.0,77.0,1208.0,83.66666666666667,96.0,73.0,1291.3333333333333,1746.0,727.0,68.42857142857143,96.0,51.0,1206.0,1746.0,727.0,0.8282828282828283,0.7043740573152338
2023-01-28,westus,VM,58,1284,464,110.31,1.09,True,5,1,1,1,51.0,1346.0,84.0,1538.0,70.0,1601.0,54.66666666666666,58.0,51.0,1273.6666666666667,1346.0,1191.0,68.0,96.0,51.0,1377.571428571429,1706.0,934.0,0.5858585858585859,0.6465256797583081
2023-01-28,northeurope,VM,93,833,336,110.31,1.09,True,5,1,1,1,53.0,1223.0,88.0,585.0,83.0,1871.0,72.0,93.0,53.0,1059.6666666666667,1223.0,833.0,75.71428571428571,93.0,53.0,1222.7142857142858,1780.0,585.0,0.9393939393939394,0.417753259779338
2023-01-28,southeastasia,Storage,63,1297,490,110.31,1.09,True,5,1,1,1,86.0,638.0,90.0,608.0,50.0,1577.0,79.33333333333333,89.0,63.0,887.6666666666666,1297.0,638.0,79.57142857142857,91.0,63.0,962.0,1853.0,577.0,0.6363636363636364,0.6654694715238584
2023-01-28,northeurope,Storage,83,1087,234,110.31,1.09,True,5,1,1,1,69.0,612.0,93.0,1036.0,57.0,653.0,77.0,83.0,69.0,1013.6666666666666,1342.0,612.0,83.57142857142857,98.0,69.0,1132.571428571429,1776.0,592.0,0.8469387755102041,0.5534623217922607
2023-01-28,westus,Container,84,1618,268,110.31,1.09,True,5,1,1,1,93.0,825.0,59.0,1562.0,50.0,1380.0,86.33333333333333,93.0,82.0,1467.6666666666667,1960.0,825.0,79.28571428571429,97.0,53.0,1355.571428571429,1960.0,825.0,0.8484848484848485,0.8147029204431017
2023-01-28,southeastasia,VM,78,1372,428,110.31,1.09,True,5,1,1,1,63.0,819.0,53.0,1917.0,52.0,1829.0,64.33333333333333,78.0,52.0,977.6666666666666,1372.0,742.0,66.14285714285714,78.0,52.0,1257.428571428571,1917.0,742.0,0.7878787878787878,0.6915322580645161
2023-01-28,eastus,Storage,93,1397,212,110.31,1.09,True,5,1,1,1,60.0,503.0,52.0,1418.0,86.0,1176.0,70.0,93.0,57.0,1264.0,1892.0,503.0,78.28571428571429,98.0,52.0,1253.0,1892.0,503.0,0.9393939393939394,0.7013052208835341
2023-01-28,southeastasia,Container,70,1688,204,110.31,1.09,True,5,1,1,1,82.0,1401.0,96.0,727.0,54.0,1489.0,75.0,82.0,70.0,1611.6666666666667,1746.0,1401.0,70.71428571428571,96.0,51.0,1234.428571428571,1746.0,727.0,0.7070707070707071,0.8486676721970839
2023-01-28,eastus,VM,59,760,337,110.31,1.09,True,5,1,1,1,51.0,967.0,63.0,1198.0,87.0,1270.0,60.333333333333336,71.0,51.0,753.3333333333334,967.0,533.0,66.85714285714286,83.0,51.0,957.4285714285714,1569.0,533.0,0.5959595959595959,0.3815261044176707
2023-01-28,westus,Storage,60,1410,237,110.31,1.09,True,5,1,1,1,57.0,1549.0,74.0,984.0,94.0,1216.0,66.66666666666667,83.0,57.0,1641.6666666666667,1966.0,1410.0,73.85714285714286,96.0,57.0,1521.142857142857,1966.0,984.0,0.6060606060606061,0.7171922685656155
2023-01-28,eastus,Container,89,820,300,110.31,1.09,True,5,1,1,1,98.0,1003.0,92.0,1797.0,59.0,582.0,85.0,98.0,68.0,915.6666666666666,1003.0,820.0,83.85714285714286,98.0,60.0,1157.428571428571,1797.0,610.0,0.898989898989899,0.4110275689223057
2023-01-28,northeurope,Container,50,1819,259,110.31,1.09,True,5,1,1,1,96.0,500.0,62.0,1735.0,83.0,937.0,73.0,96.0,50.0,1213.6666666666667,1819.0,500.0,76.42857142857143,99.0,50.0,1045.428571428571,1819.0,500.0,0.5050505050505051,0.9205465587044536
2023-01-29,westus,Storage,89,1299,378,91.61,0.97,True,6,1,1,1,60.0,1410.0,83.0,1966.0,87.0,1263.0,68.66666666666667,89.0,57.0,1419.3333333333333,1549.0,1299.0,74.14285714285714,96.0,57.0,1526.2857142857142,1966.0,984.0,0.898989898989899,0.6607324516785351
2023-01-29,southeastasia,Container,96,1812,430,91.61,0.97,True,6,1,1,1,70.0,1688.0,73.0,1746.0,69.0,1483.0,82.66666666666667,96.0,70.0,1633.6666666666667,1812.0,1401.0,74.57142857142857,96.0,51.0,1281.428571428571,1812.0,727.0,0.9696969696969696,0.9110105580693816
2023-01-29,eastus,Storage,75,1073,331,91.61,0.97,True,6,1,1,1,93.0,1397.0,57.0,1892.0,96.0,1418.0,76.0,93.0,60.0,991.0,1397.0,503.0,75.28571428571429,98.0,52.0,1203.7142857142858,1892.0,503.0,0.7575757575757576,0.5386546184738956
2023-01-29,northeurope,Container,89,1562,397,91.61,0.97,True,6,1,1,1,50.0,1819.0,73.0,1322.0,91.0,580.0,78.33333333333333,96.0,50.0,1293.6666666666667,1819.0,500.0,76.14285714285714,99.0,50.0,1185.7142857142858,1819.0,500.0,0.898989898989899,0.7904858299595142
2023-01-29,eastus,Container,74,1565,288,91.61,0.97,True,6,1,1,1,89.0,820.0,68.0,924.0,86.0,1352.0,87.0,98.0,74.0,1129.3333333333333,1565.0,820.0,82.14285714285714,98.0,60.0,1187.857142857143,1797.0,610.0,0.7474747474747475,0.7844611528822055
2023-01-29,southeastasia,VM,55,1078,378,91.61,0.97,True,6,1,1,1,78.0,1372.0,52.0,742.0,78.0,1399.0,65.33333333333333,78.0,55.0,1089.6666666666667,1372.0,819.0,62.85714285714285,78.0,52.0,1211.571428571429,1917.0,742.0,0.5555555555555556,0.5433467741935484
2023-01-29,westus,VM,67,795,494,91.61,0.97,True,6,1,1,1,58.0,1284.0,55.0,1191.0,60.0,934.0,58.66666666666666,67.0,51.0,1141.6666666666667,1346.0,795.0,69.0,96.0,51.0,1357.7142857142858,1706.0,795.0,0.6767676767676768,0.4003021148036254
2023-01-29,northeurope,Storage,66,1748,303,91.61,0.97,True,6,1,1,1,83.0,1087.0,79.0,1342.0,87.0,1483.0,72.66666666666667,83.0,66.0,1149.0,1748.0,612.0,80.57142857142857,98.0,66.0,1170.428571428571,1776.0,592.0,0.673469387755102,0.890020366598778
2023-01-29,southeastasia,Storage,57,1053,214,91.61,0.97,True,6,1,1,1,63.0,1297.0,89.0,728.0,66.0,1853.0,68.66666666666667,86.0,57.0,996.0,1297.0,638.0,78.28571428571429,91.0,57.0,847.7142857142857,1297.0,577.0,0.5757575757575758,0.5402770651616213
2023-01-29,northeurope,VM,64,1492,352,91.61,0.97,True,6,1,1,1,93.0,833.0,70.0,1123.0,67.0,1297.0,70.0,93.0,53.0,1182.6666666666667,1492.0,833.0,75.28571428571429,93.0,53.0,1250.571428571429,1780.0,585.0,0.6464646464646465,0.7482447342026078
2023-01-29,eastus,VM,68,1902,277,91.61,0.97,True,6,1,1,1,59.0,760.0,71.0,533.0,66.0,1123.0,59.333333333333336,68.0,51.0,1209.6666666666667,1902.0,760.0,67.14285714285714,83.0,51.0,1068.7142857142858,1902.0,533.0,0.6868686868686869,0.9548192771084336
2023-01-29,westus,Container,87,1546,262,91.61,0.97,True,6,1,1,1,84.0,1618.0,82.0,1960.0,87.0,1829.0,88.0,93.0,84.0,1329.6666666666667,1618.0,825.0,79.28571428571429,97.0,53.0,1315.142857142857,1960.0,825.0,0.8787878787878788,0.7784491440080564
2023-01-30,northeurope,Storage,64,1680,335,103.31,1.1,False,0,1,1,0,66.0,1748.0,69.0,612.0,76.0,592.0,71.0,83.0,64.0,1505.0,1748.0,1087.0,78.85714285714286,98.0,64.0,1325.857142857143,1776.0,612.0,0.6530612244897959,0.8553971486761711
2023-01-30,westus,Container,87,1682,427,103.31,1.1,False,0,1,1,0,87.0,1546.0,93.0,825.0,53.0,859.0,86.0,87.0,84.0,1615.3333333333333,1682.0,1546.0,84.14285714285714,97.0,59.0,1432.7142857142858,1960.0,825.0,0.8787878787878788,0.8469284994964753
2023-01-30,southeastasia,Storage,51,1934,294,103.31,1.1,False,0,1,1,0,57.0,1053.0,86.0,638.0,91.0,1033.0,57.0,63.0,51.0,1428.0,1934.0,1053.0,72.57142857142857,90.0,51.0,976.4285714285714,1934.0,577.0,0.5151515151515151,0.9923037455105184
2023-01-30,southeastasia,VM,53,1343,372,103.31,1.1,False,0,1,1,0,55.0,1078.0,63.0,819.0,68.0,1528.0,62.0,78.0,53.0,1264.3333333333333,1372.0,1078.0,60.71428571428572,78.0,52.0,1185.142857142857,1917.0,742.0,0.5353535353535354,0.6769153225806451
2023-01-30,northeurope,Container,54,1680,246,103.31,1.1,False,0,1,1,0,89.0,1562.0,96.0,500.0,99.0,560.0,64.33333333333333,89.0,50.0,1687.0,1819.0,1562.0,69.71428571428571,96.0,50.0,1345.7142857142858,1819.0,500.0,0.5454545454545454,0.8502024291497976
2023-01-30,northeurope,VM,94,715,383,103.31,1.1,False,0,1,1,0,64.0,1492.0,53.0,1223.0,74.0,1718.0,83.66666666666667,94.0,64.0,1013.3333333333334,1492.0,715.0,78.14285714285714,94.0,53.0,1107.2857142857142,1780.0,585.0,0.9494949494949496,0.3585757271815446
2023-01-30,eastus,Storage,87,1964,296,103.31,1.1,False,0,1,1,0,75.0,1073.0,60.0,503.0,92.0,542.0,85.0,93.0,75.0,1478.0,1964.0,1073.0,74.57142857142857,98.0,52.0,1406.857142857143,1964.0,503.0,0.8787878787878788,0.9859437751004017
2023-01-30,eastus,VM,76,919,356,103.31,1.1,False,0,1,1,0,68.0,1902.0,51.0,967.0,83.0,552.0,67.66666666666667,76.0,59.0,1193.6666666666667,1902.0,760.0,66.14285714285714,76.0,51.0,1121.142857142857,1902.0,533.0,0.7676767676767676,0.4613453815261044
2023-01-30,southeastasia,Container,85,1815,481,103.31,1.1,False,0,1,1,0,96.0,1812.0,82.0,1401.0,54.0,732.0,83.66666666666667,96.0,70.0,1771.6666666666667,1815.0,1688.0,79.0,96.0,51.0,1436.142857142857,1815.0,727.0,0.8585858585858586,0.9125188536953244
2023-01-30,eastus,Container,86,1934,488,103.31,1.1,False,0,1,1,0,74.0,1565.0,98.0,1003.0,60.0,610.0,83.0,89.0,74.0,1439.6666666666667,1934.0,820.0,85.85714285714286,98.0,68.0,1377.0,1934.0,820.0,0.8686868686868687,0.9694235588972432
2023-01-30,westus,VM,53,1097,209,103.31,1.1,False,0,1,1,0,67.0,795.0,51.0,1346.0,72.0,1706.0,59.333333333333336,67.0,53.0,1058.6666666666667,1284.0,795.0,66.28571428571429,96.0,51.0,1270.7142857142858,1644.0,795.0,0.5353535353535354,0.5523665659617322
2023-01-30,westus,Storage,54,1364,317,103.31,1.1,False,0,1,1,0,89.0,1299.0,57.0,1549.0,60.0,1897.0,67.66666666666667,89.0,54.0,1357.6666666666667,1410.0,1299.0,73.28571428571429,96.0,54.0,1450.142857142857,1966.0,984.0,0.5454545454545454,0.6937945066124109
2023-01-31,westus,Storage,96,845,417,95.21,0.98,False,1,1,1,0,54.0,1364.0,60.0,1410.0,96.0,1579.0,79.66666666666667,96.0,54.0,1169.3333333333333,1364.0,845.0,73.28571428571429,96.0,54.0,1345.2857142857142,1966.0,845.0,0.9696969696969696,0.4298067141403865
2023-01-31,eastus,VM,92,1806,268,95.21,0.98,False,1,1,1,0,76.0,919.0,59.0,760.0,75.0,1569.0,78.66666666666667,92.0,68.0,1542.3333333333333,1902.0,919.0,68.57142857142857,92.0,51.0,1155.0,1902.0,533.0,0.9292929292929292,0.9066265060240964
2023-01-31,northeurope,Storage,89,1327,370,95.21,0.98,False,1,1,1,0,64.0,1680.0,83.0,1087.0,98.0,1776.0,73.0,89.0,64.0,1585.0,1748.0,1327.0,77.57142857142857,93.0,64.0,1261.7142857142858,1748.0,612.0,0.9081632653061223,0.6756619144602851
2023-01-31,northeurope,Container,61,1503,332,95.21,0.98,False,1,1,1,0,54.0,1680.0,50.0,1819.0,64.0,802.0,68.0,89.0,54.0,1581.6666666666667,1680.0,1503.0,69.28571428571429,96.0,50.0,1445.857142857143,1819.0,500.0,0.6161616161616161,0.7606275303643725
2023-01-31,southeastasia,Container,58,1513,250,95.21,0.98,False,1,1,1,0,85.0,1815.0,70.0,1688.0,51.0,864.0,79.66666666666667,96.0,58.0,1713.3333333333333,1815.0,1513.0,80.0,96.0,58.0,1528.857142857143,1815.0,727.0,0.5858585858585859,0.7606837606837606
2023-01-31,northeurope,VM,74,1492,310,95.21,0.98,False,1,1,1,0,94.0,715.0,93.0,833.0,85.0,1780.0,77.33333333333333,94.0,64.0,1233.0,1492.0,715.0,76.57142857142857,94.0,53.0,1066.142857142857,1492.0,585.0,0.7474747474747475,0.7482447342026078
2023-01-31,southeastasia,VM,86,626,305,95.21,0.98,False,1,1,1,0,53.0,1343.0,78.0,1372.0,71.0,1025.0,64.66666666666667,86.0,53.0,1015.6666666666666,1343.0,626.0,62.85714285714285,86.0,52.0,1128.142857142857,1917.0,626.0,0.8686868686868687,0.3155241935483871
2023-01-31,westus,Container,62,1457,409,95.21,0.98,False,1,1,1,0,87.0,1682.0,84.0,1618.0,97.0,836.0,78.66666666666667,87.0,62.0,1561.6666666666667,1682.0,1457.0,79.14285714285714,93.0,59.0,1521.428571428571,1960.0,825.0,0.6262626262626263,0.7336354481369587
2023-01-31,eastus,Storage,69,510,453,95.21,0.98,False,1,1,1,0,87.0,1964.0,93.0,1397.0,98.0,1601.0,77.0,87.0,69.0,1182.3333333333333,1964.0,510.0,70.42857142857143,93.0,52.0,1251.0,1964.0,503.0,0.696969696969697,0.2560240963855422
2023-01-31,eastus,Container,59,1371,237,95.21,0.98,False,1,1,1,0,86.0,1934.0,89.0,820.0,94.0,1596.0,73.0,86.0,59.0,1623.3333333333333,1934.0,1371.0,80.85714285714286,98.0,59.0,1344.857142857143,1934.0,820.0,0.5959595959595959,0.687218045112782
2023-01-31,southeastasia,Storage,98,1103,486,95.21,0.98,False,1,1,1,0,51.0,1934.0,63.0,1297.0,72.0,577.0,68.66666666666667,98.0,51.0,1363.3333333333333,1934.0,1053.0,76.28571428571429,98.0,51.0,1051.571428571429,1934.0,608.0,0.98989898989899,0.5659312467932273
2023-01-31,westus,VM,55,1211,222,95.21,0.98,False,1,1,1,0,53.0,1097.0,58.0,1284.0,96.0,1644.0,58.333333333333336,67.0,53.0,1034.3333333333333,1211.0,795.0,60.42857142857143,84.0,51.0,1208.857142857143,1538.0,795.0,0.5555555555555556,0.6097683786505539
2023-02-01,northeurope,VM,75,1436,490,88.94,0.88,False,2,2,1,0,74.0,1492.0,64.0,1492.0,88.0,585.0,81.0,94.0,74.0,1214.3333333333333,1492.0,715.0,74.71428571428571,94.0,53.0,1187.7142857142858,1492.0,715.0,0.7575757575757576,0.720160481444333
2023-02-01,westus,Storage,89,1160,336,88.94,0.88,False,2,2,1,0,96.0,845.0,89.0,1299.0,74.0,984.0,79.66666666666667,96.0,54.0,1123.0,1364.0,845.0,75.42857142857143,96.0,54.0,1370.428571428571,1966.0,845.0,0.898989898989899,0.590030518819939
2023-02-01,northeurope,Storage,74,574,493,88.94,0.88,False,2,2,1,0,89.0,1327.0,66.0,1748.0,93.0,1036.0,75.66666666666667,89.0,64.0,1193.6666666666667,1680.0,574.0,74.85714285714286,89.0,64.0,1195.7142857142858,1748.0,574.0,0.7551020408163265,0.2922606924643584
2023-02-01,eastus,Container,95,1928,309,88.94,0.88,False,2,2,1,0,59.0,1371.0,74.0,1565.0,92.0,1797.0,80.0,95.0,59.0,1744.3333333333333,1934.0,1371.0,81.28571428571429,98.0,59.0,1363.571428571429,1934.0,820.0,0.9595959595959596,0.9664160401002506
2023-02-01,southeastasia,Storage,73,524,379,88.94,0.88,False,2,2,1,0,98.0,1103.0,57.0,1053.0,90.0,608.0,74.0,98.0,51.0,1187.0,1934.0,524.0,73.85714285714286,98.0,51.0,1039.571428571429,1934.0,524.0,0.7373737373737373,0.2688558234992304
2023-02-01,westus,Container,59,1959,316,88.94,0.88,False,2,2,1,0,62.0,1457.0,87.0,1546.0,59.0,1562.0,69.33333333333333,87.0,59.0,1699.3333333333333,1959.0,1457.0,79.14285714285714,93.0,59.0,1578.142857142857,1960.0,825.0,0.5959595959595959,0.986404833836858
2023-02-01,southeastasia,VM,92,1454,450,88.94,0.88,False,2,2,1,0,86.0,626.0,55.0,1078.0,53.0,1917.0,77.0,92.0,53.0,1141.0,1454.0,626.0,68.42857142857143,92.0,52.0,1062.0,1454.0,626.0,0.9292929292929292,0.7328629032258065
2023-02-01,southeastasia,Container,55,1684,376,88.94,0.88,False,2,2,1,0,58.0,1513.0,96.0,1812.0,96.0,727.0,66.0,85.0,55.0,1670.6666666666667,1815.0,1513.0,74.14285714285714,96.0,55.0,1665.571428571429,1815.0,1401.0,0.5555555555555556,0.8466566113624937
2023-02-01,westus,VM,85,1705,200,88.94,0.88,False,2,2,1,0,55.0,1211.0,67.0,795.0,84.0,1538.0,64.33333333333333,85.0,53.0,1337.6666666666667,1705.0,1097.0,60.57142857142857,85.0,51.0,1232.7142857142858,1705.0,795.0,0.8585858585858586,0.8585095669687814
2023-02-01,eastus,Storage,90,1278,456,88.94,0.88,False,2,2,1,0,69.0,510.0,75.0,1073.0,52.0,1418.0,82.0,90.0,69.0,1250.6666666666667,1964.0,510.0,75.85714285714286,93.0,57.0,1231.0,1964.0,503.0,0.9090909090909092,0.641566265060241
2023-02-01,eastus,VM,78,1985,495,88.94,0.88,False,2,2,1,0,92.0,1806.0,68.0,1902.0,63.0,1198.0,82.0,92.0,76.0,1570.0,1985.0,919.0,70.71428571428571,92.0,51.0,1267.428571428571,1985.0,533.0,0.7878787878787878,0.9964859437751004
2023-02-01,northeurope,Container,51,1733,216,88.94,0.88,False,2,2,1,0,61.0,1503.0,89.0,1562.0,62.0,1735.0,55.333333333333336,61.0,51.0,1638.6666666666667,1733.0,1503.0,67.71428571428571,96.0,50.0,1445.571428571429,1819.0,500.0,0.5151515151515151,0.8770242914979757
2023-02-02,northeurope,Storage,68,1841,231,108.13,1.14,False,3,2,1,0,74.0,574.0,64.0,1680.0,79.0,1342.0,77.0,89.0,68.0,1247.3333333333333,1841.0,574.0,73.28571428571429,89.0,64.0,1267.0,1841.0,574.0,0.6938775510204082,0.9373727087576376
2023-02-02,westus,VM,90,1188,347,108.13,1.14,False,3,2,1,0,85.0,1705.0,53.0,1097.0,55.0,1191.0,76.66666666666667,90.0,55.0,1368.0,1705.0,1188.0,65.57142857142857,90.0,51.0,1232.2857142857142,1705.0,795.0,0.9090909090909092,0.5981873111782477
2023-02-02,southeastasia,Container,96,1509,393,108.13,1.14,False,3,2,1,0,55.0,1684.0,85.0,1815.0,73.0,1746.0,69.66666666666667,96.0,55.0,1568.6666666666667,1684.0,1509.0,77.42857142857143,96.0,55.0,1631.7142857142858,1815.0,1401.0,0.9696969696969696,0.7586726998491704
2023-02-02,northeurope,VM,81,1664,414,108.13,1.14,False,3,2,1,0,75.0,1436.0,94.0,715.0,70.0,1123.0,76.66666666666667,81.0,74.0,1530.6666666666667,1664.0,1436.0,76.28571428571429,94.0,53.0,1265.0,1664.0,715.0,0.8181818181818182,0.8345035105315948
2023-02-02,westus,Storage,71,975,262,108.13,1.14,False,3,2,1,0,89.0,1160.0,54.0,1364.0,83.0,1966.0,85.33333333333333,96.0,71.0,993.3333333333334,1160.0,845.0,73.71428571428571,96.0,54.0,1228.857142857143,1549.0,845.0,0.7171717171717171,0.4959308240081383
2023-02-02,eastus,VM,78,562,349,108.13,1.14,False,3,2,1,0,78.0,1985.0,76.0,919.0,71.0,533.0,82.66666666666667,92.0,78.0,1451.0,1985.0,562.0,71.71428571428571,92.0,51.0,1271.571428571429,1985.0,562.0,0.7878787878787878,0.2821285140562249
2023-02-02,eastus,Storage,75,655,248,108.13,1.14,False,3,2,1,0,90.0,1278.0,87.0,1964.0,57.0,1892.0,78.0,90.0,69.0,814.3333333333334,1278.0,510.0,78.42857142857143,93.0,60.0,1054.2857142857142,1964.0,503.0,0.7575757575757576,0.3288152610441767
2023-02-02,northeurope,Container,79,784,485,108.13,1.14,False,3,2,1,0,51.0,1733.0,54.0,1680.0,73.0,1322.0,63.66666666666666,79.0,51.0,1340.0,1733.0,784.0,68.57142857142857,96.0,50.0,1368.7142857142858,1819.0,500.0,0.797979797979798,0.3967611336032389
2023-02-02,westus,Container,89,1060,456,108.13,1.14,False,3,2,1,0,59.0,1959.0,87.0,1682.0,82.0,1960.0,70.0,89.0,59.0,1492.0,1959.0,1060.0,80.14285714285714,93.0,59.0,1449.571428571429,1959.0,825.0,0.898989898989899,0.5337361530715005
2023-02-02,southeastasia,VM,65,1947,218,108.13,1.14,False,3,2,1,0,92.0,1454.0,53.0,1343.0,52.0,742.0,81.0,92.0,65.0,1342.3333333333333,1947.0,626.0,70.28571428571429,92.0,53.0,1234.142857142857,1947.0,626.0,0.6565656565656566,0.9813508064516128
2023-02-02,eastus,Container,56,1348,283,108.13,1.14,False,3,2,1,0,95.0,1928.0,86.0,1934.0,68.0,924.0,70.0,95.0,56.0,1549.0,1928.0,1348.0,79.57142857142857,98.0,56.0,1424.142857142857,1934.0,820.0,0.5656565656565656,0.6756892230576441
2023-02-02,southeastasia,Storage,67,1268,277,108.13,1.14,False,3,2,1,0,73.0,524.0,51.0,1934.0,89.0,728.0,79.33333333333333,98.0,67.0,965.0,1268.0,524.0,70.71428571428571,98.0,51.0,1116.7142857142858,1934.0,524.0,0.6767676767676768,0.6505900461775269
2023-02-03,eastus,Storage,79,1446,331,99.28,1.1,False,4,2,1,0,75.0,655.0,69.0,510.0,60.0,503.0,81.33333333333333,90.0,75.0,1126.3333333333333,1446.0,655.0,81.14285714285714,93.0,69.0,1189.0,1964.0,510.0,0.797979797979798,0.7259036144578314
2023-02-03,eastus,Container,50,1787,254,99.28,1.1,False,4,2,1,0,56.0,1348.0,59.0,1371.0,98.0,1003.0,67.0,95.0,50.0,1687.6666666666667,1928.0,1348.0,72.71428571428571,95.0,50.0,1536.142857142857,1934.0,820.0,0.5050505050505051,0.8957393483709273
2023-02-03,northeurope,VM,50,812,446,99.28,1.1,False,4,2,1,0,81.0,1664.0,74.0,1492.0,53.0,1223.0,68.66666666666667,81.0,50.0,1304.0,1664.0,812.0,75.85714285714286,94.0,50.0,1206.2857142857142,1664.0,715.0,0.5050505050505051,0.4072216649949849
2023-02-03,southeastasia,Storage,82,1506,463,99.28,1.1,False,4,2,1,0,67.0,1268.0,98.0,1103.0,86.0,638.0,74.0,82.0,67.0,1099.3333333333333,1506.0,524.0,70.14285714285714,98.0,51.0,1240.7142857142858,1934.0,524.0,0.8282828282828283,0.7727039507439712
2023-02-03,westus,Storage,59,661,286,99.28,1.1,False,4,2,1,0,71.0,975.0,96.0,845.0,57.0,1549.0,73.0,89.0,59.0,932.0,1160.0,661.0,74.0,96.0,54.0,1102.0,1410.0,661.0,0.5959595959595959,0.3362156663275686
2023-02-03,eastus,VM,77,1636,313,99.28,1.1,False,4,2,1,0,78.0,562.0,92.0,1806.0,51.0,967.0,77.66666666666667,78.0,77.0,1394.3333333333333,1985.0,562.0,75.42857142857143,92.0,59.0,1367.142857142857,1985.0,562.0,0.7777777777777778,0.821285140562249
2023-02-03,southeastasia,VM,96,1752,266,99.28,1.1,False,4,2,1,0,65.0,1947.0,86.0,626.0,63.0,819.0,84.33333333333333,96.0,65.0,1717.6666666666667,1947.0,1454.0,75.0,96.0,53.0,1367.428571428571,1947.0,626.0,0.9696969696969696,0.8830645161290323
2023-02-03,westus,VM,88,1299,465,99.28,1.1,False,4,2,1,0,90.0,1188.0,55.0,1211.0,51.0,1346.0,87.66666666666667,90.0,85.0,1397.3333333333333,1705.0,1188.0,70.85714285714286,90.0,53.0,1225.571428571429,1705.0,795.0,0.8888888888888888,0.6540785498489426
2023-02-03,southeastasia,Container,83,595,287,99.28,1.1,False,4,2,1,0,96.0,1509.0,58.0,1513.0,82.0,1401.0,78.0,96.0,55.0,1262.6666666666667,1684.0,595.0,77.57142857142857,96.0,55.0,1516.571428571429,1815.0,595.0,0.8383838383838383,0.2991452991452991
2023-02-03,northeurope,Storage,52,942,454,99.28,1.1,False,4,2,1,0,68.0,1841.0,89.0,1327.0,69.0,612.0,64.66666666666667,74.0,52.0,1119.0,1841.0,574.0,70.85714285714286,89.0,52.0,1314.142857142857,1841.0,574.0,0.5306122448979592,0.4796334012219959
2023-02-03,northeurope,Container,57,1577,448,99.28,1.1,False,4,2,1,0,79.0,784.0,61.0,1503.0,96.0,500.0,62.333333333333336,79.0,51.0,1364.6666666666667,1733.0,784.0,63.0,89.0,50.0,1522.571428571429,1819.0,784.0,0.5757575757575758,0.7980769230769231
2023-02-03,westus,Container,77,1701,207,99.28,1.1,False,4,2,1,0,89.0,1060.0,62.0,1457.0,93.0,825.0,75.0,89.0,59.0,1573.3333333333333,1959.0,1060.0,77.85714285714286,89.0,59.0,1574.7142857142858,1959.0,1060.0,0.7777777777777778,0.8564954682779456
2023-02-04,westus,Container,68,1904,235,103.62,0.94,True,5,2,1,1,77.0,1701.0,59.0,1959.0,84.0,1618.0,78.0,89.0,68.0,1555.0,1904.0,1060.0,75.57142857142857,89.0,59.0,1615.571428571429,1959.0,1060.0,0.6868686868686869,0.9587109768378652
2023-02-04,eastus,Container,70,1409,422,103.62,0.94,True,5,2,1,1,50.0,1787.0,95.0,1928.0,89.0,820.0,58.66666666666666,70.0,50.0,1514.6666666666667,1787.0,1348.0,70.0,95.0,50.0,1620.2857142857142,1934.0,1348.0,0.7070707070707071,0.706265664160401
2023-02-04,westus,Storage,82,650,284,103.62,0.94,True,5,2,1,1,59.0,661.0,89.0,1160.0,60.0,1410.0,70.66666666666667,82.0,59.0,762.0,975.0,650.0,77.14285714285714,96.0,54.0,993.4285714285714,1364.0,650.0,0.8282828282828283,0.3306205493387589
2023-02-04,eastus,Storage,95,990,364,103.62,0.94,True,5,2,1,1,79.0,1446.0,90.0,1278.0,93.0,1397.0,83.0,95.0,75.0,1030.3333333333333,1446.0,655.0,81.42857142857143,95.0,69.0,1130.857142857143,1964.0,510.0,0.9595959595959596,0.4969879518072289
2023-02-04,northeurope,Container,69,1245,394,103.62,0.94,True,5,2,1,1,57.0,1577.0,51.0,1733.0,50.0,1819.0,68.33333333333333,79.0,57.0,1202.0,1577.0,784.0,65.71428571428571,89.0,51.0,1440.571428571429,1733.0,784.0,0.696969696969697,0.6300607287449392
2023-02-04,southeastasia,Storage,54,1304,455,103.62,0.94,True,5,2,1,1,82.0,1506.0,73.0,524.0,63.0,1297.0,67.66666666666667,82.0,54.0,1359.3333333333333,1506.0,1268.0,68.85714285714286,98.0,51.0,1241.7142857142858,1934.0,524.0,0.5454545454545454,0.6690610569522832
2023-02-04,southeastasia,VM,72,1642,219,103.62,0.94,True,5,2,1,1,96.0,1752.0,92.0,1454.0,78.0,1372.0,77.66666666666667,96.0,65.0,1780.3333333333333,1947.0,1642.0,74.14285714285714,96.0,53.0,1406.0,1947.0,626.0,0.7272727272727273,0.8276209677419355
2023-02-04,southeastasia,Container,79,1404,425,103.62,0.94,True,5,2,1,1,83.0,595.0,55.0,1684.0,70.0,1688.0,86.0,96.0,79.0,1169.3333333333333,1509.0,595.0,78.85714285714286,96.0,55.0,1476.0,1815.0,595.0,0.797979797979798,0.7058823529411765
2023-02-04,northeurope,VM,78,1199,281,103.62,0.94,True,5,2,1,1,50.0,812.0,75.0,1436.0,93.0,833.0,69.66666666666667,81.0,50.0,1225.0,1664.0,812.0,73.71428571428571,94.0,50.0,1258.571428571429,1664.0,715.0,0.7878787878787878,0.6013039117352056
2023-02-04,northeurope,Storage,51,1314,396,103.62,0.94,True,5,2,1,1,52.0,942.0,74.0,574.0,83.0,1087.0,57.0,68.0,51.0,1365.6666666666667,1841.0,942.0,66.28571428571429,89.0,51.0,1346.571428571429,1841.0,574.0,0.5204081632653061,0.6690427698574338
2023-02-04,westus,VM,97,506,462,103.62,0.94,True,5,2,1,1,88.0,1299.0,85.0,1705.0,58.0,1284.0,91.66666666666669,97.0,88.0,997.6666666666666,1299.0,506.0,76.42857142857143,97.0,53.0,1114.428571428571,1705.0,506.0,0.9797979797979798,0.2547834843907351
2023-02-04,eastus,VM,63,1811,319,103.62,0.94,True,5,2,1,1,77.0,1636.0,78.0,1985.0,59.0,760.0,72.66666666666667,78.0,63.0,1336.3333333333333,1811.0,562.0,76.0,92.0,63.0,1517.2857142857142,1985.0,562.0,0.6363636363636364,0.9091365461847388
2023-02-05,northeurope,VM,88,1724,445,103.61,1.15,True,6,2,1,1,78.0,1199.0,81.0,1664.0,64.0,1492.0,72.0,88.0,50.0,1245.0,1724.0,812.0,77.14285714285714,94.0,50.0,1291.7142857142858,1724.0,715.0,0.8888888888888888,0.8645937813440321
2023-02-05,eastus,VM,93,1353,479,103.61,1.15,True,6,2,1,1,63.0,1811.0,78.0,562.0,68.0,1902.0,77.66666666666667,93.0,63.0,1600.0,1811.0,1353.0,79.57142857142857,93.0,63.0,1438.857142857143,1985.0,562.0,0.9393939393939394,0.6792168674698795
2023-02-05,eastus,Container,95,627,423,103.61,1.15,True,6,2,1,1,70.0,1409.0,56.0,1348.0,74.0,1565.0,71.66666666666667,95.0,50.0,1274.3333333333333,1787.0,627.0,73.0,95.0,50.0,1486.2857142857142,1934.0,627.0,0.9595959595959596,0.3142857142857143
2023-02-05,southeastasia,Storage,86,574,345,103.61,1.15,True,6,2,1,1,54.0,1304.0,67.0,1268.0,57.0,1053.0,74.0,86.0,54.0,1128.0,1506.0,574.0,73.0,98.0,51.0,1173.2857142857142,1934.0,524.0,0.8686868686868687,0.2945100051308363
2023-02-05,westus,Container,51,736,480,103.61,1.15,True,6,2,1,1,68.0,1904.0,89.0,1060.0,87.0,1546.0,65.33333333333333,77.0,51.0,1447.0,1904.0,736.0,70.42857142857143,89.0,51.0,1499.857142857143,1959.0,736.0,0.5151515151515151,0.3705941591137965
2023-02-05,westus,Storage,63,1020,239,103.61,1.15,True,6,2,1,1,82.0,650.0,71.0,975.0,89.0,1299.0,68.0,82.0,59.0,777.0,1020.0,650.0,73.42857142857143,96.0,54.0,953.5714285714286,1364.0,650.0,0.6363636363636364,0.5188199389623601
2023-02-05,northeurope,Storage,71,1758,203,103.61,1.15,True,6,2,1,1,51.0,1314.0,68.0,1841.0,66.0,1748.0,58.0,71.0,51.0,1338.0,1758.0,942.0,67.0,89.0,51.0,1348.0,1841.0,574.0,0.7244897959183674,0.895112016293279
2023-02-05,southeastasia,Container,70,541,240,103.61,1.15,True,6,2,1,1,79.0,1404.0,96.0,1509.0,96.0,1812.0,77.33333333333333,83.0,70.0,846.6666666666666,1404.0,541.0,75.14285714285714,96.0,55.0,1294.428571428571,1815.0,541.0,0.7070707070707071,0.2719959778783308
2023-02-05,northeurope,Container,75,941,228,103.61,1.15,True,6,2,1,1,69.0,1245.0,79.0,784.0,89.0,1562.0,67.0,75.0,57.0,1254.3333333333333,1577.0,941.0,63.71428571428572,79.0,51.0,1351.857142857143,1733.0,784.0,0.7575757575757576,0.4762145748987854
2023-02-05,southeastasia,VM,94,1109,414,103.61,1.15,True,6,2,1,1,72.0,1642.0,65.0,1947.0,55.0,1078.0,87.33333333333333,96.0,72.0,1501.0,1752.0,1109.0,79.71428571428571,96.0,53.0,1410.428571428571,1947.0,626.0,0.9494949494949496,0.5589717741935484
2023-02-05,westus,VM,66,1638,408,103.61,1.15,True,6,2,1,1,97.0,506.0,90.0,1188.0,67.0,795.0,83.66666666666667,97.0,66.0,1147.6666666666667,1638.0,506.0,76.28571428571429,97.0,53.0,1234.857142857143,1705.0,506.0,0.6666666666666666,0.824773413897281
2023-02-05,eastus,Storage,66,1213,357,103.61,1.15,True,6,2,1,1,95.0,990.0,75.0,655.0,75.0,1073.0,80.0,95.0,66.0,1216.3333333333333,1446.0,990.0,80.14285714285714,95.0,66.0,1150.857142857143,1964.0,510.0,0.6666666666666666,0.6089357429718876
2023-02-06,eastus,Container,72,841,226,99.64,1.16,False,0,2,1,0,95.0,627.0,50.0,1787.0,86.0,1934.0,79.0,95.0,70.0,959.0,1409.0,627.0,71.0,95.0,50.0,1330.142857142857,1928.0,627.0,0.7272727272727273,0.4215538847117794
2023-02-06,westus,Container,94,1320,372,99.64,1.16,False,0,2,1,0,51.0,736.0,77.0,1701.0,87.0,1682.0,71.0,94.0,51.0,1320.0,1904.0,736.0,71.42857142857143,94.0,51.0,1448.142857142857,1959.0,736.0,0.9494949494949496,0.6646525679758308
2023-02-06,northeurope,Container,85,1894,481,99.64,1.16,False,0,2,1,0,75.0,941.0,57.0,1577.0,54.0,1680.0,76.33333333333333,85.0,69.0,1360.0,1894.0,941.0,68.14285714285714,85.0,51.0,1382.428571428571,1894.0,784.0,0.8585858585858586,0.958502024291498
2023-02-06,southeastasia,VM,78,648,466,99.64,1.16,False,0,2,1,0,94.0,1109.0,96.0,1752.0,53.0,1343.0,81.33333333333333,94.0,72.0,1133.0,1642.0,648.0,83.28571428571429,96.0,65.0,1311.142857142857,1947.0,626.0,0.7878787878787878,0.3266129032258064
2023-02-06,northeurope,VM,66,1421,389,99.64,1.16,False,0,2,1,0,88.0,1724.0,50.0,812.0,94.0,715.0,77.33333333333333,88.0,66.0,1448.0,1724.0,1199.0,73.14285714285714,88.0,50.0,1392.571428571429,1724.0,812.0,0.6666666666666666,0.7126379137412236
2023-02-06,southeastasia,Container,98,686,494,99.64,1.16,False,0,2,1,0,70.0,541.0,83.0,595.0,85.0,1815.0,82.33333333333333,98.0,70.0,877.0,1404.0,541.0,77.0,98.0,55.0,1133.142857142857,1684.0,541.0,0.98989898989899,0.3448969331322272
2023-02-06,eastus,VM,87,533,216,99.64,1.16,False,0,2,1,0,93.0,1353.0,77.0,1636.0,76.0,919.0,81.0,93.0,63.0,1232.3333333333333,1811.0,533.0,81.14285714285714,93.0,63.0,1383.7142857142858,1985.0,533.0,0.8787878787878788,0.267570281124498
2023-02-06,westus,VM,80,1145,418,99.64,1.16,False,0,2,1,0,66.0,1638.0,88.0,1299.0,53.0,1097.0,81.0,97.0,66.0,1096.3333333333333,1638.0,506.0,80.14285714285714,97.0,55.0,1241.7142857142858,1705.0,506.0,0.8080808080808081,0.5765357502517623
2023-02-06,northeurope,Storage,95,629,392,99.64,1.16,False,0,2,1,0,71.0,1758.0,52.0,942.0,64.0,1680.0,72.33333333333333,95.0,51.0,1233.6666666666667,1758.0,629.0,71.42857142857143,95.0,51.0,1197.857142857143,1841.0,574.0,0.9693877551020408,0.320264765784114
2023-02-06,southeastasia,Storage,89,510,363,99.64,1.16,False,0,2,1,0,86.0,574.0,82.0,1506.0,51.0,1934.0,76.33333333333333,89.0,54.0,796.0,1304.0,510.0,78.42857142857143,98.0,54.0,969.8571428571428,1506.0,510.0,0.898989898989899,0.2616726526423807
2023-02-06,eastus,Storage,86,1676,275,99.64,1.16,False,0,2,1,0,66.0,1213.0,79.0,1446.0,87.0,1964.0,82.33333333333333,95.0,66.0,1293.0,1676.0,990.0,80.0,95.0,66.0,1109.7142857142858,1676.0,510.0,0.8686868686868687,0.8413654618473896
2023-02-06,westus,Storage,89,1109,467,99.64,1.16,False,0,2,1,0,63.0,1020.0,59.0,661.0,54.0,1364.0,78.0,89.0,63.0,926.3333333333334,1109.0,650.0,78.42857142857143,96.0,59.0,917.1428571428572,1160.0,650.0,0.898989898989899,0.5640895218718209
2023-02-07,northeurope,Container,92,541,224,73.8,1.08,False,1,2,1,0,85.0,1894.0,69.0,1245.0,61.0,1503.0,84.0,92.0,75.0,1125.3333333333333,1894.0,541.0,72.57142857142857,92.0,51.0,1245.0,1894.0,541.0,0.9292929292929292,0.2737854251012145
2023-02-07,northeurope,Storage,50,1740,260,73.8,1.08,False,1,2,1,0,95.0,629.0,51.0,1314.0,89.0,1327.0,72.0,95.0,50.0,1375.6666666666667,1758.0,629.0,65.85714285714286,95.0,50.0,1256.857142857143,1841.0,574.0,0.5102040816326531,0.8859470468431772
2023-02-07,westus,Container,75,1973,272,73.8,1.08,False,1,2,1,0,94.0,1320.0,68.0,1904.0,62.0,1457.0,73.33333333333333,94.0,51.0,1343.0,1973.0,736.0,73.28571428571429,94.0,51.0,1521.857142857143,1973.0,736.0,0.7575757575757576,0.9934541792547836
2023-02-07,eastus,Container,71,568,488,73.8,1.08,False,1,2,1,0,72.0,841.0,70.0,1409.0,59.0,1371.0,79.33333333333333,95.0,71.0,678.6666666666666,841.0,568.0,72.71428571428571,95.0,50.0,1215.428571428571,1928.0,568.0,0.7171717171717171,0.2847117794486215
2023-02-07,eastus,Storage,96,1163,445,73.8,1.08,False,1,2,1,0,86.0,1676.0,95.0,990.0,69.0,510.0,82.66666666666667,96.0,66.0,1350.6666666666667,1676.0,1163.0,83.85714285714286,96.0,66.0,1203.0,1676.0,655.0,0.9696969696969696,0.5838353413654619
2023-02-07,northeurope,VM,58,795,216,73.8,1.08,False,1,2,1,0,66.0,1421.0,78.0,1199.0,74.0,1492.0,70.66666666666667,88.0,58.0,1313.3333333333333,1724.0,795.0,70.85714285714286,88.0,50.0,1293.0,1724.0,795.0,0.5858585858585859,0.3986960882647943
2023-02-07,westus,VM,85,1250,347,73.8,1.08,False,1,2,1,0,80.0,1145.0,97.0,506.0,55.0,1211.0,77.0,85.0,66.0,1344.3333333333333,1638.0,1145.0,84.42857142857143,97.0,66.0,1247.2857142857142,1705.0,506.0,0.8585858585858586,0.6294058408862034
2023-02-07,southeastasia,Storage,93,671,301,73.8,1.08,False,1,2,1,0,89.0,510.0,54.0,1304.0,98.0,1103.0,89.33333333333333,93.0,86.0,585.0,671.0,510.0,77.71428571428571,93.0,54.0,908.1428571428572,1506.0,510.0,0.9393939393939394,0.3442791174961518
2023-02-07,westus,Storage,68,1767,400,73.8,1.08,False,1,2,1,0,89.0,1109.0,82.0,650.0,96.0,845.0,73.33333333333333,89.0,63.0,1298.6666666666667,1767.0,1020.0,74.42857142857143,89.0,59.0,1048.857142857143,1767.0,650.0,0.6868686868686869,0.8987792472024415
2023-02-07,southeastasia,Container,83,1023,474,73.8,1.08,False,1,2,1,0,98.0,686.0,79.0,1404.0,58.0,1513.0,83.66666666666667,98.0,70.0,750.0,1023.0,541.0,80.57142857142857,98.0,55.0,1063.142857142857,1684.0,541.0,0.8383838383838383,0.5143288084464555
2023-02-07,eastus,VM,89,1750,297,73.8,1.08,False,1,2,1,0,87.0,533.0,63.0,1811.0,92.0,1806.0,89.66666666666667,93.0,87.0,1212.0,1750.0,533.0,80.71428571428571,93.0,63.0,1375.7142857142858,1985.0,533.0,0.898989898989899,0.8785140562248996
2023-02-07,southeastasia,VM,88,630,428,73.8,1.08,False,1,2,1,0,78.0,648.0,72.0,1642.0,86.0,626.0,86.66666666666667,94.0,78.0,795.6666666666666,1109.0,630.0,83.57142857142857,96.0,65.0,1311.7142857142858,1947.0,630.0,0.8888888888888888,0.3175403225806452
2023-02-08,northeurope,VM,61,988,225,100.87,0.97,False,2,2,1,0,58.0,795.0,88.0,1724.0,75.0,1436.0,61.66666666666666,66.0,58.0,1068.0,1421.0,795.0,68.85714285714286,88.0,50.0,1229.0,1724.0,795.0,0.6161616161616161,0.4954864593781344
2023-02-08,westus,VM,80,1160,280,100.87,0.97,False,2,2,1,0,85.0,1250.0,66.0,1638.0,85.0,1705.0,81.66666666666667,85.0,80.0,1185.0,1250.0,1145.0,83.71428571428571,97.0,66.0,1169.428571428571,1638.0,506.0,0.8080808080808081,0.5840886203423967
2023-02-08,eastus,VM,86,1567,216,100.87,0.97,False,2,2,1,0,89.0,1750.0,93.0,1353.0,78.0,1985.0,87.33333333333333,89.0,86.0,1283.3333333333333,1750.0,533.0,81.85714285714286,93.0,63.0,1316.0,1811.0,533.0,0.8686868686868687,0.7866465863453815
2023-02-08,eastus,Storage,59,511,279,100.87,0.97,False,2,2,1,0,96.0,1163.0,66.0,1213.0,90.0,1278.0,80.33333333333333,96.0,59.0,1116.6666666666667,1676.0,511.0,79.42857142857143,96.0,59.0,1093.428571428571,1676.0,511.0,0.5959595959595959,0.2565261044176707
2023-02-08,eastus,Container,73,838,463,100.87,0.97,False,2,2,1,0,71.0,568.0,95.0,627.0,95.0,1928.0,72.0,73.0,71.0,749.0,841.0,568.0,69.57142857142857,95.0,50.0,1059.7142857142858,1787.0,568.0,0.7373737373737373,0.4200501253132832
2023-02-08,westus,Storage,72,873,397,100.87,0.97,False,2,2,1,0,68.0,1767.0,63.0,1020.0,89.0,1160.0,76.33333333333333,89.0,68.0,1249.6666666666667,1767.0,873.0,72.0,89.0,59.0,1007.8571428571428,1767.0,650.0,0.7272727272727273,0.4440488301119023
2023-02-08,southeastasia,Container,56,636,375,100.87,0.97,False,2,2,1,0,83.0,1023.0,70.0,541.0,55.0,1684.0,79.0,98.0,56.0,781.6666666666666,1023.0,636.0,80.71428571428571,98.0,56.0,913.4285714285714,1509.0,541.0,0.5656565656565656,0.3197586726998491
2023-02-08,southeastasia,VM,70,1609,449,100.87,0.97,False,2,2,1,0,88.0,630.0,94.0,1109.0,92.0,1454.0,78.66666666666667,88.0,70.0,962.3333333333334,1609.0,630.0,80.42857142857143,96.0,65.0,1333.857142857143,1947.0,630.0,0.7070707070707071,0.8109879032258065
2023-02-08,southeastasia,Storage,56,834,316,100.87,0.97,False,2,2,1,0,93.0,671.0,86.0,574.0,73.0,524.0,79.33333333333333,93.0,56.0,671.6666666666666,834.0,510.0,75.28571428571429,93.0,54.0,952.4285714285714,1506.0,510.0,0.5656565656565656,0.4279117496151873
2023-02-08,northeurope,Container,65,1210,481,100.87,0.97,False,2,2,1,0,92.0,541.0,75.0,941.0,51.0,1733.0,80.66666666666667,92.0,65.0,1215.0,1894.0,541.0,74.57142857142857,92.0,57.0,1170.2857142857142,1894.0,541.0,0.6565656565656566,0.6123481781376519
2023-02-08,northeurope,Storage,96,1811,465,100.87,0.97,False,2,2,1,0,50.0,1740.0,71.0,1758.0,74.0,574.0,80.33333333333333,96.0,50.0,1393.3333333333333,1811.0,629.0,69.0,96.0,50.0,1433.571428571429,1841.0,629.0,0.979591836734694,0.9220977596741344
2023-02-08,westus,Container,57,965,288,100.87,0.97,False,2,2,1,0,75.0,1973.0,51.0,736.0,59.0,1959.0,75.33333333333333,94.0,57.0,1419.3333333333333,1973.0,965.0,73.0,94.0,51.0,1379.857142857143,1973.0,736.0,0.5757575757575758,0.485901309164149
2023-02-09,westus,VM,66,1682,351,100.92,0.8,False,3,2,1,0,80.0,1160.0,80.0,1145.0,90.0,1188.0,77.0,85.0,66.0,1364.0,1682.0,1160.0,80.28571428571429,97.0,66.0,1240.0,1682.0,506.0,0.6666666666666666,0.8469284994964753
2023-02-09,eastus,Container,79,871,302,100.92,0.8,False,3,2,1,0,73.0,838.0,72.0,841.0,56.0,1348.0,74.33333333333333,79.0,71.0,759.0,871.0,568.0,72.85714285714286,95.0,50.0,991.5714285714286,1787.0,568.0,0.797979797979798,0.4365914786967418
2023-02-09,northeurope,Container,64,996,203,100.92,0.8,False,3,2,1,0,65.0,1210.0,85.0,1894.0,79.0,784.0,73.66666666666667,92.0,64.0,915.6666666666666,1210.0,541.0,72.42857142857143,92.0,57.0,1200.571428571429,1894.0,541.0,0.6464646464646465,0.5040485829959515
2023-02-09,westus,Container,94,1621,330,100.92,0.8,False,3,2,1,0,57.0,965.0,94.0,1320.0,89.0,1060.0,75.33333333333333,94.0,57.0,1519.6666666666667,1973.0,965.0,73.71428571428571,94.0,51.0,1460.0,1973.0,736.0,0.9494949494949496,0.8162134944612286
2023-02-09,westus,Storage,84,1119,387,100.92,0.8,False,3,2,1,0,72.0,873.0,89.0,1109.0,71.0,975.0,74.66666666666667,84.0,68.0,1253.0,1767.0,873.0,73.85714285714286,89.0,59.0,1028.428571428571,1767.0,650.0,0.8484848484848485,0.569175991861648
2023-02-09,northeurope,VM,86,1694,382,100.92,0.8,False,3,2,1,0,61.0,988.0,66.0,1421.0,81.0,1664.0,68.33333333333333,86.0,58.0,1159.0,1694.0,795.0,69.57142857142857,88.0,50.0,1233.2857142857142,1724.0,795.0,0.8686868686868687,0.8495486459378134
2023-02-09,southeastasia,VM,78,1481,409,100.92,0.8,False,3,2,1,0,70.0,1609.0,78.0,648.0,65.0,1947.0,78.66666666666667,88.0,70.0,1240.0,1609.0,630.0,82.28571428571429,96.0,70.0,1267.2857142857142,1752.0,630.0,0.7878787878787878,0.7464717741935484
2023-02-09,southeastasia,Container,51,810,426,100.92,0.8,False,3,2,1,0,56.0,636.0,98.0,686.0,96.0,1509.0,63.333333333333336,83.0,51.0,823.0,1023.0,636.0,74.28571428571429,98.0,51.0,813.5714285714286,1404.0,541.0,0.5151515151515151,0.4072398190045249
2023-02-09,southeastasia,Storage,82,515,307,100.92,0.8,False,3,2,1,0,56.0,834.0,89.0,510.0,67.0,1268.0,77.0,93.0,56.0,673.3333333333334,834.0,515.0,77.42857142857143,93.0,54.0,844.8571428571429,1506.0,510.0,0.8282828282828283,0.2642380708055413
2023-02-09,eastus,Storage,78,1093,422,100.92,0.8,False,3,2,1,0,59.0,511.0,86.0,1676.0,75.0,655.0,77.66666666666667,96.0,59.0,922.3333333333334,1163.0,511.0,79.85714285714286,96.0,59.0,1156.0,1676.0,511.0,0.7878787878787878,0.5486947791164659
2023-02-09,eastus,VM,57,1326,414,100.92,0.8,False,3,2,1,0,86.0,1567.0,87.0,533.0,78.0,562.0,77.33333333333333,89.0,57.0,1547.6666666666667,1750.0,1326.0,78.85714285714286,93.0,57.0,1425.142857142857,1811.0,533.0,0.5757575757575758,0.6656626506024096
2023-02-09,northeurope,Storage,72,863,238,100.92,0.8,False,3,2,1,0,96.0,1811.0,95.0,629.0,68.0,1841.0,72.66666666666667,96.0,50.0,1471.3333333333333,1811.0,863.0,69.57142857142857,96.0,50.0,1293.857142857143,1811.0,629.0,0.7346938775510204,0.4394093686354379
2023-02-10,southeastasia,VM,86,931,392,97.8,1.04,False,4,2,1,0,78.0,1481.0,88.0,630.0,96.0,1752.0,78.0,86.0,70.0,1340.3333333333333,1609.0,931.0,80.85714285714286,94.0,70.0,1150.0,1642.0,630.0,0.8686868686868687,0.4692540322580645
2023-02-10,westus,Container,93,1762,465,97.8,1.04,False,4,2,1,0,94.0,1621.0,75.0,1973.0,77.0,1701.0,81.33333333333333,94.0,57.0,1449.3333333333333,1762.0,965.0,76.0,94.0,51.0,1468.7142857142858,1973.0,736.0,0.9393939393939394,0.8872104733131924
2023-02-10,eastus,Container,81,1562,228,97.8,1.04,False,4,2,1,0,79.0,871.0,71.0,568.0,50.0,1787.0,77.66666666666667,81.0,73.0,1090.3333333333333,1562.0,838.0,77.28571428571429,95.0,70.0,959.4285714285714,1562.0,568.0,0.8181818181818182,0.7829573934837093
2023-02-10,westus,Storage,93,1196,471,97.8,1.04,False,4,2,1,0,84.0,1119.0,68.0,1767.0,59.0,661.0,83.0,93.0,72.0,1062.6666666666667,1196.0,873.0,78.71428571428571,93.0,63.0,1104.857142857143,1767.0,650.0,0.9393939393939394,0.6083418107833164
2023-02-10,southeastasia,Storage,95,1084,339,97.8,1.04,False,4,2,1,0,82.0,515.0,93.0,671.0,82.0,1506.0,77.66666666666667,95.0,56.0,811.0,1084.0,515.0,79.28571428571429,95.0,54.0,784.5714285714286,1304.0,510.0,0.9595959595959596,0.5561826577732171
2023-02-10,eastus,Storage,62,1664,473,97.8,1.04,False,4,2,1,0,78.0,1093.0,96.0,1163.0,79.0,1446.0,66.33333333333333,78.0,59.0,1089.3333333333333,1664.0,511.0,77.42857142857143,96.0,59.0,1187.142857142857,1676.0,511.0,0.6262626262626263,0.8353413654618473
2023-02-10,northeurope,VM,79,1420,264,97.8,1.04,False,4,2,1,0,86.0,1694.0,58.0,795.0,50.0,812.0,75.33333333333333,86.0,61.0,1367.3333333333333,1694.0,988.0,73.71428571428571,88.0,58.0,1320.142857142857,1724.0,795.0,0.797979797979798,0.7121364092276831
2023-02-10,northeurope,Storage,79,502,341,97.8,1.04,False,4,2,1,0,72.0,863.0,50.0,1740.0,52.0,942.0,82.33333333333333,96.0,72.0,1058.6666666666667,1811.0,502.0,73.42857142857143,96.0,50.0,1231.0,1811.0,502.0,0.8061224489795918,0.2556008146639511
2023-02-10,eastus,VM,91,1045,450,97.8,1.04,False,4,2,1,0,57.0,1326.0,89.0,1750.0,77.0,1636.0,78.0,91.0,57.0,1312.6666666666667,1567.0,1045.0,80.85714285714286,93.0,57.0,1340.7142857142858,1811.0,533.0,0.9191919191919192,0.5245983935742972
2023-02-10,northeurope,Container,79,823,345,97.8,1.04,False,4,2,1,0,64.0,996.0,92.0,541.0,57.0,1577.0,69.33333333333333,79.0,64.0,1009.6666666666666,1210.0,823.0,75.57142857142857,92.0,64.0,1092.857142857143,1894.0,541.0,0.797979797979798,0.416497975708502
2023-02-10,southeastasia,Container,86,560,397,97.8,1.04,False,4,2,1,0,51.0,810.0,83.0,1023.0,83.0,595.0,64.33333333333333,86.0,51.0,668.6666666666666,810.0,560.0,74.71428571428571,98.0,51.0,808.5714285714286,1404.0,541.0,0.8686868686868687,0.2815485168426345
2023-02-10,westus,VM,98,976,444,97.8,1.04,False,4,2,1,0,66.0,1682.0,85.0,1250.0,88.0,1299.0,81.33333333333333,98.0,66.0,1272.6666666666667,1682.0,976.0,81.71428571428571,98.0,66.0,1193.857142857143,1682.0,506.0,0.98989898989899,0.4914400805639476
2023-02-11,northeurope,Container,72,1188,208,114.78,0.95,True,5,2,1,1,79.0,823.0,65.0,1210.0,69.0,1245.0,71.66666666666667,79.0,64.0,1002.3333333333334,1188.0,823.0,76.0,92.0,64.0,1084.7142857142858,1894.0,541.0,0.7272727272727273,0.6012145748987854
2023-02-11,eastus,VM,88,1963,210,114.78,0.95,True,5,2,1,1,91.0,1045.0,86.0,1567.0,63.0,1811.0,78.66666666666667,91.0,57.0,1444.6666666666667,1963.0,1045.0,84.42857142857143,93.0,57.0,1362.428571428571,1963.0,533.0,0.8888888888888888,0.9854417670682732
2023-02-11,westus,Storage,94,1889,306,114.78,0.95,True,5,2,1,1,93.0,1196.0,72.0,873.0,82.0,650.0,90.33333333333331,94.0,84.0,1401.3333333333333,1889.0,1119.0,80.42857142857143,94.0,63.0,1281.857142857143,1889.0,873.0,0.9494949494949496,0.9608341810783316
2023-02-11,northeurope,Storage,55,553,246,114.78,0.95,True,5,2,1,1,79.0,502.0,96.0,1811.0,51.0,1314.0,68.66666666666667,79.0,55.0,639.3333333333334,863.0,502.0,74.0,96.0,50.0,1122.2857142857142,1811.0,502.0,0.5612244897959183,0.2815682281059063
2023-02-11,southeastasia,Container,67,561,344,114.78,0.95,True,5,2,1,1,86.0,560.0,56.0,636.0,79.0,1404.0,68.0,86.0,51.0,643.6666666666666,810.0,560.0,73.0,98.0,51.0,688.1428571428571,1023.0,541.0,0.6767676767676768,0.282051282051282
2023-02-11,eastus,Container,56,1063,459,114.78,0.95,True,5,2,1,1,81.0,1562.0,73.0,838.0,70.0,1409.0,72.0,81.0,56.0,1165.3333333333333,1562.0,871.0,75.28571428571429,95.0,56.0,910.0,1562.0,568.0,0.5656565656565656,0.5328320802005012
2023-02-11,westus,Container,83,1324,417,114.78,0.95,True,5,2,1,1,93.0,1762.0,57.0,965.0,68.0,1904.0,90.0,94.0,83.0,1569.0,1762.0,1324.0,78.14285714285714,94.0,51.0,1385.857142857143,1973.0,736.0,0.8383838383838383,0.6666666666666666
2023-02-11,westus,VM,57,1833,442,114.78,0.95,True,5,2,1,1,98.0,976.0,80.0,1160.0,97.0,506.0,73.66666666666667,98.0,57.0,1497.0,1833.0,976.0,76.0,98.0,57.0,1383.428571428571,1833.0,976.0,0.5757575757575758,0.9229607250755288
2023-02-11,southeastasia,VM,84,1543,440,114.78,0.95,True,5,2,1,1,86.0,931.0,70.0,1609.0,72.0,1642.0,82.66666666666667,86.0,78.0,1318.3333333333333,1543.0,931.0,82.57142857142857,94.0,70.0,1135.857142857143,1609.0,630.0,0.8484848484848485,0.7777217741935484
2023-02-11,eastus,Storage,62,725,352,114.78,0.95,True,5,2,1,1,62.0,1664.0,59.0,511.0,95.0,990.0,67.33333333333333,78.0,62.0,1160.6666666666667,1664.0,725.0,72.71428571428571,96.0,59.0,1149.2857142857142,1676.0,511.0,0.6262626262626263,0.3639558232931726
2023-02-11,northeurope,VM,90,1252,458,114.78,0.95,True,5,2,1,1,79.0,1420.0,61.0,988.0,78.0,1199.0,85.0,90.0,79.0,1455.3333333333333,1694.0,1252.0,75.42857142857143,90.0,58.0,1327.7142857142858,1724.0,795.0,0.9090909090909092,0.6278836509528586
2023-02-11,southeastasia,Storage,91,918,377,114.78,0.95,True,5,2,1,1,95.0,1084.0,56.0,834.0,54.0,1304.0,89.33333333333333,95.0,82.0,839.0,1084.0,515.0,84.57142857142857,95.0,56.0,729.4285714285714,1084.0,510.0,0.9191919191919192,0.4710107747562853
2023-02-12,eastus,Storage,84,1280,319,91.92,0.95,True,6,2,1,1,62.0,725.0,78.0,1093.0,66.0,1213.0,69.33333333333333,84.0,62.0,1223.0,1664.0,725.0,75.28571428571429,96.0,59.0,1158.857142857143,1676.0,511.0,0.8484848484848485,0.642570281124498
2023-02-12,northeurope,Storage,64,539,224,91.92,0.95,True,6,2,1,1,55.0,553.0,72.0,863.0,71.0,1758.0,66.0,79.0,55.0,531.3333333333334,553.0,502.0,73.0,96.0,50.0,948.1428571428572,1811.0,502.0,0.6530612244897959,0.2744399185336049
2023-02-12,northeurope,Container,54,1918,425,91.92,0.95,True,6,2,1,1,72.0,1188.0,64.0,996.0,75.0,941.0,68.33333333333333,79.0,54.0,1309.6666666666667,1918.0,823.0,73.0,92.0,54.0,1224.2857142857142,1918.0,541.0,0.5454545454545454,0.9706477732793524
2023-02-12,eastus,VM,73,502,359,91.92,0.95,True,6,2,1,1,88.0,1963.0,57.0,1326.0,93.0,1353.0,84.0,91.0,73.0,1170.0,1963.0,502.0,81.57142857142857,91.0,57.0,1240.857142857143,1963.0,502.0,0.7373737373737373,0.2520080321285141
2023-02-12,westus,Container,77,1718,425,91.92,0.95,True,6,2,1,1,83.0,1324.0,94.0,1621.0,51.0,736.0,84.33333333333333,93.0,77.0,1601.3333333333333,1762.0,1324.0,81.85714285714286,94.0,57.0,1526.142857142857,1973.0,965.0,0.7777777777777778,0.865055387713998
2023-02-12,southeastasia,VM,73,1647,237,91.92,0.95,True,6,2,1,1,84.0,1543.0,78.0,1481.0,94.0,1109.0,81.0,86.0,73.0,1373.6666666666667,1647.0,931.0,79.57142857142857,88.0,70.0,1212.7142857142858,1647.0,630.0,0.7373737373737373,0.8301411290322581
2023-02-12,eastus,Container,96,1612,267,91.92,0.95,True,6,2,1,1,56.0,1063.0,79.0,871.0,95.0,627.0,77.66666666666667,96.0,56.0,1412.3333333333333,1612.0,1063.0,75.42857142857143,96.0,56.0,1050.7142857142858,1612.0,568.0,0.9696969696969696,0.8080200501253133
2023-02-12,southeastasia,Storage,57,1774,375,91.92,0.95,True,6,2,1,1,91.0,918.0,82.0,515.0,86.0,574.0,81.0,95.0,57.0,1258.6666666666667,1774.0,918.0,80.42857142857143,95.0,56.0,900.8571428571428,1774.0,510.0,0.5757575757575758,0.9102103642893792
2023-02-12,westus,VM,63,1880,297,91.92,0.95,True,6,2,1,1,57.0,1833.0,66.0,1682.0,66.0,1638.0,72.66666666666667,98.0,57.0,1563.0,1880.0,976.0,75.57142857142857,98.0,57.0,1418.0,1880.0,976.0,0.6363636363636364,0.94662638469285
2023-02-12,northeurope,VM,61,669,208,91.92,0.95,True,6,2,1,1,90.0,1252.0,86.0,1694.0,88.0,1724.0,76.66666666666667,90.0,61.0,1113.6666666666667,1420.0,669.0,71.57142857142857,90.0,58.0,1177.0,1694.0,669.0,0.6161616161616161,0.335506519558676
2023-02-12,westus,Storage,60,1451,322,91.92,0.95,True,6,2,1,1,94.0,1889.0,84.0,1119.0,63.0,1020.0,82.33333333333333,94.0,60.0,1512.0,1889.0,1196.0,80.0,94.0,60.0,1343.428571428571,1889.0,873.0,0.6060606060606061,0.7380467955239064
2023-02-12,southeastasia,Container,75,1413,236,91.92,0.95,True,6,2,1,1,67.0,561.0,51.0,810.0,70.0,541.0,76.0,86.0,67.0,844.6666666666666,1413.0,560.0,73.71428571428571,98.0,51.0,812.7142857142857,1413.0,560.0,0.7575757575757576,0.7104072398190046
2023-02-13,northeurope,VM,73,1670,367,109.15,1.03,False,0,2,1,0,61.0,669.0,79.0,1420.0,66.0,1421.0,74.66666666666667,90.0,61.0,1197.0,1670.0,669.0,72.57142857142857,90.0,58.0,1212.571428571429,1694.0,669.0,0.7373737373737373,0.8375125376128385
2023-02-13,westus,Storage,52,1563,239,109.15,1.03,False,0,2,1,0,60.0,1451.0,93.0,1196.0,89.0,1109.0,68.66666666666667,94.0,52.0,1634.3333333333333,1889.0,1451.0,74.71428571428571,94.0,52.0,1408.2857142857142,1889.0,873.0,0.5252525252525253,0.7950152594099695
2023-02-13,westus,Container,76,1812,461,109.15,1.03,False,0,2,1,0,77.0,1718.0,93.0,1762.0,94.0,1320.0,78.66666666666667,83.0,76.0,1618.0,1812.0,1324.0,79.28571428571429,94.0,57.0,1596.428571428571,1973.0,965.0,0.7676767676767676,0.9123867069486404
2023-02-13,southeastasia,Container,56,632,434,109.15,1.03,False,0,2,1,0,75.0,1413.0,86.0,560.0,98.0,686.0,66.0,75.0,56.0,868.6666666666666,1413.0,561.0,67.71428571428571,86.0,51.0,805.0,1413.0,560.0,0.5656565656565656,0.3177476118652589
2023-02-13,eastus,Container,99,1563,423,109.15,1.03,False,0,2,1,0,96.0,1612.0,81.0,1562.0,72.0,841.0,83.66666666666667,99.0,56.0,1412.6666666666667,1612.0,1063.0,79.28571428571429,99.0,56.0,1153.857142857143,1612.0,568.0,1.0,0.7834586466165413
2023-02-13,westus,VM,78,614,385,109.15,1.03,False,0,2,1,0,63.0,1880.0,98.0,976.0,80.0,1145.0,66.0,78.0,57.0,1442.3333333333333,1880.0,614.0,75.28571428571429,98.0,57.0,1342.142857142857,1880.0,614.0,0.7878787878787878,0.3091641490433031
2023-02-13,northeurope,Container,97,1280,244,109.15,1.03,False,0,2,1,0,54.0,1918.0,79.0,823.0,85.0,1894.0,74.33333333333333,97.0,54.0,1462.0,1918.0,1188.0,74.71428571428571,97.0,54.0,1136.571428571429,1918.0,541.0,0.9797979797979798,0.6477732793522267
2023-02-13,eastus,Storage,54,1472,280,109.15,1.03,False,0,2,1,0,84.0,1280.0,62.0,1664.0,86.0,1676.0,66.66666666666667,84.0,54.0,1159.0,1472.0,725.0,70.71428571428571,96.0,54.0,1129.7142857142858,1664.0,511.0,0.5454545454545454,0.7389558232931727
2023-02-13,eastus,VM,97,1472,483,109.15,1.03,False,0,2,1,0,73.0,502.0,91.0,1045.0,87.0,533.0,86.0,97.0,73.0,1312.3333333333333,1963.0,502.0,83.0,97.0,57.0,1375.0,1963.0,502.0,0.9797979797979798,0.7389558232931727
2023-02-13,southeastasia,Storage,76,921,387,109.15,1.03,False,0,2,1,0,57.0,1774.0,95.0,1084.0,89.0,510.0,74.66666666666667,91.0,57.0,1204.3333333333333,1774.0,918.0,78.57142857142857,95.0,56.0,959.5714285714286,1774.0,515.0,0.7676767676767676,0.4725500256541816
2023-02-13,northeurope,Storage,77,852,258,109.15,1.03,False,0,2,1,0,64.0,539.0,79.0,502.0,95.0,629.0,65.33333333333333,77.0,55.0,648.0,852.0,539.0,70.42857142857143,96.0,50.0,980.0,1811.0,502.0,0.7857142857142857,0.4338085539714867
2023-02-13,southeastasia,VM,74,1693,390,109.15,1.03,False,0,2,1,0,73.0,1647.0,86.0,931.0,78.0,648.0,77.0,84.0,73.0,1627.6666666666667,1693.0,1543.0,79.0,88.0,70.0,1362.0,1693.0,630.0,0.7474747474747475,0.8533266129032258
2023-02-14,westus,Storage,63,1088,211,94.7,1.05,False,1,2,1,0,52.0,1563.0,94.0,1889.0,68.0,1767.0,58.333333333333336,63.0,52.0,1367.3333333333333,1563.0,1088.0,74.0,94.0,52.0,1311.2857142857142,1889.0,873.0,0.6363636363636364,0.5534079348931842
2023-02-14,eastus,Storage,80,1034,359,94.7,1.05,False,1,2,1,0,54.0,1472.0,62.0,725.0,96.0,1163.0,72.66666666666667,84.0,54.0,1262.0,1472.0,1034.0,68.42857142857143,84.0,54.0,1111.2857142857142,1664.0,511.0,0.8080808080808081,0.5190763052208835
2023-02-14,southeastasia,Storage,90,1747,259,94.7,1.05,False,1,2,1,0,76.0,921.0,91.0,918.0,93.0,671.0,74.33333333333333,90.0,57.0,1480.6666666666667,1774.0,921.0,78.14285714285714,95.0,56.0,1113.2857142857142,1774.0,515.0,0.9090909090909092,0.896357106208312
2023-02-14,northeurope,VM,95,1636,432,94.7,1.05,False,1,2,1,0,73.0,1670.0,90.0,1252.0,58.0,795.0,76.33333333333333,95.0,61.0,1325.0,1670.0,669.0,77.85714285714286,95.0,61.0,1332.7142857142858,1694.0,669.0,0.9595959595959596,0.8204613841524574
2023-02-14,northeurope,Storage,66,859,422,94.7,1.05,False,1,2,1,0,77.0,852.0,55.0,553.0,50.0,1740.0,69.0,77.0,64.0,750.0,859.0,539.0,72.71428571428571,96.0,55.0,854.1428571428571,1811.0,502.0,0.673469387755102,0.4373727087576374
2023-02-14,southeastasia,Container,64,1745,236,94.7,1.05,False,1,2,1,0,56.0,632.0,67.0,561.0,83.0,1023.0,65.0,75.0,56.0,1263.3333333333333,1745.0,632.0,65.0,86.0,51.0,908.1428571428572,1745.0,560.0,0.6464646464646465,0.877325289089995
2023-02-14,westus,VM,88,581,457,94.7,1.05,False,1,2,1,0,78.0,614.0,57.0,1833.0,85.0,1250.0,76.33333333333333,88.0,63.0,1025.0,1880.0,581.0,75.71428571428571,98.0,57.0,1246.571428571429,1880.0,581.0,0.8888888888888888,0.2925478348439073
2023-02-14,westus,Container,88,1747,212,94.7,1.05,False,1,2,1,0,76.0,1812.0,83.0,1324.0,75.0,1973.0,80.33333333333333,88.0,76.0,1759.0,1812.0,1718.0,81.14285714285714,94.0,57.0,1564.142857142857,1812.0,965.0,0.8888888888888888,0.8796576032225579
2023-02-14,southeastasia,VM,97,1849,273,94.7,1.05,False,1,2,1,0,74.0,1693.0,84.0,1543.0,88.0,630.0,81.33333333333333,97.0,73.0,1729.6666666666667,1849.0,1647.0,80.28571428571429,97.0,70.0,1536.142857142857,1849.0,931.0,0.9797979797979798,0.9319556451612904
2023-02-14,eastus,Container,92,1960,357,94.7,1.05,False,1,2,1,0,99.0,1563.0,56.0,1063.0,71.0,568.0,95.66666666666669,99.0,92.0,1711.6666666666667,1960.0,1563.0,82.28571428571429,99.0,56.0,1352.7142857142858,1960.0,838.0,0.9292929292929292,0.9824561403508772
2023-02-14,northeurope,Container,83,1199,362,94.7,1.05,False,1,2,1,0,97.0,1280.0,72.0,1188.0,92.0,541.0,78.0,97.0,54.0,1465.6666666666667,1918.0,1199.0,73.42857142857143,97.0,54.0,1230.571428571429,1918.0,823.0,0.8383838383838383,0.6067813765182186
2023-02-14,eastus,VM,94,1325,448,94.7,1.05,False,1,2,1,0,97.0,1472.0,88.0,1963.0,89.0,1750.0,88.0,97.0,73.0,1099.6666666666667,1472.0,502.0,83.71428571428571,97.0,57.0,1314.2857142857142,1963.0,502.0,0.9494949494949496,0.6651606425702812
2023-02-15,eastus,Storage,69,983,441,100.97,1.1,False,2,2,1,0,80.0,1034.0,84.0,1280.0,59.0,511.0,67.66666666666667,80.0,54.0,1163.0,1472.0,983.0,69.85714285714286,84.0,54.0,1178.7142857142858,1664.0,725.0,0.696969696969697,0.4934738955823293
2023-02-15,westus,Storage,71,973,319,100.97,1.1,False,2,2,1,0,63.0,1088.0,60.0,1451.0,72.0,873.0,62.0,71.0,52.0,1208.0,1563.0,973.0,73.85714285714286,94.0,52.0,1325.571428571429,1889.0,973.0,0.7171717171717171,0.4949135300101729
2023-02-15,northeurope,Container,61,1530,228,100.97,1.1,False,2,2,1,0,83.0,1199.0,54.0,1918.0,65.0,1210.0,80.33333333333333,97.0,61.0,1336.3333333333333,1530.0,1199.0,72.85714285714286,97.0,54.0,1276.2857142857142,1918.0,823.0,0.6161616161616161,0.7742914979757085
2023-02-15,northeurope,VM,96,784,403,100.97,1.1,False,2,2,1,0,95.0,1636.0,61.0,669.0,61.0,988.0,88.0,96.0,73.0,1363.3333333333333,1670.0,784.0,82.85714285714286,96.0,61.0,1303.571428571429,1694.0,669.0,0.9696969696969696,0.3931795386158475
2023-02-15,southeastasia,Container,72,1953,425,100.97,1.1,False,2,2,1,0,64.0,1745.0,75.0,1413.0,56.0,636.0,64.0,72.0,56.0,1443.3333333333333,1953.0,632.0,67.28571428571429,86.0,51.0,1096.2857142857142,1953.0,560.0,0.7272727272727273,0.9819004524886876
2023-02-15,westus,VM,66,1023,392,100.97,1.1,False,2,2,1,0,88.0,581.0,63.0,1880.0,80.0,1160.0,77.33333333333333,88.0,66.0,739.3333333333334,1023.0,581.0,73.71428571428571,98.0,57.0,1227.0,1880.0,581.0,0.6666666666666666,0.5151057401812689
2023-02-15,northeurope,Storage,85,1262,426,100.97,1.1,False,2,2,1,0,66.0,859.0,64.0,539.0,96.0,1811.0,76.0,85.0,66.0,991.0,1262.0,852.0,71.14285714285714,85.0,55.0,775.7142857142857,1262.0,502.0,0.8673469387755102,0.6425661914460286
2023-02-15,westus,Container,67,805,469,100.97,1.1,False,2,2,1,0,88.0,1747.0,77.0,1718.0,57.0,965.0,77.0,88.0,67.0,1454.6666666666667,1812.0,805.0,82.57142857142857,94.0,67.0,1541.2857142857142,1812.0,805.0,0.6767676767676768,0.405337361530715
2023-02-15,southeastasia,VM,60,1556,333,100.97,1.1,False,2,2,1,0,97.0,1849.0,73.0,1647.0,70.0,1609.0,77.0,97.0,60.0,1699.3333333333333,1849.0,1556.0,78.85714285714286,97.0,60.0,1528.571428571429,1849.0,931.0,0.6060606060606061,0.7842741935483871
2023-02-15,southeastasia,Storage,96,578,257,100.97,1.1,False,2,2,1,0,90.0,1747.0,57.0,1774.0,56.0,834.0,87.33333333333333,96.0,76.0,1082.0,1747.0,578.0,83.85714285714286,96.0,57.0,1076.7142857142858,1774.0,515.0,0.9696969696969696,0.2965623396613648
2023-02-15,eastus,VM,78,777,395,100.97,1.1,False,2,2,1,0,94.0,1325.0,73.0,502.0,86.0,1567.0,89.66666666666667,97.0,78.0,1191.3333333333333,1472.0,777.0,82.57142857142857,97.0,57.0,1201.428571428571,1963.0,502.0,0.7878787878787878,0.3900602409638554
2023-02-15,eastus,Container,53,1230,391,100.97,1.1,False,2,2,1,0,92.0,1960.0,96.0,1612.0,73.0,838.0,81.33333333333333,99.0,53.0,1584.3333333333333,1960.0,1230.0,79.42857142857143,99.0,53.0,1408.7142857142858,1960.0,871.0,0.5353535353535354,0.6165413533834586
2023-02-16,southeastasia,Container,61,1794,407,92.98,0.97,False,3,2,1,0,72.0,1953.0,56.0,632.0,51.0,810.0,65.66666666666667,72.0,61.0,1830.6666666666667,1953.0,1745.0,68.71428571428571,86.0,56.0,1236.857142857143,1953.0,560.0,0.6161616161616161,0.9019607843137256
2023-02-16,southeastasia,VM,87,1685,362,92.98,0.97,False,3,2,1,0,60.0,1556.0,74.0,1693.0,78.0,1481.0,81.33333333333333,97.0,60.0,1696.6666666666667,1849.0,1556.0,80.14285714285714,97.0,60.0,1557.7142857142858,1849.0,931.0,0.8787878787878788,0.8492943548387096
2023-02-16,eastus,Container,78,656,274,92.98,0.97,False,3,2,1,0,53.0,1230.0,99.0,1563.0,79.0,871.0,74.33333333333333,92.0,53.0,1282.0,1960.0,656.0,79.28571428571429,99.0,53.0,1378.0,1960.0,656.0,0.7878787878787878,0.3288220551378446
2023-02-16,eastus,Storage,62,538,470,92.98,0.97,False,3,2,1,0,69.0,983.0,54.0,1472.0,78.0,1093.0,70.33333333333333,80.0,62.0,851.6666666666666,1034.0,538.0,67.57142857142857,84.0,54.0,1099.428571428571,1664.0,538.0,0.6262626262626263,0.2700803212851406
2023-02-16,northeurope,Container,55,1976,456,92.98,0.97,False,3,2,1,0,61.0,1530.0,97.0,1280.0,64.0,996.0,66.33333333333333,83.0,55.0,1568.3333333333333,1976.0,1199.0,71.57142857142857,97.0,54.0,1416.2857142857142,1976.0,823.0,0.5555555555555556,1.0
2023-02-16,eastus,VM,78,1015,298,92.98,0.97,False,3,2,1,0,78.0,777.0,97.0,1472.0,57.0,1326.0,83.33333333333333,94.0,78.0,1039.0,1325.0,777.0,85.57142857142857,97.0,73.0,1157.0,1963.0,502.0,0.7878787878787878,0.5095381526104418
2023-02-16,westus,Storage,63,1607,221,92.98,0.97,False,3,2,1,0,71.0,973.0,52.0,1563.0,84.0,1119.0,65.66666666666667,71.0,63.0,1222.6666666666667,1607.0,973.0,70.85714285714286,94.0,52.0,1395.2857142857142,1889.0,973.0,0.6363636363636364,0.8173957273652085
2023-02-16,westus,VM,81,1653,374,92.98,0.97,False,3,2,1,0,66.0,1023.0,78.0,614.0,66.0,1682.0,78.33333333333333,88.0,66.0,1085.6666666666667,1653.0,581.0,75.85714285714286,98.0,57.0,1222.857142857143,1880.0,581.0,0.8181818181818182,0.8323262839879154
2023-02-16,southeastasia,Storage,98,1292,479,92.98,0.97,False,3,2,1,0,96.0,578.0,76.0,921.0,82.0,515.0,94.66666666666669,98.0,90.0,1205.6666666666667,1747.0,578.0,86.14285714285714,98.0,57.0,1187.7142857142858,1774.0,578.0,0.98989898989899,0.6629040533606978
2023-02-16,northeurope,Storage,96,1368,283,92.98,0.97,False,3,2,1,0,85.0,1262.0,77.0,852.0,72.0,863.0,82.33333333333333,96.0,66.0,1163.0,1368.0,859.0,74.57142857142857,96.0,55.0,847.8571428571429,1368.0,502.0,0.979591836734694,0.6965376782077393
2023-02-16,northeurope,VM,77,1488,220,92.98,0.97,False,3,2,1,0,96.0,784.0,73.0,1670.0,86.0,1694.0,89.33333333333333,96.0,77.0,1302.6666666666667,1636.0,784.0,81.57142857142857,96.0,61.0,1274.142857142857,1670.0,669.0,0.7777777777777778,0.7462387161484454
2023-02-16,westus,Container,60,1348,435,92.98,0.97,False,3,2,1,0,67.0,805.0,76.0,1812.0,94.0,1621.0,71.66666666666667,88.0,60.0,1300.0,1747.0,805.0,77.71428571428571,93.0,60.0,1502.2857142857142,1812.0,805.0,0.6060606060606061,0.6787512588116817
2023-02-17,westus,Storage,73,877,245,96.08,0.85,False,4,2,1,0,63.0,1607.0,63.0,1088.0,93.0,1196.0,69.0,73.0,63.0,1152.3333333333333,1607.0,877.0,68.0,94.0,52.0,1349.7142857142858,1889.0,877.0,0.7373737373737373,0.4460834181078331
2023-02-17,westus,Container,64,1676,421,96.08,0.85,False,4,2,1,0,60.0,1348.0,88.0,1747.0,93.0,1762.0,63.66666666666666,67.0,60.0,1276.3333333333333,1676.0,805.0,73.57142857142857,88.0,60.0,1490.0,1812.0,805.0,0.6464646464646465,0.8439073514602216
2023-02-17,eastus,VM,76,1583,344,96.08,0.85,False,4,2,1,0,78.0,1015.0,94.0,1325.0,91.0,1045.0,77.33333333333333,78.0,76.0,1125.0,1583.0,777.0,83.42857142857143,97.0,73.0,1233.857142857143,1963.0,502.0,0.7676767676767676,0.7946787148594378
2023-02-17,westus,VM,99,698,380,96.08,0.85,False,4,2,1,0,81.0,1653.0,88.0,581.0,98.0,976.0,82.0,99.0,66.0,1124.6666666666667,1653.0,698.0,76.0,99.0,57.0,1183.142857142857,1880.0,581.0,1.0,0.351460221550856
2023-02-17,eastus,Storage,78,1832,207,96.08,0.85,False,4,2,1,0,62.0,538.0,80.0,1034.0,62.0,1664.0,69.66666666666667,78.0,62.0,1117.6666666666667,1832.0,538.0,69.85714285714286,84.0,54.0,1123.428571428571,1832.0,538.0,0.7878787878787878,0.9196787148594378
2023-02-17,southeastasia,Storage,60,1587,404,96.08,0.85,False,4,2,1,0,98.0,1292.0,90.0,1747.0,95.0,1084.0,84.66666666666667,98.0,60.0,1152.3333333333333,1587.0,578.0,81.14285714285714,98.0,57.0,1259.571428571429,1774.0,578.0,0.6060606060606061,0.8142637249871729
2023-02-17,northeurope,VM,63,954,472,96.08,0.85,False,4,2,1,0,77.0,1488.0,95.0,1636.0,79.0,1420.0,78.66666666666667,96.0,63.0,1075.3333333333333,1488.0,784.0,79.28571428571429,96.0,61.0,1207.571428571429,1670.0,669.0,0.6363636363636364,0.4784353059177532
2023-02-17,eastus,Container,64,1550,373,96.08,0.85,False,4,2,1,0,78.0,656.0,92.0,1960.0,81.0,1562.0,65.0,78.0,53.0,1145.3333333333333,1550.0,656.0,76.85714285714286,99.0,53.0,1376.2857142857142,1960.0,656.0,0.6464646464646465,0.7769423558897243
2023-02-17,southeastasia,Container,66,571,476,96.08,0.85,False,4,2,1,0,61.0,1794.0,64.0,1745.0,86.0,560.0,66.33333333333333,72.0,61.0,1439.3333333333333,1953.0,571.0,65.85714285714286,75.0,56.0,1238.428571428571,1953.0,561.0,0.6666666666666666,0.2870789341377576
2023-02-17,northeurope,Storage,93,1020,365,96.08,0.85,False,4,2,1,0,96.0,1368.0,66.0,859.0,79.0,502.0,91.33333333333331,96.0,85.0,1216.6666666666667,1368.0,1020.0,76.57142857142857,96.0,55.0,921.8571428571428,1368.0,539.0,0.9489795918367347,0.5193482688391039
2023-02-17,southeastasia,VM,51,1867,271,96.08,0.85,False,4,2,1,0,87.0,1685.0,97.0,1849.0,86.0,931.0,66.0,87.0,51.0,1702.6666666666667,1867.0,1556.0,75.14285714285714,97.0,51.0,1691.428571428571,1867.0,1543.0,0.5151515151515151,0.9410282258064516
2023-02-17,northeurope,Container,97,1516,413,96.08,0.85,False,4,2,1,0,55.0,1976.0,83.0,1199.0,79.0,823.0,71.0,97.0,55.0,1674.0,1976.0,1516.0,74.14285714285714,97.0,54.0,1515.2857142857142,1976.0,1188.0,0.9797979797979798,0.7672064777327935
2023-02-18,northeurope,Container,82,501,424,102.96,1.03,True,5,2,1,1,97.0,1516.0,61.0,1530.0,72.0,1188.0,78.0,97.0,55.0,1331.0,1976.0,501.0,75.57142857142857,97.0,54.0,1417.142857142857,1976.0,501.0,0.8282828282828283,0.2535425101214575
2023-02-18,eastus,VM,67,1843,294,102.96,1.03,True,5,2,1,1,76.0,1583.0,78.0,777.0,88.0,1963.0,73.66666666666667,78.0,67.0,1480.3333333333333,1843.0,1015.0,80.42857142857143,97.0,67.0,1216.7142857142858,1843.0,502.0,0.6767676767676768,0.9252008032128514
2023-02-18,southeastasia,Container,51,1689,289,102.96,1.03,True,5,2,1,1,66.0,571.0,72.0,1953.0,67.0,561.0,59.333333333333336,66.0,51.0,1351.3333333333333,1794.0,571.0,63.57142857142857,75.0,51.0,1399.571428571429,1953.0,571.0,0.5151515151515151,0.8491704374057315
2023-02-18,eastus,Storage,87,510,416,102.96,1.03,True,5,2,1,1,78.0,1832.0,69.0,983.0,62.0,725.0,75.66666666666667,87.0,62.0,960.0,1832.0,510.0,73.42857142857143,87.0,54.0,1092.7142857142858,1832.0,510.0,0.8787878787878788,0.2560240963855422
2023-02-18,westus,Storage,66,1087,245,102.96,1.03,True,5,2,1,1,73.0,877.0,71.0,973.0,94.0,1889.0,67.33333333333333,73.0,63.0,1190.3333333333333,1607.0,877.0,64.0,73.0,52.0,1235.142857142857,1607.0,877.0,0.6666666666666666,0.5528992878942014
2023-02-18,westus,VM,71,1611,240,102.96,1.03,True,5,2,1,1,99.0,698.0,66.0,1023.0,57.0,1833.0,83.66666666666667,99.0,71.0,1320.6666666666667,1653.0,698.0,78.0,99.0,63.0,1151.428571428571,1880.0,581.0,0.7171717171717171,0.8111782477341389
2023-02-18,southeastasia,Storage,75,1417,302,102.96,1.03,True,5,2,1,1,60.0,1587.0,96.0,578.0,91.0,918.0,77.66666666666667,98.0,60.0,1432.0,1587.0,1292.0,78.85714285714286,98.0,57.0,1330.857142857143,1774.0,578.0,0.7575757575757576,0.7270395074397127
2023-02-18,northeurope,VM,71,591,347,102.96,1.03,True,5,2,1,1,63.0,954.0,96.0,784.0,90.0,1252.0,70.33333333333333,77.0,63.0,1011.0,1488.0,591.0,76.57142857142857,96.0,61.0,1113.142857142857,1670.0,591.0,0.7171717171717171,0.2963891675025075
2023-02-18,eastus,Container,82,601,466,102.96,1.03,True,5,2,1,1,64.0,1550.0,53.0,1230.0,56.0,1063.0,74.66666666666667,82.0,64.0,935.6666666666666,1550.0,601.0,80.57142857142857,99.0,53.0,1310.2857142857142,1960.0,601.0,0.8282828282828283,0.3012531328320802
2023-02-18,northeurope,Storage,82,1213,441,102.96,1.03,True,5,2,1,1,93.0,1020.0,85.0,1262.0,55.0,553.0,90.33333333333331,96.0,82.0,1200.3333333333333,1368.0,1020.0,80.42857142857143,96.0,64.0,1016.1428571428572,1368.0,539.0,0.8367346938775511,0.6176171079429735
2023-02-18,southeastasia,VM,82,1088,315,102.96,1.03,True,5,2,1,1,51.0,1867.0,60.0,1556.0,84.0,1543.0,73.33333333333333,87.0,51.0,1546.6666666666667,1867.0,1088.0,74.85714285714286,97.0,51.0,1626.428571428571,1867.0,1088.0,0.8282828282828283,0.5483870967741935
2023-02-18,westus,Container,81,1986,279,102.96,1.03,True,5,2,1,1,64.0,1676.0,67.0,805.0,83.0,1324.0,68.33333333333333,81.0,60.0,1670.0,1986.0,1348.0,73.28571428571429,88.0,60.0,1584.571428571429,1986.0,805.0,0.8181818181818182,1.0
2023-02-19,westus,Storage,81,1052,403,100.05,0.98,True,6,2,1,1,66.0,1087.0,63.0,1607.0,60.0,1451.0,73.33333333333333,81.0,66.0,1005.3333333333334,1087.0,877.0,67.0,81.0,52.0,1178.142857142857,1607.0,877.0,0.8181818181818182,0.5350966429298067
2023-02-19,southeastasia,Storage,90,1373,213,100.05,0.98,True,6,2,1,1,75.0,1417.0,98.0,1292.0,57.0,1774.0,75.0,90.0,60.0,1459.0,1587.0,1373.0,83.57142857142857,98.0,60.0,1273.571428571429,1747.0,578.0,0.9090909090909092,0.7044638276038995
2023-02-19,eastus,Container,55,508,461,100.05,0.98,True,6,2,1,1,82.0,601.0,78.0,656.0,96.0,1612.0,67.0,82.0,55.0,886.3333333333334,1550.0,508.0,74.71428571428571,99.0,53.0,1152.571428571429,1960.0,508.0,0.5555555555555556,0.2546365914786967
2023-02-19,westus,Container,57,1841,283,100.05,0.98,True,6,2,1,1,81.0,1986.0,60.0,1348.0,77.0,1718.0,67.33333333333333,81.0,57.0,1834.3333333333333,1986.0,1676.0,70.42857142857143,88.0,57.0,1602.142857142857,1986.0,805.0,0.5757575757575758,0.9269889224572004
2023-02-19,southeastasia,VM,75,1394,202,100.05,0.98,True,6,2,1,1,82.0,1088.0,87.0,1685.0,73.0,1647.0,69.33333333333333,82.0,51.0,1449.6666666666667,1867.0,1088.0,75.14285714285714,97.0,51.0,1590.2857142857142,1867.0,1088.0,0.7575757575757576,0.7026209677419355
2023-02-19,eastus,VM,95,621,342,100.05,0.98,True,6,2,1,1,67.0,1843.0,78.0,1015.0,73.0,502.0,79.33333333333333,95.0,67.0,1349.0,1843.0,621.0,83.57142857142857,97.0,67.0,1233.7142857142858,1843.0,621.0,0.9595959595959596,0.3117469879518072
2023-02-19,southeastasia,Container,60,1477,211,100.05,0.98,True,6,2,1,1,51.0,1689.0,61.0,1794.0,75.0,1413.0,59.0,66.0,51.0,1245.6666666666667,1689.0,571.0,61.42857142857143,72.0,51.0,1408.7142857142858,1953.0,571.0,0.6060606060606061,0.7425842131724485
2023-02-19,westus,VM,58,1882,422,100.05,0.98,True,6,2,1,1,71.0,1611.0,81.0,1653.0,63.0,1880.0,76.0,99.0,58.0,1397.0,1882.0,698.0,77.28571428571429,99.0,58.0,1151.7142857142858,1882.0,581.0,0.5858585858585859,0.9476334340382678
2023-02-19,eastus,Storage,83,605,322,100.05,0.98,True,6,2,1,1,87.0,510.0,62.0,538.0,84.0,1280.0,82.66666666666667,87.0,78.0,982.3333333333334,1832.0,510.0,73.28571428571429,87.0,54.0,996.2857142857144,1832.0,510.0,0.8383838383838383,0.303714859437751
2023-02-19,northeurope,Container,53,1913,221,100.05,0.98,True,6,2,1,1,82.0,501.0,55.0,1976.0,54.0,1918.0,77.33333333333333,97.0,53.0,1310.0,1913.0,501.0,75.42857142857143,97.0,53.0,1416.428571428571,1976.0,501.0,0.5353535353535354,0.9681174089068826
2023-02-19,northeurope,VM,96,750,206,100.05,0.98,True,6,2,1,1,71.0,591.0,77.0,1488.0,61.0,669.0,76.66666666666667,96.0,63.0,765.0,954.0,591.0,81.57142857142857,96.0,63.0,1124.7142857142858,1670.0,591.0,0.9696969696969696,0.3761283851554663
2023-02-19,northeurope,Storage,60,1607,407,100.05,0.98,True,6,2,1,1,82.0,1213.0,96.0,1368.0,64.0,539.0,78.33333333333333,93.0,60.0,1280.0,1607.0,1020.0,79.85714285714286,96.0,60.0,1168.7142857142858,1607.0,852.0,0.6122448979591837,0.8182281059063137
2023-02-20,westus,Container,67,1413,410,85.85,0.96,False,0,2,1,0,57.0,1841.0,64.0,1676.0,76.0,1812.0,68.33333333333333,81.0,57.0,1746.6666666666667,1986.0,1413.0,69.14285714285714,88.0,57.0,1545.142857142857,1986.0,805.0,0.6767676767676768,0.7114803625377644
2023-02-20,westus,Storage,81,806,499,85.85,0.96,False,0,2,1,0,81.0,1052.0,73.0,877.0,52.0,1563.0,76.0,81.0,66.0,981.6666666666666,1087.0,806.0,71.14285714285714,81.0,63.0,1070.0,1607.0,806.0,0.8181818181818182,0.409969481180061
2023-02-20,northeurope,Storage,52,1423,401,85.85,0.96,False,0,2,1,0,60.0,1607.0,93.0,1020.0,77.0,852.0,64.66666666666667,82.0,52.0,1414.3333333333333,1607.0,1213.0,76.28571428571429,96.0,52.0,1250.2857142857142,1607.0,859.0,0.5306122448979592,0.7245417515274949
2023-02-20,northeurope,Container,84,944,292,85.85,0.96,False,0,2,1,0,53.0,1913.0,97.0,1516.0,97.0,1280.0,73.0,84.0,53.0,1119.3333333333333,1913.0,501.0,73.57142857142857,97.0,53.0,1368.428571428571,1976.0,501.0,0.8484848484848485,0.4777327935222672
2023-02-20,eastus,Container,68,1249,372,85.85,0.96,False,0,2,1,0,55.0,508.0,64.0,1550.0,99.0,1563.0,68.33333333333333,82.0,55.0,786.0,1249.0,508.0,70.28571428571429,92.0,53.0,1107.7142857142858,1960.0,508.0,0.6868686868686869,0.6260651629072682
2023-02-20,eastus,VM,72,1408,224,85.85,0.96,False,0,2,1,0,95.0,621.0,76.0,1583.0,97.0,1472.0,78.0,95.0,67.0,1290.6666666666667,1843.0,621.0,80.0,95.0,67.0,1224.571428571429,1843.0,621.0,0.7272727272727273,0.7068273092369478
2023-02-20,eastus,Storage,94,1766,321,85.85,0.96,False,0,2,1,0,83.0,605.0,78.0,1832.0,54.0,1472.0,88.0,94.0,83.0,960.3333333333334,1766.0,510.0,79.0,94.0,62.0,1038.2857142857142,1832.0,510.0,0.9494949494949496,0.8865461847389559
2023-02-20,westus,VM,57,808,382,85.85,0.96,False,0,2,1,0,58.0,1882.0,99.0,698.0,78.0,614.0,62.0,71.0,57.0,1433.6666666666667,1882.0,808.0,74.28571428571429,99.0,57.0,1179.428571428571,1882.0,581.0,0.5757575757575758,0.4068479355488419
2023-02-20,southeastasia,VM,64,852,412,85.85,0.96,False,0,2,1,0,75.0,1394.0,51.0,1867.0,74.0,1693.0,73.66666666666667,82.0,64.0,1111.3333333333333,1394.0,852.0,73.71428571428571,97.0,51.0,1470.142857142857,1867.0,852.0,0.6464646464646465,0.4294354838709677
2023-02-20,northeurope,VM,71,1048,258,85.85,0.96,False,0,2,1,0,96.0,750.0,63.0,954.0,73.0,1670.0,79.33333333333333,96.0,71.0,796.3333333333334,1048.0,591.0,81.28571428571429,96.0,63.0,1035.857142857143,1636.0,591.0,0.7171717171717171,0.5255767301905717
2023-02-20,southeastasia,Storage,80,1456,223,85.85,0.96,False,0,2,1,0,90.0,1373.0,60.0,1587.0,76.0,921.0,81.66666666666667,90.0,75.0,1415.3333333333333,1456.0,1373.0,84.14285714285714,98.0,60.0,1350.0,1747.0,578.0,0.8080808080808081,0.7470497691123653
2023-02-20,southeastasia,Container,69,1304,203,85.85,0.96,False,0,2,1,0,60.0,1477.0,66.0,571.0,56.0,632.0,60.0,69.0,51.0,1490.0,1689.0,1304.0,63.285714285714285,72.0,51.0,1504.7142857142858,1953.0,571.0,0.696969696969697,0.6556058320764203
2023-02-21,eastus,Container,90,919,449,96.57,0.92,False,1,2,1,0,68.0,1249.0,82.0,601.0,92.0,1960.0,71.0,90.0,55.0,892.0,1249.0,508.0,70.0,90.0,53.0,959.0,1550.0,508.0,0.9090909090909092,0.4606516290726817
2023-02-21,eastus,Storage,73,1446,295,96.57,0.92,False,1,2,1,0,94.0,1766.0,87.0,510.0,80.0,1034.0,83.33333333333333,94.0,73.0,1272.3333333333333,1766.0,605.0,78.0,94.0,62.0,1097.142857142857,1832.0,510.0,0.7373737373737373,0.7259036144578314
2023-02-21,northeurope,Container,85,1251,286,96.57,0.92,False,1,2,1,0,84.0,944.0,82.0,501.0,83.0,1199.0,74.0,85.0,53.0,1369.3333333333333,1913.0,944.0,73.85714285714286,97.0,53.0,1375.857142857143,1976.0,501.0,0.8585858585858586,0.6330971659919028
2023-02-21,southeastasia,VM,91,1439,213,96.57,0.92,False,1,2,1,0,64.0,852.0,82.0,1088.0,97.0,1849.0,76.66666666666667,91.0,64.0,1228.3333333333333,1439.0,852.0,72.85714285714286,91.0,51.0,1411.571428571429,1867.0,852.0,0.9191919191919192,0.7253024193548387
2023-02-21,northeurope,Storage,84,1293,207,96.57,0.92,False,1,2,1,0,52.0,1423.0,82.0,1213.0,66.0,859.0,65.33333333333333,84.0,52.0,1441.0,1607.0,1293.0,78.85714285714286,96.0,52.0,1312.2857142857142,1607.0,1020.0,0.8571428571428571,0.6583503054989817
2023-02-21,eastus,VM,77,1887,219,96.57,0.92,False,1,2,1,0,72.0,1408.0,67.0,1843.0,94.0,1325.0,81.33333333333333,95.0,72.0,1305.3333333333333,1887.0,621.0,77.57142857142857,95.0,67.0,1304.857142857143,1887.0,621.0,0.7777777777777778,0.947289156626506
2023-02-21,northeurope,VM,89,520,424,96.57,0.92,False,1,2,1,0,71.0,1048.0,71.0,591.0,95.0,1636.0,85.33333333333333,96.0,71.0,772.6666666666666,1048.0,520.0,80.42857142857143,96.0,63.0,876.4285714285714,1488.0,520.0,0.898989898989899,0.2607823470411233
2023-02-21,westus,VM,83,1077,461,96.57,0.92,False,1,2,1,0,57.0,808.0,71.0,1611.0,88.0,581.0,66.0,83.0,57.0,1255.6666666666667,1882.0,808.0,73.57142857142857,99.0,57.0,1250.2857142857142,1882.0,698.0,0.8383838383838383,0.5422960725075529
2023-02-21,southeastasia,Storage,63,501,492,96.57,0.92,False,1,2,1,0,80.0,1456.0,75.0,1417.0,90.0,1747.0,77.66666666666667,90.0,63.0,1110.0,1456.0,501.0,80.28571428571429,98.0,60.0,1172.0,1587.0,501.0,0.6363636363636364,0.2570548999486916
2023-02-21,westus,Storage,88,1254,385,96.57,0.92,False,1,2,1,0,81.0,806.0,66.0,1087.0,63.0,1088.0,83.33333333333333,88.0,81.0,1037.3333333333333,1254.0,806.0,74.71428571428571,88.0,63.0,1093.7142857142858,1607.0,806.0,0.8888888888888888,0.6378433367243134
2023-02-21,southeastasia,Container,54,1504,240,96.57,0.92,False,1,2,1,0,69.0,1304.0,51.0,1689.0,64.0,1745.0,61.0,69.0,54.0,1428.3333333333333,1504.0,1304.0,61.85714285714285,72.0,51.0,1470.2857142857142,1953.0,571.0,0.5454545454545454,0.7561588738059326
2023-02-21,westus,Container,61,1760,217,96.57,0.92,False,1,2,1,0,67.0,1413.0,81.0,1986.0,88.0,1747.0,61.66666666666666,67.0,57.0,1671.3333333333333,1841.0,1413.0,65.28571428571429,81.0,57.0,1547.0,1986.0,805.0,0.6161616161616161,0.8862034239677744
2023-02-22,southeastasia,Storage,54,1799,463,98.39,1.04,False,2,2,1,0,63.0,501.0,90.0,1373.0,96.0,578.0,65.66666666666667,80.0,54.0,1252.0,1799.0,501.0,74.28571428571429,98.0,54.0,1346.428571428571,1799.0,501.0,0.5454545454545454,0.923037455105182
2023-02-22,southeastasia,Container,92,1471,200,98.39,1.04,False,2,2,1,0,54.0,1504.0,60.0,1477.0,72.0,1953.0,71.66666666666667,92.0,54.0,1426.3333333333333,1504.0,1304.0,64.71428571428571,92.0,51.0,1401.428571428571,1794.0,571.0,0.9292929292929292,0.7395676219205631
2023-02-22,eastus,VM,96,513,430,98.39,1.04,False,2,2,1,0,77.0,1887.0,95.0,621.0,78.0,777.0,81.66666666666667,96.0,72.0,1269.3333333333333,1887.0,513.0,80.14285714285714,96.0,67.0,1267.142857142857,1887.0,513.0,0.9696969696969696,0.2575301204819277
2023-02-22,northeurope,Storage,60,1533,394,98.39,1.04,False,2,2,1,0,84.0,1293.0,60.0,1607.0,85.0,1262.0,65.33333333333333,84.0,52.0,1416.3333333333333,1533.0,1293.0,75.28571428571429,96.0,52.0,1351.0,1607.0,1020.0,0.6122448979591837,0.7805498981670062
2023-02-22,eastus,Container,88,1337,344,98.39,1.04,False,2,2,1,0,90.0,919.0,55.0,508.0,53.0,1230.0,82.0,90.0,68.0,1168.3333333333333,1337.0,919.0,75.0,90.0,55.0,974.2857142857144,1550.0,508.0,0.8888888888888888,0.6701754385964912
2023-02-22,westus,VM,74,527,265,98.39,1.04,False,2,2,1,0,83.0,1077.0,58.0,1882.0,66.0,1023.0,71.33333333333333,83.0,57.0,804.0,1077.0,527.0,74.71428571428571,99.0,57.0,1179.428571428571,1882.0,527.0,0.7474747474747475,0.2653575025176233
2023-02-22,eastus,Storage,74,1607,329,98.39,1.04,False,2,2,1,0,73.0,1446.0,83.0,605.0,69.0,983.0,80.33333333333333,94.0,73.0,1606.3333333333333,1766.0,1446.0,78.71428571428571,94.0,62.0,1186.2857142857142,1832.0,510.0,0.7474747474747475,0.8067269076305221
2023-02-22,southeastasia,VM,59,1343,456,98.39,1.04,False,2,2,1,0,91.0,1439.0,75.0,1394.0,60.0,1556.0,71.33333333333333,91.0,59.0,1211.3333333333333,1439.0,852.0,72.71428571428571,91.0,51.0,1381.142857142857,1867.0,852.0,0.5959595959595959,0.6769153225806451
2023-02-22,westus,Container,50,1947,363,98.39,1.04,False,2,2,1,0,61.0,1760.0,57.0,1841.0,67.0,805.0,59.333333333333336,67.0,50.0,1706.6666666666667,1947.0,1413.0,62.85714285714285,81.0,50.0,1710.142857142857,1986.0,1348.0,0.5050505050505051,0.9803625377643505
2023-02-22,northeurope,Container,63,1091,292,98.39,1.04,False,2,2,1,0,85.0,1251.0,53.0,1913.0,61.0,1530.0,77.33333333333333,85.0,63.0,1095.3333333333333,1251.0,944.0,74.14285714285714,97.0,53.0,1313.142857142857,1976.0,501.0,0.6363636363636364,0.5521255060728745
2023-02-22,northeurope,VM,94,1418,486,98.39,1.04,False,2,2,1,0,89.0,520.0,96.0,750.0,96.0,784.0,84.66666666666667,94.0,71.0,995.3333333333334,1418.0,520.0,80.14285714285714,96.0,63.0,967.0,1488.0,520.0,0.9494949494949496,0.7111334002006018
2023-02-22,westus,Storage,84,1752,460,98.39,1.04,False,2,2,1,0,88.0,1254.0,81.0,1052.0,71.0,973.0,84.33333333333333,88.0,81.0,1270.6666666666667,1752.0,806.0,76.57142857142857,88.0,63.0,1205.0,1752.0,806.0,0.8484848484848485,0.8911495422177009
2023-02-23,southeastasia,Container,63,1535,475,118.86,1.02,False,3,2,1,0,92.0,1471.0,69.0,1304.0,61.0,1794.0,69.66666666666667,92.0,54.0,1503.3333333333333,1535.0,1471.0,65.0,92.0,51.0,1364.428571428571,1689.0,571.0,0.6363636363636364,0.7717445952740071
2023-02-23,southeastasia,VM,55,984,444,118.86,1.02,False,3,2,1,0,59.0,1343.0,64.0,852.0,87.0,1685.0,68.33333333333333,91.0,55.0,1255.3333333333333,1439.0,984.0,68.14285714285714,91.0,51.0,1281.0,1867.0,852.0,0.5555555555555556,0.4959677419354839
2023-02-23,northeurope,VM,58,1010,492,118.86,1.02,False,3,2,1,0,94.0,1418.0,71.0,1048.0,77.0,1488.0,80.33333333333333,94.0,58.0,982.6666666666666,1418.0,520.0,77.42857142857143,96.0,58.0,898.7142857142857,1418.0,520.0,0.5858585858585859,0.506519558676028
2023-02-23,eastus,VM,69,1807,320,118.86,1.02,False,3,2,1,0,96.0,513.0,72.0,1408.0,78.0,1015.0,80.66666666666667,96.0,69.0,1402.3333333333333,1887.0,513.0,78.85714285714286,96.0,67.0,1380.2857142857142,1887.0,513.0,0.696969696969697,0.9071285140562249
2023-02-23,westus,VM,93,655,406,118.86,1.02,False,3,2,1,0,74.0,527.0,57.0,808.0,81.0,1653.0,83.33333333333333,93.0,74.0,753.0,1077.0,527.0,76.42857142857143,99.0,57.0,1036.857142857143,1882.0,527.0,0.9393939393939394,0.3298086606243706
2023-02-23,eastus,Container,86,804,319,118.86,1.02,False,3,2,1,0,88.0,1337.0,68.0,1249.0,78.0,656.0,88.0,90.0,86.0,1020.0,1337.0,804.0,76.14285714285714,90.0,55.0,995.4285714285714,1550.0,508.0,0.8686868686868687,0.4030075187969925
2023-02-23,northeurope,Container,50,618,234,118.86,1.02,False,3,2,1,0,63.0,1091.0,84.0,944.0,55.0,1976.0,66.0,85.0,50.0,986.6666666666666,1251.0,618.0,73.42857142857143,97.0,50.0,1119.142857142857,1913.0,501.0,0.5050505050505051,0.3127530364372469
2023-02-23,westus,Container,69,833,329,118.86,1.02,False,3,2,1,0,50.0,1947.0,67.0,1413.0,60.0,1348.0,60.0,69.0,50.0,1513.3333333333333,1947.0,833.0,64.14285714285714,81.0,50.0,1636.571428571429,1986.0,833.0,0.696969696969697,0.4194360523665659
2023-02-23,southeastasia,Storage,54,1684,378,118.86,1.02,False,3,2,1,0,54.0,1799.0,80.0,1456.0,98.0,1292.0,57.0,63.0,54.0,1328.0,1799.0,501.0,68.0,90.0,54.0,1402.428571428571,1799.0,501.0,0.5454545454545454,0.8640328373524885
2023-02-23,eastus,Storage,92,1186,403,118.86,1.02,False,3,2,1,0,74.0,1607.0,94.0,1766.0,62.0,538.0,79.66666666666667,92.0,73.0,1413.0,1607.0,1186.0,83.0,94.0,73.0,1278.857142857143,1832.0,510.0,0.9292929292929292,0.5953815261044176
2023-02-23,westus,Storage,55,1119,450,118.86,1.02,False,3,2,1,0,84.0,1752.0,81.0,806.0,63.0,1607.0,75.66666666666667,88.0,55.0,1375.0,1752.0,1119.0,75.42857142857143,88.0,55.0,1135.2857142857142,1752.0,806.0,0.5555555555555556,0.569175991861648
2023-02-23,northeurope,Storage,69,781,484,118.86,1.02,False,3,2,1,0,60.0,1533.0,52.0,1423.0,96.0,1368.0,71.0,84.0,60.0,1202.3333333333333,1533.0,781.0,71.42857142857143,93.0,52.0,1267.142857142857,1607.0,781.0,0.7040816326530612,0.3976578411405295
2023-02-24,southeastasia,Container,75,926,313,102.58,0.99,False,4,2,1,0,63.0,1535.0,54.0,1504.0,66.0,571.0,76.66666666666667,92.0,63.0,1310.6666666666667,1535.0,926.0,66.28571428571429,92.0,51.0,1415.142857142857,1689.0,926.0,0.7575757575757576,0.465560583207642
2023-02-24,westus,Storage,72,1951,493,102.58,0.99,False,4,2,1,0,55.0,1119.0,88.0,1254.0,73.0,877.0,70.33333333333333,84.0,55.0,1607.3333333333333,1951.0,1119.0,75.28571428571429,88.0,55.0,1288.7142857142858,1951.0,806.0,0.7272727272727273,0.9923702950152594
2023-02-24,southeastasia,Storage,83,1716,318,102.58,0.99,False,4,2,1,0,54.0,1684.0,63.0,501.0,60.0,1587.0,63.66666666666666,83.0,54.0,1733.0,1799.0,1684.0,71.28571428571429,90.0,54.0,1420.857142857143,1799.0,501.0,0.8383838383838383,0.8804515135967163
2023-02-24,northeurope,Container,57,1168,204,102.58,0.99,False,4,2,1,0,50.0,618.0,85.0,1251.0,97.0,1516.0,56.66666666666666,63.0,50.0,959.0,1168.0,618.0,67.71428571428571,85.0,50.0,1069.428571428571,1913.0,501.0,0.5757575757575758,0.5910931174089069
2023-02-24,eastus,VM,99,1739,450,102.58,0.99,False,4,2,1,0,69.0,1807.0,77.0,1887.0,76.0,1583.0,88.0,99.0,69.0,1353.0,1807.0,513.0,82.14285714285714,99.0,67.0,1402.571428571429,1887.0,513.0,1.0,0.8729919678714859
2023-02-24,southeastasia,VM,96,585,374,102.58,0.99,False,4,2,1,0,55.0,984.0,91.0,1439.0,51.0,1867.0,70.0,96.0,55.0,970.6666666666666,1343.0,585.0,74.57142857142857,96.0,55.0,1097.857142857143,1439.0,585.0,0.9696969696969696,0.2948588709677419
2023-02-24,northeurope,Storage,57,1864,328,102.58,0.99,False,4,2,1,0,69.0,781.0,84.0,1293.0,93.0,1020.0,62.0,69.0,57.0,1392.6666666666667,1864.0,781.0,66.28571428571429,84.0,52.0,1387.7142857142858,1864.0,781.0,0.5816326530612245,0.9490835030549898
2023-02-24,eastus,Storage,92,625,416,102.58,0.99,False,4,2,1,0,92.0,1186.0,73.0,1446.0,78.0,1832.0,86.0,92.0,74.0,1139.3333333333333,1607.0,625.0,85.0,94.0,73.0,1106.428571428571,1766.0,510.0,0.9292929292929292,0.3137550200803213
2023-02-24,eastus,Container,99,1708,238,102.58,0.99,False,4,2,1,0,86.0,804.0,90.0,919.0,64.0,1550.0,91.0,99.0,86.0,1283.0,1708.0,804.0,81.14285714285714,99.0,55.0,1018.0,1708.0,508.0,1.0,0.856140350877193
2023-02-24,westus,Container,69,650,325,102.58,0.99,False,4,2,1,0,69.0,833.0,61.0,1760.0,64.0,1676.0,62.66666666666666,69.0,50.0,1143.3333333333333,1947.0,650.0,64.85714285714286,81.0,50.0,1490.0,1986.0,650.0,0.696969696969697,0.3272910372608257
2023-02-24,westus,VM,80,1707,377,102.58,0.99,False,4,2,1,0,93.0,655.0,83.0,1077.0,99.0,698.0,82.33333333333333,93.0,74.0,963.0,1707.0,527.0,73.71428571428571,93.0,57.0,1181.0,1882.0,527.0,0.8080808080808081,0.8595166163141994
2023-02-24,northeurope,VM,94,807,433,102.58,0.99,False,4,2,1,0,58.0,1010.0,89.0,520.0,63.0,954.0,82.0,94.0,58.0,1078.3333333333333,1418.0,807.0,81.85714285714286,96.0,58.0,877.7142857142857,1418.0,520.0,0.9494949494949496,0.4047141424272818
2023-02-25,eastus,Storage,57,802,431,80.81,1.0,True,5,2,1,1,92.0,625.0,74.0,1607.0,87.0,510.0,80.33333333333333,92.0,57.0,871.0,1186.0,625.0,80.71428571428571,94.0,57.0,1148.142857142857,1766.0,605.0,0.5757575757575758,0.4026104417670683
2023-02-25,eastus,VM,67,1668,225,80.81,1.0,True,5,2,1,1,99.0,1739.0,96.0,513.0,67.0,1843.0,78.33333333333333,99.0,67.0,1738.0,1807.0,1668.0,82.14285714285714,99.0,67.0,1377.571428571429,1887.0,513.0,0.6767676767676768,0.8373493975903614
2023-02-25,westus,Container,90,1743,391,80.81,1.0,True,5,2,1,1,69.0,650.0,50.0,1947.0,81.0,1986.0,76.0,90.0,69.0,1075.3333333333333,1743.0,650.0,66.14285714285714,90.0,50.0,1455.2857142857142,1947.0,650.0,0.9090909090909092,0.877643504531722
2023-02-25,southeastasia,Storage,87,993,331,80.81,1.0,True,5,2,1,1,83.0,1716.0,54.0,1799.0,75.0,1417.0,74.66666666666667,87.0,54.0,1464.3333333333333,1716.0,993.0,73.0,90.0,54.0,1360.2857142857142,1799.0,501.0,0.8787878787878788,0.5094920472036942
2023-02-25,eastus,Container,98,1087,488,80.81,1.0,True,5,2,1,1,99.0,1708.0,88.0,1337.0,82.0,601.0,94.33333333333331,99.0,86.0,1199.6666666666667,1708.0,804.0,83.42857142857143,99.0,55.0,1087.428571428571,1708.0,508.0,0.98989898989899,0.5448621553884712
2023-02-25,northeurope,Container,62,1084,444,80.81,1.0,True,5,2,1,1,57.0,1168.0,63.0,1091.0,82.0,501.0,56.333333333333336,62.0,50.0,956.6666666666666,1168.0,618.0,64.85714285714286,85.0,50.0,1152.7142857142858,1913.0,618.0,0.6262626262626263,0.548582995951417
2023-02-25,northeurope,VM,55,1074,272,80.81,1.0,True,5,2,1,1,94.0,807.0,94.0,1418.0,71.0,591.0,69.0,94.0,55.0,963.6666666666666,1074.0,807.0,79.57142857142857,96.0,55.0,946.7142857142856,1418.0,520.0,0.5555555555555556,0.5386158475426279
2023-02-25,southeastasia,VM,62,1682,297,80.81,1.0,True,5,2,1,1,96.0,585.0,59.0,1343.0,82.0,1088.0,71.0,96.0,55.0,1083.6666666666667,1682.0,585.0,71.71428571428571,96.0,55.0,1182.7142857142858,1682.0,585.0,0.6262626262626263,0.8477822580645161
2023-02-25,northeurope,Storage,82,1612,375,80.81,1.0,True,5,2,1,1,57.0,1864.0,60.0,1533.0,82.0,1213.0,69.33333333333333,82.0,57.0,1419.0,1864.0,781.0,66.28571428571429,84.0,52.0,1444.7142857142858,1864.0,781.0,0.8367346938775511,0.8207739307535642
2023-02-25,westus,VM,50,1670,486,80.81,1.0,True,5,2,1,1,80.0,1707.0,74.0,527.0,71.0,1611.0,74.33333333333333,93.0,50.0,1344.0,1707.0,655.0,70.71428571428571,93.0,50.0,1189.428571428571,1882.0,527.0,0.5050505050505051,0.8408862034239678
2023-02-25,southeastasia,Container,87,518,281,80.81,1.0,True,5,2,1,1,75.0,926.0,92.0,1471.0,51.0,1689.0,75.0,87.0,63.0,993.0,1535.0,518.0,71.42857142857143,92.0,54.0,1247.857142857143,1535.0,518.0,0.8787878787878788,0.2604323780794369
2023-02-25,westus,Storage,65,1576,268,80.81,1.0,True,5,2,1,1,72.0,1951.0,84.0,1752.0,66.0,1087.0,64.0,72.0,55.0,1548.6666666666667,1951.0,1119.0,75.14285714285714,88.0,55.0,1358.571428571429,1951.0,806.0,0.6565656565656566,0.8016276703967447
2023-02-26,southeastasia,VM,52,584,481,100.6,1.25,True,6,2,1,1,62.0,1682.0,55.0,984.0,75.0,1394.0,70.0,96.0,52.0,950.3333333333334,1682.0,584.0,68.42857142857143,96.0,52.0,1067.0,1682.0,584.0,0.5252525252525253,0.2943548387096774
2023-02-26,westus,VM,70,1588,275,100.6,1.25,True,6,2,1,1,50.0,1670.0,93.0,655.0,58.0,1882.0,66.66666666666667,80.0,50.0,1655.0,1707.0,1588.0,72.42857142857143,93.0,50.0,1147.428571428571,1707.0,527.0,0.7070707070707071,0.7995971802618328
2023-02-26,northeurope,VM,98,790,301,100.6,1.25,True,6,2,1,1,55.0,1074.0,58.0,1010.0,96.0,750.0,82.33333333333333,98.0,55.0,890.3333333333334,1074.0,790.0,79.85714285714286,98.0,55.0,952.4285714285714,1418.0,520.0,0.98989898989899,0.3961885656970912
2023-02-26,eastus,Container,73,1321,288,100.6,1.25,True,6,2,1,1,98.0,1087.0,86.0,804.0,55.0,508.0,90.0,99.0,73.0,1372.0,1708.0,1087.0,86.0,99.0,68.0,1203.571428571429,1708.0,804.0,0.7373737373737373,0.6621553884711779
2023-02-26,southeastasia,Storage,57,1315,316,100.6,1.25,True,6,2,1,1,87.0,993.0,54.0,1684.0,90.0,1373.0,75.66666666666667,87.0,57.0,1341.3333333333333,1716.0,993.0,68.28571428571429,87.0,54.0,1352.0,1799.0,501.0,0.5757575757575758,0.6747049769112365
2023-02-26,northeurope,Container,63,1341,464,100.6,1.25,True,6,2,1,1,62.0,1084.0,50.0,618.0,53.0,1913.0,60.66666666666666,63.0,57.0,1197.6666666666667,1341.0,1084.0,66.28571428571429,85.0,50.0,1071.0,1341.0,618.0,0.6363636363636364,0.6786437246963563
2023-02-26,westus,Storage,56,642,292,100.6,1.25,True,6,2,1,1,65.0,1576.0,55.0,1119.0,81.0,1052.0,64.33333333333333,72.0,56.0,1389.6666666666667,1951.0,642.0,71.57142857142857,88.0,55.0,1300.0,1951.0,642.0,0.5656565656565656,0.3265513733468972
2023-02-26,northeurope,Storage,75,1790,309,100.6,1.25,True,6,2,1,1,82.0,1612.0,69.0,781.0,60.0,1607.0,71.33333333333333,82.0,57.0,1755.3333333333333,1864.0,1612.0,68.42857142857143,84.0,52.0,1470.857142857143,1864.0,781.0,0.7653061224489796,0.9114052953156824
2023-02-26,eastus,VM,62,1500,478,100.6,1.25,True,6,2,1,1,67.0,1668.0,69.0,1807.0,95.0,621.0,76.0,99.0,62.0,1635.6666666666667,1739.0,1500.0,77.42857142857143,99.0,62.0,1503.142857142857,1887.0,513.0,0.6262626262626263,0.7530120481927711
2023-02-26,westus,Container,74,1940,423,100.6,1.25,True,6,2,1,1,90.0,1743.0,69.0,833.0,57.0,1841.0,77.66666666666667,90.0,69.0,1444.3333333333333,1940.0,650.0,68.57142857142857,90.0,50.0,1469.428571428571,1947.0,650.0,0.7474747474747475,0.9768378650553876
2023-02-26,southeastasia,Container,78,1677,352,100.6,1.25,True,6,2,1,1,87.0,518.0,63.0,1535.0,60.0,1477.0,80.0,87.0,75.0,1040.3333333333333,1677.0,518.0,74.0,92.0,54.0,1276.428571428571,1677.0,518.0,0.7878787878787878,0.8431372549019608
2023-02-26,eastus,Storage,68,1888,328,100.6,1.25,True,6,2,1,1,57.0,802.0,92.0,1186.0,83.0,605.0,72.33333333333333,92.0,57.0,1105.0,1888.0,625.0,78.57142857142857,94.0,57.0,1331.428571428571,1888.0,625.0,0.6868686868686869,0.9477911646586346
2023-02-27,northeurope,Container,63,1463,251,98.08,1.03,False,0,2,1,0,63.0,1341.0,57.0,1168.0,84.0,944.0,62.66666666666666,63.0,62.0,1296.0,1463.0,1084.0,63.285714285714285,85.0,50.0,1145.142857142857,1463.0,618.0,0.6363636363636364,0.7403846153846154
2023-02-27,northeurope,Storage,71,1286,489,98.08,1.03,False,0,2,1,0,75.0,1790.0,57.0,1864.0,52.0,1423.0,76.0,82.0,71.0,1562.6666666666667,1790.0,1286.0,71.14285714285714,84.0,57.0,1451.2857142857142,1864.0,781.0,0.7244897959183674,0.654786150712831
2023-02-27,southeastasia,VM,95,1250,355,98.08,1.03,False,0,2,1,0,52.0,584.0,96.0,585.0,64.0,852.0,69.66666666666667,95.0,52.0,1172.0,1682.0,584.0,72.85714285714286,96.0,52.0,1123.857142857143,1682.0,584.0,0.9595959595959596,0.6300403225806451
2023-02-27,southeastasia,Container,85,1169,345,98.08,1.03,False,0,2,1,0,78.0,1677.0,75.0,926.0,69.0,1304.0,83.33333333333333,87.0,78.0,1121.3333333333333,1677.0,518.0,76.28571428571429,92.0,54.0,1257.142857142857,1677.0,518.0,0.8585858585858586,0.5877325289089995
2023-02-27,westus,Storage,64,1292,491,98.08,1.03,False,0,2,1,0,56.0,642.0,72.0,1951.0,81.0,806.0,61.66666666666666,65.0,56.0,1170.0,1576.0,642.0,69.14285714285714,88.0,55.0,1369.428571428571,1951.0,642.0,0.6464646464646465,0.6571719226856562
2023-02-27,southeastasia,Storage,84,1667,305,98.08,1.03,False,0,2,1,0,57.0,1315.0,83.0,1716.0,80.0,1456.0,76.0,87.0,57.0,1325.0,1667.0,993.0,68.85714285714286,87.0,54.0,1382.142857142857,1799.0,501.0,0.8484848484848485,0.8553104155977425
2023-02-27,westus,VM,72,1118,316,98.08,1.03,False,0,2,1,0,70.0,1588.0,80.0,1707.0,57.0,808.0,64.0,72.0,50.0,1458.6666666666667,1670.0,1118.0,74.57142857142857,93.0,50.0,1191.7142857142858,1707.0,527.0,0.7272727272727273,0.5629405840886204
2023-02-27,westus,Container,60,550,470,98.08,1.03,False,0,2,1,0,74.0,1940.0,69.0,650.0,67.0,1413.0,74.66666666666667,90.0,60.0,1411.0,1940.0,550.0,67.57142857142857,90.0,50.0,1346.142857142857,1947.0,550.0,0.6060606060606061,0.2769385699899295
2023-02-27,eastus,VM,61,1656,492,98.08,1.03,False,0,2,1,0,62.0,1500.0,99.0,1739.0,72.0,1408.0,63.333333333333336,67.0,61.0,1608.0,1668.0,1500.0,75.85714285714286,99.0,61.0,1538.571428571429,1887.0,513.0,0.6161616161616161,0.8313253012048193
2023-02-27,northeurope,VM,53,1288,340,98.08,1.03,False,0,2,1,0,98.0,790.0,94.0,807.0,71.0,1048.0,68.66666666666667,98.0,53.0,1050.6666666666667,1288.0,790.0,77.28571428571429,98.0,53.0,986.7142857142856,1418.0,520.0,0.5353535353535354,0.645937813440321
2023-02-27,eastus,Container,64,542,220,98.08,1.03,False,0,2,1,0,73.0,1321.0,99.0,1708.0,68.0,1249.0,78.33333333333333,98.0,64.0,983.3333333333334,1321.0,542.0,85.42857142857143,99.0,64.0,1102.571428571429,1708.0,542.0,0.6464646464646465,0.2716791979949874
2023-02-27,eastus,Storage,64,1823,427,98.08,1.03,False,0,2,1,0,68.0,1888.0,92.0,625.0,94.0,1766.0,63.0,68.0,57.0,1504.3333333333333,1888.0,802.0,74.28571428571429,92.0,57.0,1339.571428571429,1888.0,625.0,0.6464646464646465,0.9151606425702812
2023-02-28,northeurope,VM,85,1607,462,99.65,0.88,False,1,2,1,0,53.0,1288.0,55.0,1074.0,89.0,520.0,78.66666666666667,98.0,53.0,1228.3333333333333,1607.0,790.0,76.71428571428571,98.0,53.0,1142.0,1607.0,790.0,0.8585858585858586,0.8059177532597793
2023-02-28,southeastasia,VM,71,1641,476,99.65,0.88,False,1,2,1,0,95.0,1250.0,62.0,1682.0,91.0,1439.0,72.66666666666667,95.0,52.0,1158.3333333333333,1641.0,584.0,70.0,96.0,52.0,1152.7142857142858,1682.0,584.0,0.7171717171717171,0.827116935483871
2023-02-28,westus,Storage,56,1458,440,99.65,0.88,False,1,2,1,0,64.0,1292.0,65.0,1576.0,88.0,1254.0,58.66666666666666,64.0,56.0,1130.6666666666667,1458.0,642.0,64.57142857142857,84.0,55.0,1398.571428571429,1951.0,642.0,0.5656565656565656,0.7416073245167853
2023-02-28,southeastasia,Container,58,509,320,99.65,0.88,False,1,2,1,0,85.0,1169.0,87.0,518.0,54.0,1504.0,73.66666666666667,85.0,58.0,1118.3333333333333,1677.0,509.0,76.85714285714286,92.0,58.0,1115.0,1677.0,509.0,0.5858585858585859,0.2559074912016088
2023-02-28,eastus,VM,51,1088,331,99.65,0.88,False,1,2,1,0,61.0,1656.0,67.0,1668.0,77.0,1887.0,58.0,62.0,51.0,1414.6666666666667,1656.0,1088.0,72.14285714285714,99.0,51.0,1424.428571428571,1807.0,513.0,0.5151515151515151,0.5461847389558233
2023-02-28,southeastasia,Storage,71,1743,225,99.65,0.88,False,1,2,1,0,84.0,1667.0,87.0,993.0,63.0,501.0,70.66666666666667,84.0,57.0,1575.0,1743.0,1315.0,70.0,87.0,54.0,1559.571428571429,1799.0,993.0,0.7171717171717171,0.8943047716777834
2023-02-28,eastus,Storage,75,1868,462,99.65,0.88,False,1,2,1,0,64.0,1823.0,57.0,802.0,73.0,1446.0,69.0,75.0,64.0,1859.6666666666667,1888.0,1823.0,74.57142857142857,92.0,57.0,1399.857142857143,1888.0,625.0,0.7575757575757576,0.9377510040160644
2023-02-28,eastus,Container,80,1631,273,99.65,0.88,False,1,2,1,0,64.0,542.0,98.0,1087.0,90.0,919.0,72.33333333333333,80.0,64.0,1164.6666666666667,1631.0,542.0,84.0,99.0,64.0,1204.2857142857142,1708.0,542.0,0.8080808080808081,0.8175438596491228
2023-02-28,northeurope,Container,91,1058,340,99.65,0.88,False,1,2,1,0,63.0,1463.0,62.0,1084.0,85.0,1251.0,72.33333333333333,91.0,63.0,1287.3333333333333,1463.0,1058.0,64.14285714285714,91.0,50.0,1117.571428571429,1463.0,618.0,0.9191919191919192,0.5354251012145749
2023-02-28,westus,Container,91,944,497,99.65,0.88,False,1,2,1,0,60.0,550.0,90.0,1743.0,61.0,1760.0,75.0,91.0,60.0,1144.6666666666667,1940.0,550.0,71.85714285714286,91.0,50.0,1229.571428571429,1947.0,550.0,0.9191919191919192,0.4753272910372608
2023-02-28,northeurope,Storage,50,1695,372,99.65,0.88,False,1,2,1,0,71.0,1286.0,82.0,1612.0,84.0,1293.0,65.33333333333333,75.0,50.0,1590.3333333333333,1790.0,1286.0,66.28571428571429,82.0,50.0,1508.7142857142858,1864.0,781.0,0.5102040816326531,0.8630346232179226
2023-02-28,westus,VM,88,1408,358,99.65,0.88,False,1,2,1,0,72.0,1118.0,50.0,1670.0,83.0,1077.0,76.66666666666667,88.0,70.0,1371.3333333333333,1588.0,1118.0,75.28571428571429,93.0,50.0,1239.0,1707.0,527.0,0.8888888888888888,0.7089627391742196
