date,region,resource_type,usage_cpu,usage_storage,users_active,economic_index,cloud_market_demand,holiday,cpu_utilization,storage_efficiency,month,day_of_week,is_weekend,quarter,cpu_lag_1,cpu_lag_7,cpu_rolling_7,cpu_rolling_30
2023-01-01,East US,VM,88,1959,470,104.97,0.99,1,0.8888888888888888,0.9819548872180451,1,6,1,1,88.0,88.0,88.0,88.0
2023-01-01,Southeast Asia,Container,77,1199,470,104.97,0.99,1,0.7777777777777778,0.6010025062656642,1,6,1,1,88.0,88.0,82.5,82.5
2023-01-01,Southeast Asia,Storage,76,1582,369,104.97,0.99,1,0.7676767676767676,0.7929824561403509,1,6,1,1,77.0,88.0,80.33333333333333,80.33333333333333
2023-01-01,Southeast Asia,VM,93,1356,248,104.97,0.99,1,0.9393939393939394,0.6796992481203008,1,6,1,1,76.0,88.0,83.5,83.5
2023-01-01,North Europe,Storage,51,1715,476,104.97,0.99,1,0.5151515151515151,0.8596491228070176,1,6,1,1,93.0,88.0,77.0,77.0
2023-01-01,North Europe,VM,73,1937,493,104.97,0.99,1,0.7373737373737373,0.9709273182957393,1,6,1,1,51.0,88.0,76.33333333333333,76.33333333333333
2023-01-01,North Europe,Container,82,959,221,104.97,0.99,1,0.8282828282828283,0.4807017543859649,1,6,1,1,73.0,88.0,77.14285714285714,77.14285714285714
2023-01-01,West US,Storage,85,1371,351,104.97,0.99,1,0.8585858585858586,0.687218045112782,1,6,1,1,82.0,88.0,76.71428571428571,78.125
2023-01-01,West US,VM,60,1982,287,104.97,0.99,1,0.6060606060606061,0.993483709273183,1,6,1,1,85.0,77.0,74.28571428571429,76.11111111111111
2023-01-01,East US,Container,70,621,414,104.97,0.99,1,0.7070707070707071,0.3112781954887218,1,6,1,1,60.0,76.0,73.42857142857143,75.5
2023-01-01,East US,Storage,92,1595,388,104.97,0.99,1,0.9292929292929293,0.7994987468671679,1,6,1,1,70.0,93.0,73.28571428571429,77.0
2023-01-01,West US,Container,52,1832,457,104.97,0.99,1,0.5252525252525253,0.9182957393483709,1,6,1,1,92.0,51.0,73.42857142857143,74.91666666666667
2023-01-02,North Europe,Storage,96,1455,463,106.48,1.15,0,0.9696969696969697,0.7293233082706767,1,0,0,1,52.0,73.0,76.71428571428571,76.53846153846153
2023-01-02,Southeast Asia,Container,53,1202,417,106.48,1.15,0,0.5353535353535354,0.6025062656641604,1,0,0,1,96.0,82.0,72.57142857142857,74.85714285714286
2023-01-02,Southeast Asia,Storage,55,1065,305,106.48,1.15,0,0.5555555555555556,0.5338345864661654,1,0,0,1,53.0,85.0,68.28571428571429,73.53333333333333
2023-01-02,Southeast Asia,VM,66,1911,201,106.48,1.15,0,0.6666666666666666,0.9578947368421052,1,0,0,1,55.0,60.0,69.14285714285714,73.0625
2023-01-02,North Europe,Container,96,534,405,106.48,1.15,0,0.9696969696969697,0.26766917293233083,1,0,0,1,66.0,70.0,72.85714285714286,74.41176470588235
2023-01-02,North Europe,VM,51,1863,291,106.48,1.15,0,0.5151515151515151,0.9338345864661655,1,0,0,1,96.0,92.0,67.0,73.11111111111111
2023-01-02,East US,Container,86,1146,220,106.48,1.15,0,0.8686868686868687,0.5744360902255639,1,0,0,1,51.0,52.0,71.85714285714286,73.78947368421052
2023-01-02,West US,Storage,53,1100,213,106.48,1.15,0,0.5353535353535354,0.5513784461152882,1,0,0,1,86.0,96.0,65.71428571428571,72.75
2023-01-02,West US,VM,58,666,473,106.48,1.15,0,0.5858585858585859,0.33383458646616543,1,0,0,1,53.0,53.0,66.42857142857143,72.04761904761905
2023-01-02,East US,Storage,93,1767,330,106.48,1.15,0,0.9393939393939394,0.8857142857142857,1,0,0,1,58.0,55.0,71.85714285714286,73.0
2023-01-02,East US,VM,96,1457,250,106.48,1.15,0,0.9696969696969697,0.7303258145363408,1,0,0,1,93.0,66.0,76.14285714285714,74.0
2023-01-02,West US,Container,99,1276,252,106.48,1.15,0,1.0,0.6395989974937344,1,0,0,1,96.0,96.0,76.57142857142857,75.04166666666667
2023-01-03,North Europe,Storage,64,564,208,97.66,0.98,0,0.6464646464646465,0.28270676691729324,1,1,0,1,99.0,51.0,78.42857142857143,74.6
2023-01-03,Southeast Asia,Container,84,788,460,97.66,0.98,0,0.8484848484848485,0.3949874686716792,1,1,0,1,64.0,86.0,78.14285714285714,74.96153846153847
2023-01-03,Southeast Asia,Storage,66,891,362,97.66,0.98,0,0.6666666666666666,0.44661654135338347,1,1,0,1,84.0,53.0,80.0,74.62962962962963
2023-01-03,Southeast Asia,VM,73,1586,338,97.66,0.98,0,0.7373737373737373,0.7949874686716792,1,1,0,1,66.0,58.0,82.14285714285714,74.57142857142857
2023-01-03,North Europe,VM,94,1564,356,97.66,0.98,0,0.9494949494949495,0.7839598997493734,1,1,0,1,73.0,93.0,82.28571428571429,75.24137931034483
2023-01-03,North Europe,Container,73,1652,335,97.66,0.98,0,0.7373737373737373,0.8280701754385965,1,1,0,1,94.0,96.0,79.0,75.16666666666667
2023-01-03,West US,Storage,67,1378,252,97.66,0.98,0,0.6767676767676768,0.6907268170426065,1,1,0,1,73.0,99.0,74.42857142857143,74.46666666666667
2023-01-03,West US,VM,89,1219,436,97.66,0.98,0,0.898989898989899,0.6110275689223058,1,1,0,1,67.0,64.0,78.0,74.86666666666666
2023-01-03,West US,Container,73,716,451,97.66,0.98,0,0.7373737373737373,0.35889724310776944,1,1,0,1,89.0,84.0,76.42857142857143,74.76666666666667
2023-01-03,East US,Container,57,1985,414,97.66,0.98,0,0.5757575757575758,0.9949874686716792,1,1,0,1,73.0,66.0,75.14285714285714,73.56666666666666
2023-01-03,East US,Storage,85,769,470,97.66,0.98,0,0.8585858585858586,0.3854636591478697,1,1,0,1,57.0,73.0,76.85714285714286,74.7
2023-01-03,East US,VM,93,661,401,97.66,0.98,0,0.9393939393939394,0.331328320802005,1,1,0,1,85.0,94.0,76.71428571428571,75.36666666666666
2023-01-04,Southeast Asia,Storage,75,1391,378,115.79,1.08,0,0.7575757575757576,0.6972431077694236,1,2,0,1,93.0,73.0,77.0,75.13333333333334
2023-01-04,Southeast Asia,VM,58,706,214,115.79,1.08,0,0.5858585858585859,0.35388471177944864,1,2,0,1,75.0,67.0,75.71428571428571,74.23333333333333
2023-01-04,North Europe,Container,63,1370,482,115.79,1.08,0,0.6363636363636364,0.6867167919799498,1,2,0,1,58.0,89.0,72.0,74.33333333333333
2023-01-04,North Europe,Storage,50,1528,417,115.79,1.08,0,0.5050505050505051,0.7659147869674185,1,2,0,1,63.0,73.0,68.71428571428571,73.66666666666667
2023-01-04,North Europe,VM,50,1112,330,115.79,1.08,0,0.5050505050505051,0.5573934837092732,1,2,0,1,50.0,57.0,67.71428571428571,72.26666666666667
2023-01-04,Southeast Asia,Container,81,1242,440,115.79,1.08,0,0.8181818181818182,0.6225563909774436,1,2,0,1,50.0,85.0,67.14285714285714,73.23333333333333
2023-01-04,West US,Storage,73,1304,298,115.79,1.08,0,0.7373737373737373,0.6536340852130326,1,2,0,1,81.0,93.0,64.28571428571429,72.46666666666667
2023-01-04,West US,VM,97,1002,261,115.79,1.08,0,0.9797979797979798,0.5022556390977444,1,2,0,1,73.0,75.0,67.42857142857143,73.93333333333334
2023-01-04,East US,Container,57,1279,232,115.79,1.08,0,0.5757575757575758,0.6411027568922306,1,2,0,1,97.0,58.0,67.28571428571429,74.0
2023-01-04,East US,Storage,77,634,400,115.79,1.08,0,0.7777777777777778,0.31779448621553885,1,2,0,1,57.0,63.0,69.28571428571429,74.36666666666666
2023-01-04,East US,VM,91,730,240,115.79,1.08,0,0.9191919191919192,0.3659147869674185,1,2,0,1,77.0,50.0,75.14285714285714,74.2
2023-01-04,West US,Container,93,1225,234,115.79,1.08,0,0.9393939393939394,0.6140350877192983,1,2,0,1,91.0,50.0,81.28571428571429,75.6
2023-01-05,Southeast Asia,Container,57,1934,336,95.31,1.05,0,0.5757575757575758,0.9694235588972431,1,3,0,1,93.0,81.0,77.85714285714286,74.63333333333334
2023-01-05,Southeast Asia,Storage,62,1782,397,95.31,1.05,0,0.6262626262626263,0.8932330827067669,1,3,0,1,57.0,73.0,76.28571428571429,74.93333333333334
2023-01-05,Southeast Asia,VM,82,1908,482,95.31,1.05,0,0.8282828282828283,0.956390977443609,1,3,0,1,62.0,97.0,74.14285714285714,75.73333333333333
2023-01-05,North Europe,Container,60,1871,430,95.31,1.05,0,0.6060606060606061,0.937844611528822,1,3,0,1,82.0,57.0,74.57142857142857,74.63333333333334
2023-01-05,North Europe,Storage,93,1863,485,95.31,1.05,0,0.9393939393939394,0.9338345864661655,1,3,0,1,60.0,77.0,76.85714285714286,74.53333333333333
2023-01-05,North Europe,VM,77,1551,307,95.31,1.05,0,0.7777777777777778,0.7774436090225564,1,3,0,1,93.0,91.0,74.85714285714286,73.8
2023-01-05,West US,Container,94,1512,333,95.31,1.05,0,0.9494949494949495,0.7578947368421053,1,3,0,1,77.0,93.0,75.0,74.8
2023-01-05,West US,VM,56,1766,285,95.31,1.05,0,0.5656565656565656,0.8852130325814537,1,3,0,1,94.0,57.0,74.85714285714286,73.86666666666666
2023-01-05,East US,Container,85,1024,359,95.31,1.05,0,0.8585858585858586,0.5132832080200501,1,3,0,1,56.0,62.0,78.14285714285714,74.5
2023-01-05,East US,Storage,94,1694,228,95.31,1.05,0,0.9494949494949495,0.8491228070175438,1,3,0,1,85.0,82.0,79.85714285714286,75.2
2023-01-05,East US,VM,81,984,430,95.31,1.05,0,0.8181818181818182,0.4932330827067669,1,3,0,1,94.0,60.0,82.85714285714286,74.76666666666667
2023-01-05,West US,Storage,77,1077,369,95.31,1.05,0,0.7777777777777778,0.5398496240601504,1,3,0,1,81.0,93.0,80.57142857142857,74.9
2023-01-06,North Europe,Storage,77,1354,423,95.37,0.95,0,0.7777777777777778,0.6786967418546366,1,4,0,1,77.0,77.0,80.57142857142857,75.23333333333333
2023-01-06,Southeast Asia,Container,53,1962,402,95.37,0.95,0,0.5353535353535354,0.9834586466165414,1,4,0,1,77.0,94.0,74.71428571428571,74.03333333333333
2023-01-06,Southeast Asia,Storage,75,1939,446,95.37,0.95,0,0.7575757575757576,0.9719298245614035,1,4,0,1,53.0,56.0,77.42857142857143,74.1
2023-01-06,Southeast Asia,VM,51,1576,371,95.37,0.95,0,0.5151515151515151,0.7899749373433584,1,4,0,1,75.0,85.0,72.57142857142857,73.9
2023-01-06,North Europe,VM,98,501,329,95.37,0.95,0,0.98989898989899,0.2511278195488722,1,4,0,1,51.0,94.0,73.14285714285714,74.33333333333333
2023-01-06,North Europe,Container,82,884,325,95.37,0.95,0,0.8282828282828283,0.4431077694235589,1,4,0,1,98.0,81.0,73.28571428571429,73.96666666666667
2023-01-06,West US,Storage,61,1909,312,95.37,0.95,0,0.6161616161616161,0.9568922305764411,1,4,0,1,82.0,77.0,71.0,73.5
2023-01-06,East US,VM,86,1748,433,95.37,0.95,0,0.8686868686868687,0.8761904761904762,1,4,0,1,61.0,77.0,72.28571428571429,74.43333333333334
2023-01-06,East US,Storage,93,1163,359,95.37,0.95,0,0.9393939393939394,0.5829573934837092,1,4,0,1,86.0,53.0,78.0,75.43333333333334
2023-01-06,West US,Container,86,1451,280,95.37,0.95,0,0.8686868686868687,0.7273182957393484,1,4,0,1,93.0,75.0,79.57142857142857,76.63333333333334
2023-01-06,West US,VM,98,941,251,95.37,0.95,0,0.98989898989899,0.4716791979949875,1,4,0,1,86.0,51.0,86.28571428571429,78.23333333333333
2023-01-06,East US,Container,81,1995,432,95.37,0.95,0,0.8181818181818182,1.0,1,4,0,1,98.0,98.0,83.85714285714286,78.23333333333333
2023-01-07,Southeast Asia,Container,56,643,311,102.42,0.81,1,0.5656565656565656,0.3223057644110276,1,5,1,1,81.0,82.0,80.14285714285714,77.66666666666667
2023-01-07,Southeast Asia,Storage,80,1821,298,102.42,0.81,1,0.8080808080808081,0.912781954887218,1,5,1,1,56.0,61.0,82.85714285714286,77.1
2023-01-07,Southeast Asia,VM,60,972,350,102.42,0.81,1,0.6060606060606061,0.48721804511278194,1,5,1,1,80.0,86.0,79.14285714285714,77.2
2023-01-07,North Europe,Container,88,837,328,102.42,0.81,1,0.8888888888888888,0.4195488721804511,1,5,1,1,60.0,93.0,78.42857142857143,77.56666666666666
2023-01-07,North Europe,VM,69,1363,398,102.42,0.81,1,0.696969696969697,0.6832080200501253,1,5,1,1,88.0,86.0,76.0,76.83333333333333
2023-01-07,North Europe,Storage,90,1428,327,102.42,0.81,1,0.9090909090909091,0.7157894736842105,1,5,1,1,69.0,98.0,74.85714285714286,76.73333333333333
2023-01-07,West US,Storage,55,963,458,102.42,0.81,1,0.5555555555555556,0.48270676691729325,1,5,1,1,90.0,81.0,71.14285714285714,76.66666666666667
2023-01-07,West US,VM,65,1108,400,102.42,0.81,1,0.6565656565656566,0.5553884711779449,1,5,1,1,55.0,56.0,72.42857142857143,76.76666666666667
2023-01-07,East US,Container,55,1481,439,102.42,0.81,1,0.5555555555555556,0.7423558897243108,1,5,1,1,65.0,80.0,68.85714285714286,75.86666666666666
2023-01-07,East US,Storage,73,1383,297,102.42,0.81,1,0.7373737373737373,0.6932330827067669,1,5,1,1,55.0,60.0,70.71428571428571,76.3
2023-01-07,East US,VM,66,1266,493,102.42,0.81,1,0.6666666666666666,0.6345864661654136,1,5,1,1,73.0,88.0,67.57142857142857,75.4
2023-01-07,West US,Container,69,1263,346,102.42,0.81,1,0.696969696969697,0.6330827067669172,1,5,1,1,66.0,69.0,67.57142857142857,75.13333333333334
2023-01-08,North Europe,Storage,98,1943,303,82.75,0.94,1,0.98989898989899,0.9739348370927319,1,6,1,1,69.0,90.0,68.71428571428571,75.26666666666667
2023-01-08,Southeast Asia,Container,84,1456,368,82.75,0.94,1,0.8484848484848485,0.7298245614035088,1,6,1,1,98.0,55.0,72.85714285714286,76.2
2023-01-08,Southeast Asia,Storage,74,1413,393,82.75,0.94,1,0.7474747474747475,0.7082706766917293,1,6,1,1,84.0,65.0,74.14285714285714,75.83333333333333
2023-01-08,Southeast Asia,VM,97,1009,298,82.75,0.94,1,0.9797979797979798,0.505764411027569,1,6,1,1,74.0,55.0,80.14285714285714,75.93333333333334
2023-01-08,North Europe,Container,69,753,426,82.75,0.94,1,0.696969696969697,0.3774436090225564,1,6,1,1,97.0,73.0,79.57142857142857,75.53333333333333
2023-01-08,North Europe,VM,82,1127,274,82.75,0.94,1,0.8282828282828283,0.5649122807017544,1,6,1,1,69.0,66.0,81.85714285714286,75.7
2023-01-08,East US,Storage,61,952,236,82.75,0.94,1,0.6161616161616161,0.47719298245614034,1,6,1,1,82.0,69.0,80.71428571428571,75.16666666666667
2023-01-08,West US,Storage,97,707,330,82.75,0.94,1,0.9797979797979798,0.3543859649122807,1,6,1,1,61.0,98.0,80.57142857142857,76.63333333333334
2023-01-08,West US,VM,90,1622,346,82.75,0.94,1,0.9090909090909091,0.8130325814536341,1,6,1,1,97.0,84.0,81.42857142857143,77.13333333333334
2023-01-08,East US,Container,81,1514,208,82.75,0.94,1,0.8181818181818182,0.7588972431077694,1,6,1,1,90.0,74.0,82.42857142857143,78.13333333333334
2023-01-08,East US,VM,98,501,453,82.75,0.94,1,0.98989898989899,0.2511278195488722,1,6,1,1,81.0,97.0,82.57142857142857,78.13333333333334
2023-01-08,West US,Container,69,651,253,82.75,0.94,1,0.696969696969697,0.3263157894736842,1,6,1,1,98.0,69.0,82.57142857142857,77.7
2023-01-09,North Europe,VM,94,1062,463,89.87,1.03,0,0.9494949494949495,0.5323308270676692,1,0,0,1,69.0,82.0,84.28571428571429,78.8
2023-01-09,Southeast Asia,Storage,53,1046,391,89.87,1.03,0,0.5353535353535354,0.5243107769423558,1,0,0,1,94.0,61.0,83.14285714285714,77.7
2023-01-09,Southeast Asia,VM,77,1378,346,89.87,1.03,0,0.7777777777777778,0.6907268170426065,1,0,0,1,53.0,97.0,80.28571428571429,77.16666666666667
2023-01-09,North Europe,Container,70,1297,296,89.87,1.03,0,0.7070707070707071,0.650125313283208,1,0,0,1,77.0,90.0,77.42857142857143,76.63333333333334
2023-01-09,North Europe,Storage,76,526,425,89.87,1.03,0,0.7676767676767676,0.2636591478696742,1,0,0,1,70.0,81.0,76.71428571428571,75.9
2023-01-09,Southeast Asia,Container,98,516,371,89.87,1.03,0,0.98989898989899,0.2586466165413534,1,0,0,1,76.0,98.0,76.71428571428571,76.46666666666667
2023-01-09,West US,Container,95,537,429,89.87,1.03,0,0.9595959595959596,0.26917293233082706,1,0,0,1,98.0,69.0,80.42857142857143,77.76666666666667
2023-01-09,West US,VM,52,900,327,89.87,1.03,0,0.5252525252525253,0.45112781954887216,1,0,0,1,95.0,94.0,74.42857142857143,76.83333333333333
2023-01-09,East US,Container,97,1915,334,89.87,1.03,0,0.9797979797979798,0.9598997493734336,1,0,0,1,52.0,53.0,80.71428571428571,78.06666666666666
2023-01-09,East US,Storage,82,897,476,89.87,1.03,0,0.8282828282828283,0.4496240601503759,1,0,0,1,97.0,77.0,81.42857142857143,77.86666666666666
2023-01-09,East US,VM,85,660,267,89.87,1.03,0,0.8585858585858586,0.3308270676691729,1,0,0,1,82.0,70.0,83.57142857142857,78.4
2023-01-09,West US,Storage,82,1187,221,89.87,1.03,0,0.8282828282828283,0.5949874686716792,1,0,0,1,85.0,76.0,84.42857142857143,78.13333333333334
2023-01-10,Southeast Asia,Container,89,1916,498,90.92,0.86,0,0.898989898989899,0.9604010025062657,1,1,0,1,82.0,98.0,83.14285714285714,79.26666666666667
2023-01-10,Southeast Asia,Storage,51,654,472,90.92,0.86,0,0.5151515151515151,0.32781954887218046,1,1,0,1,89.0,95.0,76.85714285714286,78.8
2023-01-10,Southeast Asia,VM,99,1811,350,90.92,0.86,0,1.0,0.9077694235588972,1,1,0,1,51.0,52.0,83.57142857142857,80.26666666666667
2023-01-10,North Europe,Container,52,1185,479,90.92,0.86,0,0.5252525252525253,0.5939849624060151,1,1,0,1,99.0,97.0,77.14285714285714,79.56666666666666
2023-01-10,North Europe,Storage,74,1065,257,90.92,0.86,0,0.7474747474747475,0.5338345864661654,1,1,0,1,52.0,82.0,76.0,79.83333333333333
2023-01-10,North Europe,VM,52,627,217,90.92,0.86,0,0.5252525252525253,0.3142857142857143,1,1,0,1,74.0,85.0,71.28571428571429,79.26666666666667
2023-01-10,West US,Storage,82,1639,390,90.92,0.86,0,0.8282828282828283,0.8215538847117795,1,1,0,1,52.0,82.0,71.28571428571429,78.73333333333333
2023-01-10,West US,VM,80,1622,387,90.92,0.86,0,0.8080808080808081,0.8130325814536341,1,1,0,1,82.0,89.0,70.0,78.6
2023-01-10,East US,Container,86,779,380,90.92,0.86,0,0.8686868686868687,0.3904761904761905,1,1,0,1,80.0,51.0,75.0,79.0
2023-01-10,East US,Storage,55,598,432,90.92,0.86,0,0.5555555555555556,0.29974937343358393,1,1,0,1,86.0,99.0,68.71428571428571,77.6
2023-01-10,East US,VM,77,657,245,90.92,0.86,0,0.7777777777777778,0.3293233082706767,1,1,0,1,55.0,52.0,72.28571428571429,77.86666666666666
2023-01-10,West US,Container,70,1427,360,90.92,0.86,0,0.7070707070707071,0.7152882205513784,1,1,0,1,77.0,74.0,71.71428571428571,77.46666666666667
2023-01-11,North Europe,Storage,72,1353,250,114.66,0.98,0,0.7272727272727273,0.6781954887218045,1,2,0,1,70.0,52.0,74.57142857142857,77.83333333333333
2023-01-11,Southeast Asia,Container,91,1337,470,114.66,0.98,0,0.9191919191919192,0.6701754385964912,1,2,0,1,72.0,82.0,75.85714285714286,77.63333333333334
2023-01-11,Southeast Asia,Storage,71,804,379,114.66,0.98,0,0.7171717171717171,0.4030075187969925,1,2,0,1,91.0,80.0,74.57142857142857,77.0
2023-01-11,Southeast Asia,VM,71,813,257,114.66,0.98,0,0.7171717171717171,0.4075187969924812,1,2,0,1,71.0,86.0,72.42857142857143,76.66666666666667
2023-01-11,North Europe,Container,74,1074,389,114.66,0.98,0,0.7474747474747475,0.5383458646616541,1,2,0,1,71.0,55.0,75.14285714285714,75.86666666666666
2023-01-11,North Europe,VM,77,1877,487,114.66,0.98,0,0.7777777777777778,0.9408521303258145,1,2,0,1,74.0,77.0,75.14285714285714,76.13333333333334
2023-01-11,East US,VM,97,1562,369,114.66,0.98,0,0.9797979797979798,0.7829573934837093,1,2,0,1,77.0,70.0,79.0,76.23333333333333
2023-01-11,West US,Storage,95,899,341,114.66,0.98,0,0.9595959595959596,0.4506265664160401,1,2,0,1,97.0,72.0,82.28571428571429,77.63333333333334
2023-01-11,West US,VM,69,820,463,114.66,0.98,0,0.696969696969697,0.41102756892230574,1,2,0,1,95.0,91.0,79.14285714285714,77.36666666666666
2023-01-11,East US,Container,56,535,372,114.66,0.98,0,0.5656565656565656,0.2681704260651629,1,2,0,1,69.0,71.0,77.0,76.9
2023-01-11,East US,Storage,75,1420,212,114.66,0.98,0,0.7575757575757576,0.7117794486215538,1,2,0,1,56.0,71.0,77.57142857142857,76.86666666666666
2023-01-11,West US,Container,61,970,342,114.66,0.98,0,0.6161616161616161,0.48621553884711777,1,2,0,1,75.0,74.0,75.71428571428571,75.63333333333334
2023-01-12,North Europe,Storage,68,1581,428,100.68,0.86,0,0.6868686868686869,0.7924812030075188,1,3,0,1,61.0,77.0,74.42857142857143,74.73333333333333
2023-01-12,Southeast Asia,Container,97,987,436,100.68,0.86,0,0.9797979797979798,0.49473684210526314,1,3,0,1,68.0,97.0,74.42857142857143,76.23333333333333
2023-01-12,Southeast Asia,Storage,50,1301,295,100.68,0.86,0,0.5050505050505051,0.6521303258145363,1,3,0,1,97.0,95.0,68.0,74.66666666666667
2023-01-12,Southeast Asia,VM,58,1512,328,100.68,0.86,0,0.5858585858585859,0.7578947368421053,1,3,0,1,50.0,69.0,66.42857142857143,73.86666666666666
2023-01-12,North Europe,Container,75,616,478,100.68,0.86,0,0.7575757575757576,0.3087719298245614,1,3,0,1,58.0,56.0,69.14285714285714,73.53333333333333
2023-01-12,North Europe,VM,91,1156,319,100.68,0.86,0,0.9191919191919192,0.5794486215538847,1,3,0,1,75.0,75.0,71.42857142857143,73.83333333333333
2023-01-12,East US,Container,93,504,302,100.68,0.86,0,0.9393939393939394,0.25263157894736843,1,3,0,1,91.0,61.0,76.0,73.96666666666667
2023-01-12,West US,Storage,84,1322,343,100.68,0.86,0,0.8484848484848485,0.66265664160401,1,3,0,1,93.0,68.0,78.28571428571429,75.06666666666666
2023-01-12,West US,VM,53,1273,246,100.68,0.86,0,0.5353535353535354,0.638095238095238,1,3,0,1,84.0,97.0,72.0,73.53333333333333
2023-01-12,West US,Container,62,869,323,100.68,0.86,0,0.6262626262626263,0.4355889724310777,1,3,0,1,53.0,50.0,73.71428571428571,73.86666666666666
2023-01-12,East US,Storage,82,763,252,100.68,0.86,0,0.8282828282828283,0.3824561403508772,1,3,0,1,62.0,58.0,77.14285714285714,74.13333333333334
2023-01-12,East US,VM,92,943,300,100.68,0.86,0,0.9292929292929293,0.47268170426065165,1,3,0,1,82.0,75.0,79.57142857142857,75.46666666666667
2023-01-13,Southeast Asia,Storage,79,856,222,94.56,1.01,0,0.797979797979798,0.42907268170426066,1,4,0,1,92.0,91.0,77.85714285714286,75.36666666666666
2023-01-13,Southeast Asia,VM,85,1812,453,94.56,1.01,0,0.8585858585858586,0.9082706766917293,1,4,0,1,79.0,93.0,76.71428571428571,75.53333333333333
2023-01-13,North Europe,Container,65,717,238,94.56,1.01,0,0.6565656565656566,0.3593984962406015,1,4,0,1,85.0,84.0,74.0,74.83333333333333
2023-01-13,North Europe,Storage,95,1457,403,94.56,1.01,0,0.9595959595959596,0.7303258145363408,1,4,0,1,65.0,53.0,80.0,76.16666666666667
2023-01-13,North Europe,VM,96,1508,293,94.56,1.01,0,0.9696969696969697,0.755889724310777,1,4,0,1,95.0,62.0,84.85714285714286,76.8
2023-01-13,Southeast Asia,Container,59,1623,489,94.56,1.01,0,0.5959595959595959,0.8135338345864662,1,4,0,1,96.0,82.0,81.57142857142857,76.43333333333334
2023-01-13,West US,Storage,65,1958,285,94.56,1.01,0,0.6565656565656566,0.981453634085213,1,4,0,1,59.0,92.0,77.71428571428571,76.2
2023-01-13,West US,VM,52,1599,353,94.56,1.01,0,0.5252525252525253,0.8015037593984963,1,4,0,1,65.0,79.0,73.85714285714286,74.9
2023-01-13,East US,Container,71,1360,446,94.56,1.01,0,0.7171717171717171,0.681704260651629,1,4,0,1,52.0,85.0,71.85714285714286,74.9
2023-01-13,East US,Storage,88,1203,268,94.56,1.01,0,0.8888888888888888,0.6030075187969924,1,4,0,1,71.0,65.0,75.14285714285714,75.46666666666667
2023-01-13,East US,VM,50,1795,388,94.56,1.01,0,0.5050505050505051,0.899749373433584,1,4,0,1,88.0,95.0,68.71428571428571,74.66666666666667
2023-01-13,West US,Container,78,1743,268,94.56,1.01,0,0.7878787878787878,0.8736842105263158,1,4,0,1,50.0,96.0,66.14285714285714,74.7
2023-01-14,Southeast Asia,Container,99,534,414,88.49,1.04,1,1.0,0.26766917293233083,1,5,1,1,78.0,59.0,71.85714285714286,74.76666666666667
2023-01-14,Southeast Asia,Storage,80,1825,452,88.49,1.04,1,0.8080808080808081,0.9147869674185464,1,5,1,1,99.0,65.0,74.0,74.26666666666667
2023-01-14,Southeast Asia,VM,93,784,211,88.49,1.04,1,0.9393939393939394,0.3929824561403509,1,5,1,1,80.0,52.0,79.85714285714286,75.06666666666666
2023-01-14,North Europe,Container,82,1691,242,88.49,1.04,1,0.8282828282828283,0.8476190476190476,1,5,1,1,93.0,71.0,81.42857142857143,75.93333333333334
2023-01-14,North Europe,Storage,92,1791,264,88.49,1.04,1,0.9292929292929293,0.8977443609022556,1,5,1,1,82.0,88.0,82.0,76.5
2023-01-14,North Europe,VM,82,1456,378,88.49,1.04,1,0.8282828282828283,0.7298245614035088,1,5,1,1,92.0,50.0,86.57142857142857,77.2
2023-01-14,West US,Container,61,1189,362,88.49,1.04,1,0.6161616161616161,0.5959899749373434,1,5,1,1,82.0,78.0,84.14285714285714,76.96666666666667
2023-01-14,West US,VM,51,996,359,88.49,1.04,1,0.5151515151515151,0.4992481203007519,1,5,1,1,61.0,99.0,77.28571428571429,75.43333333333334
2023-01-14,East US,Container,65,1291,446,88.49,1.04,1,0.6565656565656566,0.6471177944862155,1,5,1,1,51.0,80.0,75.14285714285714,75.93333333333334
2023-01-14,East US,Storage,81,1268,203,88.49,1.04,1,0.8181818181818182,0.6355889724310777,1,5,1,1,65.0,93.0,73.42857142857143,76.7
2023-01-14,East US,VM,80,1261,346,88.49,1.04,1,0.8080808080808081,0.6320802005012531,1,5,1,1,81.0,82.0,73.14285714285714,76.86666666666666
2023-01-14,West US,Storage,76,1351,351,88.49,1.04,1,0.7676767676767676,0.6771929824561403,1,5,1,1,80.0,92.0,70.85714285714286,76.36666666666666
2023-01-15,North Europe,Container,67,1508,295,93.99,0.97,1,0.6767676767676768,0.755889724310777,1,6,1,1,76.0,82.0,68.71428571428571,75.5
2023-01-15,Southeast Asia,Container,98,778,416,93.99,0.97,1,0.98989898989899,0.3899749373433584,1,6,1,1,67.0,61.0,74.0,75.96666666666667
2023-01-15,Southeast Asia,Storage,81,536,467,93.99,0.97,1,0.8181818181818182,0.268671679197995,1,6,1,1,98.0,51.0,78.28571428571429,76.9
2023-01-15,Southeast Asia,VM,73,1162,389,93.99,0.97,1,0.7373737373737373,0.5824561403508772,1,6,1,1,81.0,65.0,79.42857142857143,77.26666666666667
2023-01-15,North Europe,Storage,84,1622,235,93.99,0.97,1,0.8484848484848485,0.8130325814536341,1,6,1,1,73.0,81.0,79.85714285714286,77.33333333333333
2023-01-15,North Europe,VM,85,1917,391,93.99,0.97,1,0.8585858585858586,0.9609022556390977,1,6,1,1,84.0,80.0,80.57142857142857,77.1
2023-01-15,West US,Storage,94,1598,416,93.99,0.97,1,0.9494949494949495,0.8010025062656642,1,6,1,1,85.0,76.0,83.14285714285714,77.6
2023-01-15,West US,VM,56,1719,313,93.99,0.97,1,0.5656565656565656,0.8616541353383459,1,6,1,1,94.0,67.0,81.57142857142857,76.63333333333334
2023-01-15,East US,Container,83,614,304,93.99,0.97,1,0.8383838383838383,0.30776942355889725,1,6,1,1,56.0,98.0,79.42857142857143,77.23333333333333
2023-01-15,East US,Storage,78,1469,289,93.99,0.97,1,0.7878787878787878,0.7363408521303259,1,6,1,1,83.0,81.0,79.0,76.66666666666667
2023-01-15,East US,VM,66,589,463,93.99,0.97,1,0.6666666666666666,0.29523809523809524,1,6,1,1,78.0,73.0,78.0,75.66666666666667
2023-01-15,West US,Container,70,1520,448,93.99,0.97,1,0.7070707070707071,0.7619047619047619,1,6,1,1,66.0,84.0,76.0,76.03333333333333
2023-01-16,Southeast Asia,Container,91,1709,422,93.98,1.19,0,0.9191919191919192,0.8566416040100251,1,0,0,1,70.0,85.0,76.85714285714286,76.9
2023-01-16,Southeast Asia,Storage,88,608,380,93.98,1.19,0,0.8888888888888888,0.3047619047619048,1,0,0,1,91.0,94.0,76.0,78.1
2023-01-16,North Europe,Container,54,1622,224,93.98,1.19,0,0.5454545454545454,0.8130325814536341,1,0,0,1,88.0,56.0,75.71428571428571,77.53333333333333
2023-01-16,North Europe,Storage,68,1890,343,93.98,1.19,0,0.6868686868686869,0.9473684210526315,1,0,0,1,54.0,83.0,73.57142857142857,76.86666666666666
2023-01-16,North Europe,VM,56,1217,422,93.98,1.19,0,0.5656565656565656,0.6100250626566416,1,0,0,1,68.0,78.0,70.42857142857143,77.06666666666666
2023-01-16,Southeast Asia,VM,70,1674,343,93.98,1.19,0,0.7070707070707071,0.8390977443609022,1,0,0,1,56.0,66.0,71.0,76.8
2023-01-16,West US,Storage,61,944,432,93.98,1.19,0,0.6161616161616161,0.4731829573934837,1,0,0,1,70.0,70.0,69.71428571428571,75.53333333333333
2023-01-16,West US,VM,68,676,299,93.98,1.19,0,0.6868686868686869,0.33884711779448623,1,0,0,1,61.0,91.0,66.42857142857143,75.13333333333334
2023-01-16,East US,Container,97,1228,386,93.98,1.19,0,0.9797979797979798,0.6155388471177945,1,0,0,1,68.0,88.0,67.71428571428571,75.26666666666667
2023-01-16,East US,Storage,66,561,283,93.98,1.19,0,0.6666666666666666,0.281203007518797,1,0,0,1,97.0,54.0,69.42857142857143,74.73333333333333
2023-01-16,East US,VM,84,1372,485,93.98,1.19,0,0.8484848484848485,0.6877192982456141,1,0,0,1,66.0,68.0,71.71428571428571,74.46666666666667
2023-01-16,West US,Container,68,575,464,93.98,1.19,0,0.6868686868686869,0.2882205513784461,1,0,0,1,84.0,56.0,73.42857142857143,74.0
2023-01-17,Southeast Asia,Container,80,944,381,99.87,0.89,0,0.8080808080808081,0.4731829573934837,1,1,0,1,68.0,70.0,74.85714285714286,74.63333333333334
2023-01-17,Southeast Asia,Storage,85,1593,451,99.87,0.89,0,0.8585858585858586,0.7984962406015037,1,1,0,1,80.0,61.0,78.28571428571429,75.76666666666667
2023-01-17,Southeast Asia,VM,56,716,331,99.87,0.89,0,0.5656565656565656,0.35889724310776944,1,1,0,1,85.0,68.0,76.57142857142857,75.46666666666667
2023-01-17,North Europe,Container,97,1888,344,99.87,0.89,0,0.9797979797979798,0.9463659147869674,1,1,0,1,56.0,97.0,76.57142857142857,76.0
2023-01-17,North Europe,Storage,87,838,335,99.87,0.89,0,0.8787878787878788,0.42005012531328323,1,1,0,1,97.0,66.0,79.57142857142857,76.23333333333333
2023-01-17,North Europe,VM,51,528,364,99.87,0.89,0,0.5151515151515151,0.2646616541353383,1,1,0,1,87.0,84.0,74.85714285714286,75.4
2023-01-17,West US,VM,59,1453,452,99.87,0.89,0,0.5959595959595959,0.7283208020050125,1,1,0,1,51.0,68.0,73.57142857142857,75.13333333333334
2023-01-17,West US,Storage,87,1697,340,99.87,0.89,0,0.8787878787878788,0.8506265664160401,1,1,0,1,59.0,80.0,74.57142857142857,74.76666666666667
2023-01-17,East US,Container,96,1087,208,99.87,0.89,0,0.9696969696969697,0.5448621553884712,1,1,0,1,87.0,85.0,76.14285714285714,75.26666666666667
2023-01-17,East US,Storage,78,734,345,99.87,0.89,0,0.7878787878787878,0.36791979949874687,1,1,0,1,96.0,56.0,79.28571428571429,75.43333333333334
2023-01-17,East US,VM,54,1686,414,99.87,0.89,0,0.5454545454545454,0.8451127819548873,1,1,0,1,78.0,97.0,73.14285714285714,74.43333333333334
2023-01-17,West US,Container,89,669,482,99.87,0.89,0,0.898989898989899,0.33533834586466166,1,1,0,1,54.0,87.0,73.42857142857143,74.56666666666666
2023-01-18,North Europe,Container,94,1171,372,108.23,0.88,0,0.9494949494949495,0.5869674185463659,1,2,0,1,89.0,51.0,79.57142857142857,74.56666666666666
2023-01-18,Southeast Asia,VM,96,1672,279,108.23,0.88,0,0.9696969696969697,0.8380952380952381,1,2,0,1,94.0,59.0,84.85714285714286,75.9
2023-01-18,North Europe,Storage,55,557,243,108.23,0.88,0,0.5555555555555556,0.27919799498746867,1,2,0,1,96.0,87.0,80.28571428571429,74.96666666666667
2023-01-18,Southeast Asia,Container,86,1750,346,108.23,0.88,0,0.8686868686868687,0.8771929824561403,1,2,0,1,55.0,96.0,78.85714285714286,75.23333333333333
2023-01-18,Southeast Asia,Storage,70,702,451,108.23,0.88,0,0.7070707070707071,0.3518796992481203,1,2,0,1,86.0,78.0,77.71428571428571,75.36666666666666
2023-01-18,North Europe,VM,98,1932,316,108.23,0.88,0,0.98989898989899,0.968421052631579,1,2,0,1,70.0,54.0,84.0,76.3
2023-01-18,East US,VM,88,590,401,108.23,0.88,0,0.8888888888888888,0.2957393483709273,1,2,0,1,98.0,89.0,83.85714285714286,76.2
2023-01-18,West US,Storage,69,975,200,108.23,0.88,0,0.696969696969697,0.48872180451127817,1,2,0,1,88.0,94.0,80.28571428571429,75.56666666666666
2023-01-18,West US,VM,99,1743,325,108.23,0.88,0,1.0,0.8736842105263158,1,2,0,1,69.0,96.0,80.71428571428571,77.06666666666666
2023-01-18,East US,Container,52,672,340,108.23,0.88,0,0.5252525252525253,0.3368421052631579,1,2,0,1,99.0,55.0,80.28571428571429,76.53333333333333
2023-01-18,East US,Storage,75,538,325,108.23,0.88,0,0.7575757575757576,0.2696741854636591,1,2,0,1,52.0,86.0,78.71428571428571,77.16666666666667
2023-01-18,West US,Container,52,847,389,108.23,0.88,0,0.5252525252525253,0.4245614035087719,1,2,0,1,75.0,70.0,76.14285714285714,76.56666666666666
2023-01-19,Southeast Asia,Container,62,1231,439,102.09,0.8,0,0.6262626262626263,0.6170426065162907,1,3,0,1,52.0,98.0,71.0,76.6
2023-01-19,Southeast Asia,Storage,58,1428,411,102.09,0.8,0,0.5858585858585859,0.7157894736842105,1,3,0,1,62.0,88.0,66.71428571428571,76.26666666666667
2023-01-19,Southeast Asia,VM,85,1001,344,102.09,0.8,0,0.8585858585858586,0.5017543859649123,1,3,0,1,58.0,69.0,69.0,75.86666666666666
2023-01-19,North Europe,Container,77,1231,240,102.09,0.8,0,0.7777777777777778,0.6170426065162907,1,3,0,1,85.0,99.0,65.85714285714286,76.23333333333333
2023-01-19,North Europe,Storage,75,1197,377,102.09,0.8,0,0.7575757575757576,0.6,1,3,0,1,77.0,52.0,69.14285714285714,75.93333333333334
2023-01-19,North Europe,VM,57,1645,363,102.09,0.8,0,0.5757575757575758,0.8245614035087719,1,3,0,1,75.0,75.0,66.57142857142857,75.56666666666666
2023-01-19,West US,Storage,59,1235,471,102.09,0.8,0,0.5959595959595959,0.6190476190476191,1,3,0,1,57.0,52.0,67.57142857142857,74.86666666666666
2023-01-19,West US,VM,52,1155,211,102.09,0.8,0,0.5252525252525253,0.5789473684210527,1,3,0,1,59.0,62.0,66.14285714285714,73.76666666666667
2023-01-19,East US,Container,64,1938,200,102.09,0.8,0,0.6464646464646465,0.9714285714285714,1,3,0,1,52.0,58.0,67.0,74.03333333333333
2023-01-19,East US,Storage,90,1828,213,102.09,0.8,0,0.9090909090909091,0.9162907268170426,1,3,0,1,64.0,85.0,67.71428571428571,73.8
2023-01-19,East US,VM,69,1964,246,102.09,0.8,0,0.696969696969697,0.9844611528822055,1,3,0,1,90.0,77.0,66.57142857142857,73.2
2023-01-19,West US,Container,57,857,355,102.09,0.8,0,0.5757575757575758,0.4295739348370927,1,3,0,1,69.0,75.0,64.0,73.4
2023-01-20,North Europe,Storage,98,1352,481,86.72,1.02,0,0.98989898989899,0.6776942355889725,1,4,0,1,57.0,57.0,69.85714285714286,74.7
2023-01-20,Southeast Asia,Container,77,1208,332,86.72,1.02,0,0.7777777777777778,0.6055137844611529,1,4,0,1,98.0,59.0,72.42857142857143,74.36666666666666
2023-01-20,Southeast Asia,Storage,90,1622,205,86.72,1.02,0,0.9090909090909091,0.8130325814536341,1,4,0,1,77.0,52.0,77.85714285714286,74.16666666666667
2023-01-20,Southeast Asia,VM,98,1984,297,86.72,1.02,0,0.98989898989899,0.9944862155388471,1,4,0,1,90.0,64.0,82.71428571428571,74.83333333333333
2023-01-20,North Europe,Container,74,1326,482,86.72,1.02,0,0.7474747474747475,0.6646616541353384,1,4,0,1,98.0,90.0,80.42857142857143,75.5
2023-01-20,North Europe,VM,67,723,438,86.72,1.02,0,0.6767676767676768,0.362406015037594,1,4,0,1,74.0,69.0,80.14285714285714,74.76666666666667
2023-01-20,East US,VM,78,1408,245,86.72,1.02,0,0.7878787878787878,0.7057644110275689,1,4,0,1,67.0,57.0,83.14285714285714,74.23333333333333
2023-01-20,West US,Storage,94,1528,318,86.72,1.02,0,0.9494949494949495,0.7659147869674185,1,4,0,1,78.0,98.0,82.57142857142857,74.16666666666667
2023-01-20,West US,VM,79,1765,450,86.72,1.02,0,0.797979797979798,0.8847117794486216,1,4,0,1,94.0,77.0,82.85714285714286,74.96666666666667
2023-01-20,East US,Container,54,949,209,86.72,1.02,0,0.5454545454545454,0.4756892230576441,1,4,0,1,79.0,90.0,77.71428571428571,73.9
2023-01-20,East US,Storage,84,1776,281,86.72,1.02,0,0.8484848484848485,0.8902255639097745,1,4,0,1,54.0,98.0,75.71428571428571,74.36666666666666
2023-01-20,West US,Container,82,873,264,86.72,1.02,0,0.8282828282828283,0.43759398496240604,1,4,0,1,84.0,74.0,76.85714285714286,73.83333333333333
2023-01-21,North Europe,Storage,57,653,449,107.38,1.02,1,0.5757575757575758,0.3273182957393484,1,5,1,1,82.0,67.0,75.42857142857143,72.8
2023-01-21,Southeast Asia,Container,54,1489,421,107.38,1.02,1,0.5454545454545454,0.7463659147869675,1,5,1,1,57.0,78.0,72.0,72.3
2023-01-21,Southeast Asia,Storage,50,1577,435,107.38,1.02,1,0.5050505050505051,0.7904761904761904,1,5,1,1,54.0,94.0,65.71428571428571,70.66666666666667
2023-01-21,Southeast Asia,VM,52,1829,467,107.38,1.02,1,0.5252525252525253,0.9167919799498747,1,5,1,1,50.0,79.0,61.857142857142854,70.66666666666667
2023-01-21,North Europe,Container,83,937,317,107.38,1.02,1,0.8383838383838383,0.46967418546365913,1,5,1,1,52.0,54.0,66.0,70.93333333333334
2023-01-21,North Europe,VM,83,1871,294,107.38,1.02,1,0.8383838383838383,0.937844611528822,1,5,1,1,83.0,84.0,65.85714285714286,71.96666666666667
2023-01-21,East US,VM,87,1270,222,107.38,1.02,1,0.8787878787878788,0.6365914786967418,1,5,1,1,83.0,82.0,66.57142857142857,72.8
2023-01-21,West US,Storage,94,1216,459,107.38,1.02,1,0.9494949494949495,0.6095238095238096,1,5,1,1,87.0,57.0,71.85714285714286,74.0
2023-01-21,West US,VM,70,1601,200,107.38,1.02,1,0.7070707070707071,0.8025062656641604,1,5,1,1,94.0,54.0,74.14285714285714,73.5
2023-01-21,East US,Container,59,582,344,107.38,1.02,1,0.5959595959595959,0.29172932330827067,1,5,1,1,70.0,50.0,75.42857142857143,72.9
2023-01-21,East US,Storage,86,1176,401,107.38,1.02,1,0.8686868686868687,0.5894736842105263,1,5,1,1,59.0,52.0,80.28571428571429,73.26666666666667
2023-01-21,West US,Container,50,1380,487,107.38,1.02,1,0.5050505050505051,0.6917293233082706,1,5,1,1,86.0,83.0,75.57142857142857,73.03333333333333
2023-01-22,Southeast Asia,Container,69,1483,268,98.84,0.97,1,0.696969696969697,0.7433583959899749,1,6,1,1,50.0,83.0,73.57142857142857,73.36666666666666
2023-01-22,Southeast Asia,Storage,66,1853,472,98.84,0.97,1,0.6666666666666666,0.9288220551378447,1,6,1,1,69.0,87.0,70.57142857142857,73.83333333333333
2023-01-22,Southeast Asia,VM,78,1399,337,98.84,0.97,1,0.7878787878787878,0.7012531328320802,1,6,1,1,66.0,94.0,68.28571428571429,74.3
2023-01-22,North Europe,Container,91,580,332,98.84,0.97,1,0.9191919191919192,0.2907268170426065,1,6,1,1,78.0,70.0,71.28571428571429,74.33333333333333
2023-01-22,North Europe,Storage,87,1483,229,98.84,0.97,1,0.8787878787878788,0.7433583959899749,1,6,1,1,91.0,59.0,75.28571428571429,74.93333333333334
2023-01-22,North Europe,VM,67,1297,448,98.84,0.97,1,0.6767676767676768,0.650125313283208,1,6,1,1,87.0,86.0,72.57142857142857,75.26666666666667
2023-01-22,West US,Storage,87,1263,425,98.84,0.97,1,0.8787878787878788,0.6330827067669172,1,6,1,1,67.0,50.0,77.85714285714286,74.9
2023-01-22,West US,VM,60,934,302,98.84,0.97,1,0.6060606060606061,0.4681704260651629,1,6,1,1,87.0,69.0,76.57142857142857,74.33333333333333
2023-01-22,East US,Container,86,1352,265,98.84,0.97,1,0.8686868686868687,0.6776942355889725,1,6,1,1,60.0,66.0,79.42857142857143,74.2
2023-01-22,East US,Storage,96,1418,406,98.84,0.97,1,0.9696969696969697,0.7107769423558897,1,6,1,1,86.0,78.0,82.0,74.13333333333334
2023-01-22,East US,VM,66,1123,454,98.84,0.97,1,0.6666666666666666,0.562907268170426,1,6,1,1,96.0,91.0,78.42857142857143,73.86666666666666
2023-01-22,West US,Container,87,1829,297,98.84,0.97,1,0.8787878787878788,0.9167919799498747,1,6,1,1,66.0,87.0,78.42857142857143,74.53333333333333
2023-01-23,North Europe,Storage,76,592,359,85.21,0.93,0,0.7676767676767676,0.2967418546365915,1,0,0,1,87.0,67.0,79.71428571428571,74.46666666666667
2023-01-23,Southeast Asia,Container,54,732,211,85.21,0.93,0,0.5454545454545454,0.3669172932330827,1,0,0,1,76.0,87.0,75.0,73.13333333333334
2023-01-23,Southeast Asia,Storage,91,1033,200,85.21,0.93,0,0.9191919191919192,0.5177944862155388,1,0,0,1,54.0,60.0,79.42857142857143,73.53333333333333
2023-01-23,Southeast Asia,VM,68,1528,291,85.21,0.93,0,0.6868686868686869,0.7659147869674185,1,0,0,1,91.0,86.0,76.85714285714286,74.0
2023-01-23,North Europe,Container,99,560,321,85.21,0.93,0,1.0,0.2807017543859649,1,0,0,1,68.0,96.0,77.28571428571429,74.5
2023-01-23,North Europe,VM,74,1718,394,85.21,0.93,0,0.7474747474747475,0.8611528822055138,1,0,0,1,99.0,66.0,78.42857142857143,74.23333333333333
2023-01-23,East US,Container,60,610,448,85.21,0.93,0,0.6060606060606061,0.3057644110275689,1,0,0,1,74.0,87.0,74.57142857142857,74.33333333333333
2023-01-23,West US,Storage,60,1897,207,85.21,0.93,0,0.6060606060606061,0.9508771929824561,1,0,0,1,60.0,76.0,72.28571428571429,74.53333333333333
2023-01-23,East US,VM,83,552,404,85.21,0.93,0,0.8383838383838383,0.27669172932330827,1,0,0,1,60.0,54.0,76.42857142857143,75.63333333333334
2023-01-23,East US,Storage,92,542,439,85.21,0.93,0,0.9292929292929293,0.27167919799498746,1,0,0,1,83.0,91.0,76.57142857142857,76.96666666666667
2023-01-23,West US,Container,53,859,383,85.21,0.93,0,0.5353535353535354,0.4305764411027569,1,0,0,1,92.0,68.0,74.42857142857143,75.96666666666667
2023-01-23,West US,VM,72,1706,294,85.21,0.93,0,0.7272727272727273,0.8551378446115289,1,0,0,1,53.0,99.0,70.57142857142857,75.6
2023-01-24,Southeast Asia,Container,51,864,353,95.39,1.11,0,0.5151515151515151,0.4330827067669173,1,1,0,1,72.0,74.0,67.28571428571429,74.4
2023-01-24,Southeast Asia,Storage,72,577,415,95.39,1.11,0,0.7272727272727273,0.28922305764411027,1,1,0,1,51.0,60.0,69.0,73.66666666666667
2023-01-24,Southeast Asia,VM,71,1025,227,95.39,1.11,0,0.7171717171717171,0.5137844611528822,1,1,0,1,72.0,60.0,70.57142857142857,73.7
2023-01-24,North Europe,Storage,98,1776,379,95.39,1.11,0,0.98989898989899,0.8902255639097745,1,1,0,1,71.0,83.0,72.71428571428571,75.0
2023-01-24,North Europe,VM,85,1780,207,95.39,1.11,0,0.8585858585858586,0.8922305764411027,1,1,0,1,98.0,92.0,71.71428571428571,74.96666666666667
2023-01-24,North Europe,Container,64,802,326,95.39,1.11,0,0.6464646464646465,0.4020050125313283,1,1,0,1,85.0,53.0,73.28571428571429,75.43333333333334
2023-01-24,West US,Storage,96,1579,306,95.39,1.11,0,0.9696969696969697,0.7914786967418547,1,1,0,1,64.0,72.0,76.71428571428571,76.33333333333333
2023-01-24,West US,VM,96,1644,413,95.39,1.11,0,0.9696969696969697,0.8240601503759398,1,1,0,1,96.0,51.0,83.14285714285714,77.33333333333333
2023-01-24,East US,Container,94,1596,481,95.39,1.11,0,0.9494949494949495,0.8,1,1,0,1,96.0,72.0,86.28571428571429,77.86666666666666
2023-01-24,East US,Storage,98,1601,417,95.39,1.11,0,0.98989898989899,0.8025062656641604,1,1,0,1,94.0,71.0,90.14285714285714,78.1
2023-01-24,East US,VM,75,1569,233,95.39,1.11,0,0.7575757575757576,0.7864661654135339,1,1,0,1,98.0,98.0,86.85714285714286,77.7
2023-01-24,West US,Container,97,836,225,95.39,1.11,0,0.9797979797979798,0.41904761904761906,1,1,0,1,75.0,85.0,88.57142857142857,78.7
2023-01-25,North Europe,Storage,93,1036,344,103.44,0.82,0,0.9393939393939394,0.519298245614035,1,2,0,1,97.0,64.0,92.71428571428571,78.9
2023-01-25,Southeast Asia,Container,96,727,310,103.44,0.82,0,0.9696969696969697,0.3644110275689223,1,2,0,1,93.0,96.0,92.71428571428571,80.1
2023-01-25,Southeast Asia,Storage,90,608,345,103.44,0.82,0,0.9090909090909091,0.3047619047619048,1,2,0,1,96.0,96.0,91.85714285714286,80.23333333333333
2023-01-25,Southeast Asia,VM,53,1917,266,103.44,0.82,0,0.5353535353535354,0.9609022556390977,1,2,0,1,90.0,94.0,86.0,78.8
2023-01-25,North Europe,Container,62,1735,224,103.44,0.82,0,0.6262626262626263,0.8696741854636592,1,2,0,1,53.0,98.0,80.85714285714286,78.66666666666667
2023-01-25,North Europe,VM,88,585,325,103.44,0.82,0,0.8888888888888888,0.2932330827067669,1,2,0,1,62.0,75.0,82.71428571428571,78.7
2023-01-25,East US,Storage,52,1418,437,103.44,0.82,0,0.5252525252525253,0.7107769423558897,1,2,0,1,88.0,97.0,76.28571428571429,77.9
2023-01-25,West US,Storage,74,984,227,103.44,0.82,0,0.7474747474747475,0.4932330827067669,1,2,0,1,52.0,93.0,73.57142857142857,78.56666666666666
2023-01-25,West US,VM,84,1538,391,103.44,0.82,0,0.8484848484848485,0.7709273182957393,1,2,0,1,74.0,96.0,71.85714285714286,78.33333333333333
2023-01-25,East US,Container,92,1797,493,103.44,0.82,0,0.9292929292929293,0.9007518796992481,1,2,0,1,84.0,90.0,72.14285714285714,79.13333333333334
2023-01-25,East US,VM,63,1198,206,103.44,0.82,0,0.6363636363636364,0.6005012531328321,1,2,0,1,92.0,53.0,73.57142857142857,77.93333333333334
2023-01-25,West US,Container,59,1562,472,103.44,0.82,0,0.5959595959595959,0.7829573934837093,1,2,0,1,63.0,62.0,73.14285714285714,77.43333333333334
2023-01-26,North Europe,Storage,79,1342,294,103.24,0.96,0,0.797979797979798,0.6726817042606517,1,3,0,1,59.0,88.0,71.85714285714286,78.06666666666666
2023-01-26,Southeast Asia,Container,73,1746,205,103.24,0.96,0,0.7373737373737373,0.8751879699248121,1,3,0,1,79.0,52.0,74.85714285714286,78.5
2023-01-26,Southeast Asia,Storage,89,728,235,103.24,0.96,0,0.898989898989899,0.3649122807017544,1,3,0,1,73.0,74.0,77.0,78.7
2023-01-26,Southeast Asia,VM,52,742,230,103.24,0.96,0,0.5252525252525253,0.3719298245614035,1,3,0,1,89.0,84.0,72.42857142857143,77.36666666666666
2023-01-26,North Europe,VM,70,1123,203,103.24,0.96,0,0.7070707070707071,0.562907268170426,1,3,0,1,52.0,92.0,69.28571428571429,77.93333333333334
2023-01-26,North Europe,Container,73,1322,336,103.24,0.96,0,0.7373737373737373,0.66265664160401,1,3,0,1,70.0,63.0,70.71428571428571,77.96666666666667
2023-01-26,West US,Storage,83,1966,428,103.24,0.96,0,0.8383838383838383,0.9854636591478697,1,3,0,1,73.0,59.0,74.14285714285714,79.03333333333333
2023-01-26,West US,VM,55,1191,481,103.24,0.96,0,0.5555555555555556,0.5969924812030075,1,3,0,1,83.0,79.0,70.71428571428571,78.46666666666667
2023-01-26,West US,Container,82,1960,349,103.24,0.96,0,0.8282828282828283,0.9824561403508771,1,3,0,1,55.0,73.0,72.0,78.83333333333333
2023-01-26,East US,Container,68,924,300,103.24,0.96,0,0.6868686868686869,0.4631578947368421,1,3,0,1,82.0,89.0,69.0,77.83333333333333
2023-01-26,East US,Storage,57,1892,435,103.24,0.96,0,0.5757575757575758,0.9483709273182958,1,3,0,1,68.0,52.0,69.71428571428571,76.9
2023-01-26,East US,VM,71,533,310,103.24,0.96,0,0.7171717171717171,0.2671679197994987,1,3,0,1,57.0,70.0,69.85714285714286,77.13333333333334
2023-01-27,Southeast Asia,Storage,86,638,458,93.23,1.06,0,0.8686868686868687,0.3197994987468672,1,4,0,1,71.0,73.0,71.71428571428571,76.8
2023-01-27,Southeast Asia,VM,63,819,237,93.23,1.06,0,0.6363636363636364,0.4105263157894737,1,4,0,1,86.0,83.0,68.85714285714286,75.7
2023-01-27,North Europe,Container,96,500,289,93.23,1.06,0,0.9696969696969697,0.2506265664160401,1,4,0,1,63.0,55.0,74.71428571428571,75.76666666666667
2023-01-27,North Europe,Storage,69,612,339,93.23,1.06,0,0.696969696969697,0.3067669172932331,1,4,0,1,96.0,82.0,72.85714285714286,74.8
2023-01-27,North Europe,VM,53,1223,424,93.23,1.06,0,0.5353535353535354,0.613032581453634,1,4,0,1,69.0,68.0,70.71428571428571,74.06666666666666
2023-01-27,Southeast Asia,Container,82,1401,377,93.23,1.06,0,0.8282828282828283,0.7022556390977444,1,4,0,1,53.0,57.0,74.28571428571429,73.56666666666666
2023-01-27,West US,Storage,57,1549,372,93.23,1.06,0,0.5757575757575758,0.7764411027568923,1,4,0,1,82.0,71.0,72.28571428571429,72.36666666666666
2023-01-27,West US,VM,51,1346,402,93.23,1.06,0,0.5151515151515151,0.67468671679198,1,4,0,1,57.0,86.0,67.28571428571429,70.86666666666666
2023-01-27,East US,Container,98,1003,261,93.23,1.06,0,0.98989898989899,0.5027568922305764,1,4,0,1,51.0,63.0,72.28571428571429,71.13333333333334
2023-01-27,East US,Storage,60,503,333,93.23,1.06,0,0.6060606060606061,0.2521303258145363,1,4,0,1,98.0,96.0,67.14285714285714,71.36666666666666
2023-01-27,East US,VM,51,967,419,93.23,1.06,0,0.5151515151515151,0.48471177944862154,1,4,0,1,60.0,69.0,64.57142857142857,71.0
2023-01-27,West US,Container,93,825,317,93.23,1.06,0,0.9393939393939394,0.41353383458646614,1,4,0,1,51.0,53.0,70.28571428571429,71.16666666666667
2023-01-28,Southeast Asia,Container,70,1688,204,110.31,1.09,1,0.7070707070707071,0.8461152882205514,1,5,1,1,93.0,82.0,68.57142857142857,71.76666666666667
2023-01-28,Southeast Asia,Storage,63,1297,490,110.31,1.09,1,0.6363636363636364,0.650125313283208,1,5,1,1,70.0,57.0,69.42857142857143,71.4
2023-01-28,Southeast Asia,VM,78,1372,428,110.31,1.09,1,0.7878787878787878,0.6877192982456141,1,5,1,1,63.0,51.0,73.28571428571429,71.2
2023-01-28,North Europe,Container,50,1819,259,110.31,1.09,1,0.5050505050505051,0.9117794486215539,1,5,1,1,78.0,98.0,66.42857142857143,69.8
2023-01-28,North Europe,Storage,83,1087,234,110.31,1.09,1,0.8383838383838383,0.5448621553884712,1,5,1,1,50.0,60.0,69.71428571428571,70.46666666666667
2023-01-28,North Europe,VM,93,833,336,110.31,1.09,1,0.9393939393939394,0.41754385964912283,1,5,1,1,83.0,51.0,75.71428571428571,71.6
2023-01-28,West US,Container,84,1618,268,110.31,1.09,1,0.8484848484848485,0.8110275689223058,1,5,1,1,93.0,93.0,74.42857142857143,71.76666666666667
2023-01-28,West US,VM,58,1284,464,110.31,1.09,1,0.5858585858585859,0.643609022556391,1,5,1,1,84.0,70.0,72.71428571428571,71.26666666666667
2023-01-28,East US,Container,89,820,300,110.31,1.09,1,0.898989898989899,0.41102756892230574,1,5,1,1,58.0,63.0,76.42857142857143,71.26666666666667
2023-01-28,East US,Storage,93,1397,212,110.31,1.09,1,0.9393939393939394,0.700250626566416,1,5,1,1,89.0,78.0,78.57142857142857,72.63333333333334
2023-01-28,East US,VM,59,760,337,110.31,1.09,1,0.5959595959595959,0.38095238095238093,1,5,1,1,93.0,50.0,79.85714285714286,72.26666666666667
2023-01-28,West US,Storage,60,1410,237,110.31,1.09,1,0.6060606060606061,0.706766917293233,1,5,1,1,59.0,83.0,76.57142857142857,71.83333333333333
2023-01-29,North Europe,Storage,66,1748,303,91.61,0.97,1,0.6666666666666666,0.8761904761904762,1,6,1,1,60.0,93.0,72.71428571428571,71.26666666666667
2023-01-29,Southeast Asia,Container,96,1812,430,91.61,0.97,1,0.9696969696969697,0.9082706766917293,1,6,1,1,66.0,84.0,74.42857142857143,72.63333333333334
2023-01-29,Southeast Asia,Storage,57,1053,214,91.61,0.97,1,0.5757575757575758,0.5278195488721804,1,6,1,1,96.0,58.0,74.28571428571429,71.8
2023-01-29,Southeast Asia,VM,55,1078,378,91.61,0.97,1,0.5555555555555556,0.5403508771929825,1,6,1,1,57.0,89.0,69.42857142857143,71.36666666666666
2023-01-29,North Europe,Container,89,1562,397,91.61,0.97,1,0.898989898989899,0.7829573934837093,1,6,1,1,55.0,93.0,68.85714285714286,72.43333333333334
2023-01-29,North Europe,VM,64,1492,352,91.61,0.97,1,0.6464646464646465,0.7478696741854637,1,6,1,1,89.0,59.0,69.57142857142857,72.2
2023-01-29,East US,Container,74,1565,288,91.61,0.97,1,0.7474747474747475,0.7844611528822055,1,6,1,1,64.0,60.0,71.57142857142857,71.8
2023-01-29,West US,Storage,89,1299,378,91.61,0.97,1,0.898989898989899,0.6511278195488722,1,6,1,1,74.0,66.0,74.85714285714286,72.66666666666667
2023-01-29,West US,Container,87,1546,262,91.61,0.97,1,0.8787878787878788,0.774937343358396,1,6,1,1,89.0,96.0,73.57142857142857,72.36666666666666
2023-01-29,East US,Storage,75,1073,331,91.61,0.97,1,0.7575757575757576,0.537844611528822,1,6,1,1,87.0,57.0,76.14285714285714,72.56666666666666
2023-01-29,East US,VM,68,1902,277,91.61,0.97,1,0.6868686868686869,0.9533834586466166,1,6,1,1,75.0,55.0,78.0,73.06666666666666
2023-01-29,West US,VM,67,795,494,91.61,0.97,1,0.6767676767676768,0.39849624060150374,1,6,1,1,68.0,89.0,74.85714285714286,72.56666666666666
2023-01-30,North Europe,Container,54,1680,246,103.31,1.1,0,0.5454545454545454,0.8421052631578947,1,0,0,1,67.0,64.0,73.42857142857143,72.46666666666667
2023-01-30,East US,VM,76,919,356,103.31,1.1,0,0.7676767676767676,0.4606516290726817,1,0,0,1,54.0,74.0,73.71428571428571,73.3
2023-01-30,East US,Storage,87,1964,296,103.31,1.1,0,0.8787878787878788,0.9844611528822055,1,0,0,1,76.0,89.0,73.42857142857143,72.93333333333334
2023-01-30,East US,Container,86,1934,488,103.31,1.1,0,0.8686868686868687,0.9694235588972431,1,0,0,1,87.0,87.0,73.28571428571429,73.8
2023-01-30,West US,VM,53,1097,209,103.31,1.1,0,0.5353535353535354,0.549874686716792,1,0,0,1,86.0,75.0,70.14285714285714,73.86666666666666
2023-01-30,West US,Storage,54,1364,317,103.31,1.1,0,0.5454545454545454,0.6837092731829574,1,0,0,1,53.0,68.0,68.14285714285714,72.56666666666666
2023-01-30,West US,Container,87,1682,427,103.31,1.1,0,0.8787878787878788,0.8431077694235589,1,0,0,1,54.0,67.0,71.0,73.13333333333334
2023-01-30,North Europe,VM,94,715,383,103.31,1.1,0,0.9494949494949495,0.3583959899749373,1,0,0,1,87.0,54.0,76.71428571428571,74.16666666666667
2023-01-30,North Europe,Storage,64,1680,335,103.31,1.1,0,0.6464646464646465,0.8421052631578947,1,0,0,1,94.0,76.0,75.0,73.7
2023-01-30,Southeast Asia,VM,53,1343,372,103.31,1.1,0,0.5353535353535354,0.6731829573934837,1,0,0,1,64.0,87.0,70.14285714285714,73.8
2023-01-30,Southeast Asia,Storage,51,1934,294,103.31,1.1,0,0.5151515151515151,0.9694235588972431,1,0,0,1,53.0,86.0,65.14285714285714,72.73333333333333
2023-01-30,Southeast Asia,Container,85,1815,481,103.31,1.1,0,0.8585858585858586,0.9097744360902256,1,0,0,1,51.0,53.0,69.71428571428571,72.46666666666667
2023-01-31,Southeast Asia,VM,86,626,305,95.21,0.98,0,0.8686868686868687,0.3137844611528822,1,1,0,1,85.0,54.0,74.28571428571429,72.53333333333333
2023-01-31,Southeast Asia,Storage,98,1103,486,95.21,0.98,0,0.98989898989899,0.5528822055137844,1,1,0,1,86.0,87.0,75.85714285714286,73.86666666666666
2023-01-31,East US,Container,59,1371,237,95.21,0.98,0,0.5959595959595959,0.687218045112782,1,1,0,1,98.0,94.0,70.85714285714286,72.86666666666666
2023-01-31,North Europe,Container,61,1503,332,95.21,0.98,0,0.6161616161616161,0.7533834586466165,1,1,0,1,59.0,64.0,70.42857142857143,71.8
2023-01-31,Southeast Asia,Container,58,1513,250,95.21,0.98,0,0.5858585858585859,0.7583959899749373,1,1,0,1,61.0,53.0,71.14285714285714,71.76666666666667
2023-01-31,North Europe,Storage,89,1327,370,95.21,0.98,0,0.898989898989899,0.6651629072681704,1,1,0,1,58.0,51.0,76.57142857142857,72.73333333333333
2023-01-31,East US,VM,92,1806,268,95.21,0.98,0,0.9292929292929293,0.9052631578947369,1,1,0,1,89.0,85.0,77.57142857142857,73.6
2023-01-31,West US,Container,62,1457,409,95.21,0.98,0,0.6262626262626263,0.7303258145363408,1,1,0,1,92.0,86.0,74.14285714285714,72.46666666666667
2023-01-31,West US,Storage,96,845,417,95.21,0.98,0,0.9696969696969697,0.42355889724310775,1,1,0,1,62.0,98.0,73.85714285714286,73.76666666666667
2023-01-31,West US,VM,55,1211,222,95.21,0.98,0,0.5555555555555556,0.6070175438596491,1,1,0,1,96.0,59.0,73.28571428571429,73.76666666666667
2023-01-31,East US,Storage,69,510,453,95.21,0.98,0,0.696969696969697,0.2556390977443609,1,1,0,1,55.0,61.0,74.42857142857143,73.1
2023-01-31,North Europe,VM,74,1492,310,95.21,0.98,0,0.7474747474747475,0.7478696741854637,1,1,0,1,69.0,58.0,76.71428571428571,73.43333333333334
2023-02-01,Southeast Asia,VM,92,1454,450,88.94,0.88,0,0.9292929292929293,0.7288220551378446,2,2,0,1,74.0,89.0,77.14285714285714,74.03333333333333
2023-02-01,Southeast Asia,Storage,73,524,379,88.94,0.88,0,0.7373737373737373,0.26265664160401003,2,2,0,1,92.0,92.0,74.42857142857143,73.5
2023-02-01,East US,Container,95,1928,309,88.94,0.88,0,0.9595959595959596,0.9664160401002506,2,2,0,1,73.0,62.0,79.14285714285714,73.76666666666667
2023-02-01,North Europe,Container,51,1733,216,88.94,0.88,0,0.5151515151515151,0.868671679197995,2,2,0,1,95.0,96.0,72.71428571428571,72.96666666666667
2023-02-01,Southeast Asia,Container,55,1684,376,88.94,0.88,0,0.5555555555555556,0.844110275689223,2,2,0,1,51.0,55.0,72.71428571428571,72.53333333333333
2023-02-01,North Europe,Storage,74,574,493,88.94,0.88,0,0.7474747474747475,0.28771929824561404,2,2,0,1,55.0,69.0,73.42857142857143,72.76666666666667
2023-02-01,East US,VM,78,1985,495,88.94,0.88,0,0.7878787878787878,0.9949874686716792,2,2,0,1,74.0,74.0,74.0,73.56666666666666
2023-02-01,West US,Container,59,1959,316,88.94,0.88,0,0.5959595959595959,0.9819548872180451,2,2,0,1,78.0,92.0,69.28571428571429,73.0
2023-02-01,West US,Storage,89,1160,336,88.94,0.88,0,0.898989898989899,0.581453634085213,2,2,0,1,59.0,73.0,71.57142857142857,73.06666666666666
2023-02-01,West US,VM,85,1705,200,88.94,0.88,0,0.8585858585858586,0.8546365914786967,2,2,0,1,89.0,95.0,70.14285714285714,73.03333333333333
2023-02-01,East US,Storage,90,1278,456,88.94,0.88,0,0.9090909090909091,0.6406015037593985,2,2,0,1,85.0,51.0,75.71428571428571,74.26666666666667
2023-02-01,North Europe,VM,75,1436,490,88.94,0.88,0,0.7575757575757576,0.7197994987468672,2,2,0,1,90.0,55.0,78.57142857142857,74.96666666666667
2023-02-02,Southeast Asia,Container,96,1509,393,108.13,1.14,0,0.9696969696969697,0.7563909774436091,2,3,0,1,75.0,74.0,81.71428571428571,75.26666666666667
2023-02-02,Southeast Asia,Storage,67,1268,277,108.13,1.14,0,0.6767676767676768,0.6355889724310777,2,3,0,1,96.0,78.0,80.14285714285714,74.36666666666666
2023-02-02,Southeast Asia,VM,65,1947,218,108.13,1.14,0,0.6565656565656566,0.9759398496240601,2,3,0,1,67.0,59.0,81.0,74.4
2023-02-02,North Europe,Container,79,784,485,108.13,1.14,0,0.797979797979798,0.3929824561403509,2,3,0,1,65.0,89.0,79.57142857142857,75.26666666666667
2023-02-02,North Europe,Storage,68,1841,231,108.13,1.14,0,0.6868686868686869,0.9228070175438596,2,3,0,1,79.0,85.0,77.14285714285714,75.83333333333333
2023-02-02,North Europe,VM,81,1664,414,108.13,1.14,0,0.8181818181818182,0.8340852130325814,2,3,0,1,68.0,90.0,75.85714285714286,75.7
2023-02-02,West US,Storage,71,975,262,108.13,1.14,0,0.7171717171717171,0.48872180451127817,2,3,0,1,81.0,75.0,75.28571428571429,75.2
2023-02-02,West US,VM,90,1188,347,108.13,1.14,0,0.9090909090909091,0.5954887218045113,2,3,0,1,71.0,96.0,74.42857142857143,74.93333333333334
2023-02-02,East US,Container,56,1348,283,108.13,1.14,0,0.5656565656565656,0.6756892230576441,2,3,0,1,90.0,67.0,72.85714285714286,74.83333333333333
2023-02-02,East US,Storage,75,655,248,108.13,1.14,0,0.7575757575757576,0.3283208020050125,2,3,0,1,56.0,65.0,74.28571428571429,75.3
2023-02-02,East US,VM,78,562,349,108.13,1.14,0,0.7878787878787878,0.28170426065162907,2,3,0,1,75.0,79.0,74.14285714285714,75.96666666666667
2023-02-02,West US,Container,89,1060,456,108.13,1.14,0,0.898989898989899,0.531328320802005,2,3,0,1,78.0,68.0,77.14285714285714,75.96666666666667
2023-02-03,Southeast Asia,Container,83,595,287,99.28,1.1,0,0.8383838383838383,0.2982456140350877,2,4,0,1,89.0,81.0,77.42857142857143,75.66666666666667
2023-02-03,Southeast Asia,Storage,82,1506,463,99.28,1.1,0,0.8282828282828283,0.7548872180451128,2,4,0,1,83.0,71.0,79.0,76.33333333333333
2023-02-03,Southeast Asia,VM,96,1752,266,99.28,1.1,0,0.9696969696969697,0.8781954887218045,2,4,0,1,82.0,90.0,79.85714285714286,76.33333333333333
2023-02-03,North Europe,Container,57,1577,448,99.28,1.1,0,0.5757575757575758,0.7904761904761904,2,4,0,1,96.0,56.0,80.0,76.4
2023-02-03,North Europe,Storage,52,942,454,99.28,1.1,0,0.5252525252525253,0.47218045112781953,2,4,0,1,57.0,75.0,76.71428571428571,75.83333333333333
2023-02-03,North Europe,VM,50,812,446,99.28,1.1,0,0.5050505050505051,0.4070175438596491,2,4,0,1,52.0,78.0,72.71428571428571,75.03333333333333
2023-02-03,West US,Container,77,1701,207,99.28,1.1,0,0.7777777777777778,0.8526315789473684,2,4,0,1,50.0,89.0,71.0,74.53333333333333
2023-02-03,West US,VM,88,1299,465,99.28,1.1,0,0.8888888888888888,0.6511278195488722,2,4,0,1,77.0,83.0,71.71428571428571,75.03333333333333
2023-02-03,East US,Container,50,1787,254,99.28,1.1,0,0.5050505050505051,0.8957393483709273,2,4,0,1,88.0,82.0,67.14285714285714,73.53333333333333
2023-02-03,East US,Storage,79,1446,331,99.28,1.1,0,0.797979797979798,0.724812030075188,2,4,0,1,50.0,96.0,64.71428571428571,74.46666666666667
2023-02-03,East US,VM,77,1636,313,99.28,1.1,0,0.7777777777777778,0.8200501253132833,2,4,0,1,79.0,57.0,67.57142857142857,75.2
2023-02-03,West US,Storage,59,661,286,99.28,1.1,0,0.5959595959595959,0.331328320802005,2,4,0,1,77.0,52.0,68.57142857142857,74.7
2023-02-04,Southeast Asia,Container,79,1404,425,103.62,0.94,1,0.797979797979798,0.7037593984962406,2,5,1,1,59.0,50.0,72.71428571428571,74.73333333333333
2023-02-04,Southeast Asia,Storage,54,1304,455,103.62,0.94,1,0.5454545454545454,0.6536340852130326,2,5,1,1,79.0,77.0,69.42857142857143,74.56666666666666
2023-02-04,Southeast Asia,VM,72,1642,219,103.62,0.94,1,0.7272727272727273,0.8230576441102757,2,5,1,1,54.0,88.0,67.14285714285714,74.0
2023-02-04,North Europe,Container,69,1245,394,103.62,0.94,1,0.696969696969697,0.6240601503759399,2,5,1,1,72.0,50.0,69.85714285714286,73.46666666666667
2023-02-04,North Europe,Storage,51,1314,396,103.62,0.94,1,0.5151515151515151,0.6586466165413534,2,5,1,1,69.0,79.0,65.85714285714286,72.16666666666667
2023-02-04,North Europe,VM,78,1199,281,103.62,0.94,1,0.7878787878787878,0.6010025062656642,2,5,1,1,51.0,77.0,66.0,72.26666666666667
2023-02-04,West US,Container,68,1904,235,103.62,0.94,1,0.6868686868686869,0.9543859649122807,2,5,1,1,78.0,59.0,67.28571428571429,71.33333333333333
2023-02-04,West US,Storage,82,650,284,103.62,0.94,1,0.8282828282828283,0.3258145363408521,2,5,1,1,68.0,79.0,67.71428571428571,71.83333333333333
2023-02-04,West US,VM,97,506,462,103.62,0.94,1,0.9797979797979798,0.2536340852130326,2,5,1,1,82.0,54.0,73.85714285714286,72.9
2023-02-04,East US,Container,70,1409,422,103.62,0.94,1,0.7070707070707071,0.706265664160401,2,5,1,1,97.0,72.0,73.57142857142857,72.6
2023-02-04,East US,Storage,95,990,364,103.62,0.94,1,0.9595959595959596,0.49624060150375937,2,5,1,1,70.0,69.0,77.28571428571429,73.5
2023-02-04,East US,VM,63,1811,319,103.62,0.94,1,0.6363636363636364,0.9077694235588972,2,5,1,1,95.0,51.0,79.0,72.9
2023-02-05,Southeast Asia,Storage,86,574,345,103.61,1.15,1,0.8686868686868687,0.28771929824561404,2,6,1,1,63.0,78.0,80.14285714285714,73.4
2023-02-05,Southeast Asia,VM,94,1109,414,103.61,1.15,1,0.9494949494949495,0.555889724310777,2,6,1,1,86.0,68.0,83.85714285714286,73.53333333333333
2023-02-05,North Europe,Container,75,941,228,103.61,1.15,1,0.7575757575757576,0.4716791979949875,2,6,1,1,94.0,82.0,82.85714285714286,74.16666666666667
2023-02-05,North Europe,Storage,71,1758,203,103.61,1.15,1,0.7171717171717171,0.881203007518797,2,6,1,1,75.0,97.0,79.14285714285714,74.03333333333333
2023-02-05,North Europe,VM,88,1724,445,103.61,1.15,1,0.8888888888888888,0.8641604010025062,2,6,1,1,71.0,70.0,81.71428571428571,74.36666666666666
2023-02-05,Southeast Asia,Container,70,541,240,103.61,1.15,1,0.7070707070707071,0.2711779448621554,2,6,1,1,88.0,95.0,78.14285714285714,73.73333333333333
2023-02-05,West US,Storage,63,1020,239,103.61,1.15,1,0.6363636363636364,0.5112781954887218,2,6,1,1,70.0,63.0,78.14285714285714,73.06666666666666
2023-02-05,West US,VM,66,1638,408,103.61,1.15,1,0.6666666666666666,0.8210526315789474,2,6,1,1,63.0,86.0,75.28571428571429,72.53333333333333
2023-02-05,East US,Container,95,627,423,103.61,1.15,1,0.9595959595959596,0.3142857142857143,2,6,1,1,66.0,94.0,75.42857142857143,72.5
2023-02-05,East US,Storage,66,1213,357,103.61,1.15,1,0.6666666666666666,0.6080200501253132,2,6,1,1,95.0,75.0,74.14285714285714,72.8
2023-02-05,East US,VM,93,1353,479,103.61,1.15,1,0.9393939393939394,0.6781954887218045,2,6,1,1,66.0,71.0,77.28571428571429,74.16666666666667
2023-02-05,West US,Container,51,736,480,103.61,1.15,1,0.5151515151515151,0.36892230576441104,2,6,1,1,93.0,88.0,72.0,74.2
2023-02-06,Southeast Asia,Storage,89,510,363,99.64,1.16,0,0.898989898989899,0.2556390977443609,2,0,0,1,51.0,70.0,74.71428571428571,74.6
2023-02-06,Southeast Asia,VM,78,648,466,99.64,1.16,0,0.7878787878787878,0.324812030075188,2,0,0,1,89.0,63.0,76.85714285714286,74.26666666666667
2023-02-06,North Europe,Container,85,1894,481,99.64,1.16,0,0.8585858585858586,0.9493734335839599,2,0,0,1,78.0,66.0,79.57142857142857,75.43333333333334
2023-02-06,North Europe,Storage,95,629,392,99.64,1.16,0,0.9595959595959596,0.31528822055137845,2,0,0,1,85.0,95.0,79.57142857142857,75.96666666666667
2023-02-06,North Europe,VM,66,1421,389,99.64,1.16,0,0.6666666666666666,0.712280701754386,2,0,0,1,95.0,66.0,79.57142857142857,75.6
2023-02-06,Southeast Asia,Container,98,686,494,99.64,1.16,0,0.98989898989899,0.34385964912280703,2,0,0,1,66.0,93.0,80.28571428571429,76.9
2023-02-06,West US,Storage,89,1109,467,99.64,1.16,0,0.898989898989899,0.555889724310777,2,0,0,1,98.0,51.0,85.71428571428571,77.23333333333333
2023-02-06,West US,VM,80,1145,418,99.64,1.16,0,0.8080808080808081,0.5739348370927319,2,0,0,1,89.0,89.0,84.42857142857143,78.1
2023-02-06,East US,Container,72,841,226,99.64,1.16,0,0.7272727272727273,0.42155388471177946,2,0,0,1,80.0,78.0,83.57142857142857,78.1
2023-02-06,East US,Storage,86,1676,275,99.64,1.16,0,0.8686868686868687,0.8401002506265665,2,0,0,1,72.0,85.0,83.71428571428571,78.66666666666667
2023-02-06,East US,VM,87,533,216,99.64,1.16,0,0.8787878787878788,0.2671679197994987,2,0,0,1,86.0,95.0,82.57142857142857,79.86666666666666
2023-02-06,West US,Container,94,1320,372,99.64,1.16,0,0.9494949494949495,0.6616541353383458,2,0,0,1,87.0,66.0,86.57142857142857,80.4
2023-02-07,Southeast Asia,Container,83,1023,474,73.8,1.08,0,0.8383838383838383,0.512781954887218,2,1,0,1,94.0,98.0,84.42857142857143,80.9
2023-02-07,Southeast Asia,Storage,93,671,301,73.8,1.08,0,0.9393939393939394,0.33634085213032583,2,1,0,1,83.0,89.0,85.0,81.26666666666667
2023-02-07,Southeast Asia,VM,88,630,428,73.8,1.08,0,0.8888888888888888,0.3157894736842105,2,1,0,1,93.0,80.0,86.14285714285714,80.96666666666667
2023-02-07,North Europe,Container,92,541,224,73.8,1.08,0,0.9292929292929293,0.2711779448621554,2,1,0,1,88.0,72.0,89.0,81.7
2023-02-07,North Europe,Storage,50,1740,260,73.8,1.08,0,0.5050505050505051,0.8721804511278195,2,1,0,1,92.0,86.0,83.85714285714286,80.2
2023-02-07,North Europe,VM,58,795,216,73.8,1.08,0,0.5858585858585859,0.39849624060150374,2,1,0,1,50.0,87.0,79.71428571428571,80.03333333333333
2023-02-07,West US,Container,75,1973,272,73.8,1.08,0,0.7575757575757576,0.9889724310776943,2,1,0,1,58.0,94.0,77.0,79.66666666666667
2023-02-07,West US,VM,85,1250,347,73.8,1.08,0,0.8585858585858586,0.6265664160401002,2,1,0,1,75.0,83.0,77.28571428571429,79.36666666666666
2023-02-07,East US,Container,71,568,488,73.8,1.08,0,0.7171717171717171,0.2847117794486215,2,1,0,1,85.0,93.0,74.14285714285714,79.23333333333333
2023-02-07,East US,Storage,96,1163,445,73.8,1.08,0,0.9696969696969697,0.5829573934837092,2,1,0,1,71.0,88.0,75.28571428571429,80.06666666666666
2023-02-07,East US,VM,89,1750,297,73.8,1.08,0,0.898989898989899,0.8771929824561403,2,1,0,1,96.0,92.0,74.85714285714286,80.1
2023-02-07,West US,Storage,68,1767,400,73.8,1.08,0,0.6868686868686869,0.8857142857142857,2,1,0,1,89.0,50.0,77.42857142857143,80.03333333333333
2023-02-08,North Europe,Storage,96,1811,465,100.87,0.97,0,0.9696969696969697,0.9077694235588972,2,2,0,1,68.0,58.0,82.85714285714286,81.13333333333334
2023-02-08,Southeast Asia,Storage,56,834,316,100.87,0.97,0,0.5656565656565656,0.4180451127819549,2,2,0,1,96.0,75.0,80.14285714285714,80.8
2023-02-08,Southeast Asia,VM,70,1609,449,100.87,0.97,0,0.7070707070707071,0.8065162907268171,2,2,0,1,56.0,85.0,78.0,79.96666666666667
2023-02-08,North Europe,Container,65,1210,481,100.87,0.97,0,0.6565656565656566,0.606516290726817,2,2,0,1,70.0,71.0,77.14285714285714,79.93333333333334
2023-02-08,North Europe,VM,61,988,225,100.87,0.97,0,0.6161616161616161,0.49523809523809526,2,2,0,1,65.0,96.0,72.14285714285714,78.86666666666666
2023-02-08,Southeast Asia,Container,56,636,375,100.87,0.97,0,0.5656565656565656,0.318796992481203,2,2,0,1,61.0,89.0,67.42857142857143,79.03333333333333
2023-02-08,West US,Storage,72,873,397,100.87,0.97,0,0.7272727272727273,0.43759398496240604,2,2,0,1,56.0,68.0,68.0,78.46666666666667
2023-02-08,East US,VM,86,1567,216,100.87,0.97,0,0.8686868686868687,0.7854636591478696,2,2,0,1,72.0,96.0,66.57142857142857,78.73333333333333
2023-02-08,East US,Storage,59,511,279,100.87,0.97,0,0.5959595959595959,0.256140350877193,2,2,0,1,86.0,56.0,67.0,77.86666666666666
2023-02-08,West US,Container,57,965,288,100.87,0.97,0,0.5757575757575758,0.48370927318295737,2,2,0,1,59.0,70.0,65.14285714285714,76.6
2023-02-08,West US,VM,80,1160,280,100.87,0.97,0,0.8080808080808081,0.581453634085213,2,2,0,1,57.0,65.0,67.28571428571429,77.06666666666666
2023-02-08,East US,Container,73,838,463,100.87,0.97,0,0.7373737373737373,0.42005012531328323,2,2,0,1,80.0,61.0,69.0,76.23333333333333
2023-02-09,Southeast Asia,Storage,82,515,307,100.92,0.8,0,0.8282828282828283,0.2581453634085213,2,3,0,1,73.0,56.0,72.71428571428571,76.0
2023-02-09,Southeast Asia,VM,78,1481,409,100.92,0.8,0,0.7878787878787878,0.7423558897243108,2,3,0,1,82.0,72.0,73.57142857142857,75.93333333333334
2023-02-09,North Europe,Container,64,996,203,100.92,0.8,0,0.6464646464646465,0.4992481203007519,2,3,0,1,78.0,86.0,70.42857142857143,75.66666666666667
2023-02-09,North Europe,Storage,72,863,238,100.92,0.8,0,0.7272727272727273,0.43258145363408523,2,3,0,1,64.0,59.0,72.28571428571429,75.2
2023-02-09,North Europe,VM,86,1694,382,100.92,0.8,0,0.8686868686868687,0.8491228070175438,2,3,0,1,72.0,57.0,76.42857142857143,75.16666666666667
2023-02-09,Southeast Asia,Container,51,810,426,100.92,0.8,0,0.5151515151515151,0.40601503759398494,2,3,0,1,86.0,80.0,72.28571428571429,73.73333333333333
2023-02-09,West US,Storage,84,1119,387,100.92,0.8,0,0.8484848484848485,0.5609022556390978,2,3,0,1,51.0,73.0,73.85714285714286,73.76666666666667
2023-02-09,West US,VM,66,1682,351,100.92,0.8,0,0.6666666666666666,0.8431077694235589,2,3,0,1,84.0,82.0,71.57142857142857,72.86666666666666
2023-02-09,East US,Container,79,871,302,100.92,0.8,0,0.797979797979798,0.43659147869674186,2,3,0,1,66.0,78.0,71.71428571428571,72.56666666666666
2023-02-09,East US,Storage,78,1093,422,100.92,0.8,0,0.7878787878787878,0.5478696741854636,2,3,0,1,79.0,64.0,73.71428571428571,72.1
2023-02-09,East US,VM,57,1326,414,100.92,0.8,0,0.5757575757575758,0.6646616541353384,2,3,0,1,78.0,72.0,71.57142857142857,72.33333333333333
2023-02-09,West US,Container,94,1621,330,100.92,0.8,0,0.9494949494949495,0.812531328320802,2,3,0,1,57.0,86.0,72.71428571428571,73.53333333333333
2023-02-10,Southeast Asia,Container,86,560,397,97.8,1.04,0,0.8686868686868687,0.2807017543859649,2,4,0,1,94.0,51.0,77.71428571428571,73.9
2023-02-10,Southeast Asia,Storage,95,1084,339,97.8,1.04,0,0.9595959595959596,0.5433583959899749,2,4,0,1,86.0,84.0,79.28571428571429,74.23333333333333
2023-02-10,Southeast Asia,VM,86,931,392,97.8,1.04,0,0.8686868686868687,0.4666666666666667,2,4,0,1,95.0,66.0,82.14285714285714,74.73333333333333
2023-02-10,North Europe,Container,79,823,345,97.8,1.04,0,0.797979797979798,0.412531328320802,2,4,0,1,86.0,79.0,82.14285714285714,74.16666666666667
2023-02-10,North Europe,Storage,79,502,341,97.8,1.04,0,0.797979797979798,0.25162907268170426,2,4,0,1,79.0,78.0,82.28571428571429,73.83333333333333
2023-02-10,North Europe,VM,79,1420,264,97.8,1.04,0,0.797979797979798,0.7117794486215538,2,4,0,1,79.0,57.0,85.42857142857143,74.2
2023-02-10,West US,Container,93,1762,465,97.8,1.04,0,0.9393939393939394,0.8832080200501253,2,4,0,1,79.0,94.0,85.28571428571429,74.1
2023-02-10,West US,VM,98,976,444,97.8,1.04,0,0.98989898989899,0.4892230576441103,2,4,0,1,93.0,86.0,87.0,75.5
2023-02-10,East US,Container,81,1562,228,97.8,1.04,0,0.8181818181818182,0.7829573934837093,2,4,0,1,98.0,95.0,85.0,75.86666666666666
2023-02-10,East US,VM,91,1045,450,97.8,1.04,0,0.9191919191919192,0.5238095238095238,2,4,0,1,81.0,86.0,85.71428571428571,76.73333333333333
2023-02-10,West US,Storage,93,1196,471,97.8,1.04,0,0.9393939393939394,0.5994987468671679,2,4,0,1,91.0,79.0,87.71428571428571,77.8
2023-02-10,East US,Storage,62,1664,473,97.8,1.04,0,0.6262626262626263,0.8340852130325814,2,4,0,1,93.0,79.0,85.28571428571429,78.0
2023-02-11,Southeast Asia,Container,67,561,344,114.78,0.95,1,0.6767676767676768,0.281203007518797,2,5,1,1,62.0,79.0,83.57142857142857,77.83333333333333
2023-02-11,North Europe,VM,90,1252,458,114.78,0.95,1,0.9090909090909091,0.6275689223057644,2,5,1,1,67.0,93.0,83.14285714285714,77.96666666666667
2023-02-11,Southeast Asia,Storage,91,918,377,114.78,0.95,1,0.9191919191919192,0.46015037593984964,2,5,1,1,90.0,98.0,82.14285714285714,79.03333333333333
2023-02-11,Southeast Asia,VM,84,1543,440,114.78,0.95,1,0.8484848484848485,0.7734335839598997,2,5,1,1,91.0,81.0,82.57142857142857,79.93333333333334
2023-02-11,North Europe,Container,72,1188,208,114.78,0.95,1,0.7272727272727273,0.5954887218045113,2,5,1,1,84.0,91.0,79.85714285714286,79.66666666666667
2023-02-11,North Europe,Storage,55,553,246,114.78,0.95,1,0.5555555555555556,0.2771929824561403,2,5,1,1,72.0,93.0,74.42857142857143,79.06666666666666
2023-02-11,West US,Container,83,1324,417,114.78,0.95,1,0.8383838383838383,0.6636591478696742,2,5,1,1,55.0,62.0,77.42857142857143,79.1
2023-02-11,West US,VM,57,1833,442,114.78,0.95,1,0.5757575757575758,0.9187969924812031,2,5,1,1,83.0,67.0,76.0,78.4
2023-02-11,East US,Container,56,1063,459,114.78,0.95,1,0.5656565656565656,0.5328320802005012,2,5,1,1,57.0,90.0,71.14285714285714,78.13333333333334
2023-02-11,East US,Storage,62,725,352,114.78,0.95,1,0.6262626262626263,0.3634085213032581,2,5,1,1,56.0,91.0,67.0,77.8
2023-02-11,East US,VM,88,1963,210,114.78,0.95,1,0.8888888888888888,0.9839598997493735,2,5,1,1,62.0,84.0,67.57142857142857,77.86666666666666
2023-02-11,West US,Storage,94,1889,306,114.78,0.95,1,0.9494949494949495,0.9468671679197995,2,5,1,1,88.0,72.0,70.71428571428571,79.3
2023-02-12,Southeast Asia,Storage,57,1774,375,91.92,0.95,1,0.5757575757575758,0.8892230576441102,2,6,1,1,94.0,55.0,71.0,78.4
2023-02-12,Southeast Asia,VM,73,1647,237,91.92,0.95,1,0.7373737373737373,0.825563909774436,2,6,1,1,57.0,83.0,69.57142857142857,78.63333333333334
2023-02-12,North Europe,Container,54,1918,425,91.92,0.95,1,0.5454545454545454,0.9614035087719298,2,6,1,1,73.0,57.0,69.14285714285714,77.8
2023-02-12,North Europe,Storage,64,539,224,91.92,0.95,1,0.6464646464646465,0.27017543859649124,2,6,1,1,54.0,56.0,70.28571428571429,77.33333333333333
2023-02-12,North Europe,VM,61,669,208,91.92,0.95,1,0.6161616161616161,0.33533834586466166,2,6,1,1,64.0,62.0,70.14285714285714,77.46666666666667
2023-02-12,Southeast Asia,Container,75,1413,236,91.92,0.95,1,0.7575757575757576,0.7082706766917293,2,6,1,1,61.0,88.0,68.28571428571429,76.83333333333333
2023-02-12,West US,Storage,60,1451,322,91.92,0.95,1,0.6060606060606061,0.7273182957393484,2,6,1,1,75.0,94.0,63.42857142857143,75.96666666666667
2023-02-12,West US,VM,63,1880,297,91.92,0.95,1,0.6363636363636364,0.9423558897243107,2,6,1,1,60.0,57.0,64.28571428571429,74.9
2023-02-12,East US,Container,96,1612,267,91.92,0.95,1,0.9696969696969697,0.8080200501253133,2,6,1,1,63.0,73.0,67.57142857142857,75.23333333333333
2023-02-12,East US,Storage,84,1280,319,91.92,0.95,1,0.8484848484848485,0.6416040100250626,2,6,1,1,96.0,54.0,71.85714285714286,75.4
2023-02-12,East US,VM,73,502,359,91.92,0.95,1,0.7373737373737373,0.25162907268170426,2,6,1,1,84.0,64.0,73.14285714285714,75.2
2023-02-12,West US,Container,77,1718,425,91.92,0.95,1,0.7777777777777778,0.8611528822055138,2,6,1,1,73.0,61.0,75.42857142857143,75.13333333333334
2023-02-13,Southeast Asia,Container,56,632,434,109.15,1.03,0,0.5656565656565656,0.3167919799498747,2,0,0,1,77.0,75.0,72.71428571428571,73.9
2023-02-13,Southeast Asia,Storage,76,921,387,109.15,1.03,0,0.7676767676767676,0.4616541353383459,2,0,0,1,56.0,60.0,75.0,73.16666666666667
2023-02-13,Southeast Asia,VM,74,1693,390,109.15,1.03,0,0.7474747474747475,0.8486215538847118,2,0,0,1,76.0,63.0,76.57142857142857,72.93333333333334
2023-02-13,North Europe,Container,97,1280,244,109.15,1.03,0,0.9797979797979798,0.6416040100250626,2,0,0,1,74.0,96.0,76.71428571428571,73.13333333333334
2023-02-13,North Europe,Storage,77,852,258,109.15,1.03,0,0.7777777777777778,0.4270676691729323,2,0,0,1,97.0,84.0,75.71428571428571,72.6
2023-02-13,North Europe,VM,73,1670,367,109.15,1.03,0,0.7373737373737373,0.8370927318295739,2,0,0,1,77.0,73.0,75.71428571428571,72.96666666666667
2023-02-13,West US,Container,76,1812,461,109.15,1.03,0,0.7676767676767676,0.9082706766917293,2,0,0,1,73.0,77.0,75.57142857142857,73.26666666666667
2023-02-13,West US,VM,78,614,385,109.15,1.03,0,0.7878787878787878,0.30776942355889725,2,0,0,1,76.0,56.0,78.71428571428571,72.86666666666666
2023-02-13,East US,Container,99,1563,423,109.15,1.03,0,1.0,0.7834586466165413,2,0,0,1,78.0,76.0,82.0,73.13333333333334
2023-02-13,East US,Storage,54,1472,280,109.15,1.03,0,0.5454545454545454,0.7378446115288221,2,0,0,1,99.0,74.0,79.14285714285714,72.13333333333334
2023-02-13,East US,VM,97,1472,483,109.15,1.03,0,0.9797979797979798,0.7378446115288221,2,0,0,1,54.0,97.0,79.14285714285714,72.96666666666667
2023-02-13,West US,Storage,52,1563,239,109.15,1.03,0,0.5252525252525253,0.7834586466165413,2,0,0,1,97.0,77.0,75.57142857142857,72.86666666666666
2023-02-14,North Europe,Storage,66,859,422,94.7,1.05,0,0.6666666666666666,0.4305764411027569,2,1,0,1,52.0,73.0,74.57142857142857,72.3
2023-02-14,Southeast Asia,Storage,90,1747,259,94.7,1.05,0,0.9090909090909091,0.8756892230576441,2,1,0,1,66.0,76.0,76.57142857142857,73.4
2023-02-14,Southeast Asia,VM,97,1849,273,94.7,1.05,0,0.9797979797979798,0.9268170426065163,2,1,0,1,90.0,78.0,79.28571428571429,74.76666666666667
2023-02-14,North Europe,Container,83,1199,362,94.7,1.05,0,0.8383838383838383,0.6010025062656642,2,1,0,1,97.0,99.0,77.0,75.46666666666667
2023-02-14,North Europe,VM,95,1636,432,94.7,1.05,0,0.9595959595959596,0.8200501253132833,2,1,0,1,83.0,54.0,82.85714285714286,75.7
2023-02-14,Southeast Asia,Container,64,1745,236,94.7,1.05,0,0.6464646464646465,0.87468671679198,2,1,0,1,95.0,97.0,78.14285714285714,74.7
2023-02-14,West US,Storage,63,1088,211,94.7,1.05,0,0.6363636363636364,0.5453634085213033,2,1,0,1,64.0,52.0,79.71428571428571,74.9
2023-02-14,West US,VM,88,581,457,94.7,1.05,0,0.8888888888888888,0.2912280701754386,2,1,0,1,63.0,66.0,82.85714285714286,75.4
2023-02-14,East US,Container,92,1960,357,94.7,1.05,0,0.9292929292929293,0.9824561403508771,2,1,0,1,88.0,90.0,83.14285714285714,76.66666666666667
2023-02-14,East US,Storage,80,1034,359,94.7,1.05,0,0.8080808080808081,0.5182957393483709,2,1,0,1,92.0,97.0,80.71428571428571,77.2
2023-02-14,East US,VM,94,1325,448,94.7,1.05,0,0.9494949494949495,0.6641604010025063,2,1,0,1,80.0,83.0,82.28571428571429,78.3
2023-02-14,West US,Container,88,1747,212,94.7,1.05,0,0.8888888888888888,0.8756892230576441,2,1,0,1,94.0,95.0,81.28571428571429,78.73333333333333
2023-02-15,Southeast Asia,Container,72,1953,425,100.97,1.1,0,0.7272727272727273,0.9789473684210527,2,2,0,1,88.0,64.0,82.42857142857143,79.13333333333334
2023-02-15,Southeast Asia,Storage,96,578,257,100.97,1.1,0,0.9696969696969697,0.28972431077694233,2,2,0,1,72.0,63.0,87.14285714285714,80.23333333333333
2023-02-15,Southeast Asia,VM,60,1556,333,100.97,1.1,0,0.6060606060606061,0.7799498746867168,2,2,0,1,96.0,88.0,83.14285714285714,79.03333333333333
2023-02-15,North Europe,Container,61,1530,228,100.97,1.1,0,0.6161616161616161,0.7669172932330827,2,2,0,1,60.0,92.0,78.71428571428571,78.26666666666667
2023-02-15,North Europe,Storage,85,1262,426,100.97,1.1,0,0.8585858585858586,0.6325814536340852,2,2,0,1,61.0,80.0,79.42857142857143,78.66666666666667
2023-02-15,North Europe,VM,96,784,403,100.97,1.1,0,0.9696969696969697,0.3929824561403509,2,2,0,1,85.0,94.0,79.71428571428571,79.3
2023-02-15,West US,Container,67,805,469,100.97,1.1,0,0.6767676767676768,0.40350877192982454,2,2,0,1,96.0,88.0,76.71428571428571,79.66666666666667
2023-02-15,West US,Storage,71,973,319,100.97,1.1,0,0.7171717171717171,0.48771929824561405,2,2,0,1,67.0,72.0,76.57142857142857,79.5
2023-02-15,West US,VM,66,1023,392,100.97,1.1,0,0.6666666666666666,0.512781954887218,2,2,0,1,71.0,96.0,72.28571428571429,79.23333333333333
2023-02-15,East US,Container,53,1230,391,100.97,1.1,0,0.5353535353535354,0.6165413533834586,2,2,0,1,66.0,60.0,71.28571428571429,77.76666666666667
2023-02-15,East US,Storage,69,983,441,100.97,1.1,0,0.696969696969697,0.49273182957393485,2,2,0,1,53.0,61.0,72.42857142857143,77.5
2023-02-15,East US,VM,78,777,395,100.97,1.1,0,0.7878787878787878,0.3894736842105263,2,2,0,1,69.0,85.0,71.42857142857143,77.66666666666667
2023-02-16,Southeast Asia,Storage,98,1292,479,92.98,0.97,0,0.98989898989899,0.6476190476190476,2,3,0,1,78.0,96.0,71.71428571428571,78.4
2023-02-16,Southeast Asia,VM,87,1685,362,92.98,0.97,0,0.8787878787878788,0.8446115288220551,2,3,0,1,98.0,67.0,74.57142857142857,78.7
2023-02-16,North Europe,Container,55,1976,456,92.98,0.97,0,0.5555555555555556,0.9904761904761905,2,3,0,1,87.0,71.0,72.28571428571429,77.23333333333333
2023-02-16,North Europe,Storage,96,1368,283,92.98,0.97,0,0.9696969696969697,0.6857142857142857,2,3,0,1,55.0,66.0,76.57142857142857,78.63333333333334
2023-02-16,North Europe,VM,77,1488,220,92.98,0.97,0,0.7777777777777778,0.7458646616541353,2,3,0,1,96.0,53.0,80.0,77.96666666666667
2023-02-16,Southeast Asia,Container,61,1794,407,92.98,0.97,0,0.6161616161616161,0.8992481203007519,2,3,0,1,77.0,69.0,78.85714285714286,78.26666666666667
2023-02-16,West US,Storage,63,1607,221,92.98,0.97,0,0.6363636363636364,0.8055137844611528,2,3,0,1,61.0,78.0,76.71428571428571,78.16666666666667
2023-02-16,West US,VM,81,1653,374,92.98,0.97,0,0.8181818181818182,0.8285714285714286,2,3,0,1,63.0,98.0,74.28571428571429,77.86666666666666
2023-02-16,East US,Container,78,656,274,92.98,0.97,0,0.7878787878787878,0.3288220551378446,2,3,0,1,81.0,87.0,73.0,77.23333333333333
2023-02-16,East US,Storage,62,538,470,92.98,0.97,0,0.6262626262626263,0.2696741854636591,2,3,0,1,78.0,55.0,74.0,76.53333333333333
2023-02-16,East US,VM,78,1015,298,92.98,0.97,0,0.7878787878787878,0.5087719298245614,2,3,0,1,62.0,96.0,71.42857142857143,75.96666666666667
2023-02-16,West US,Container,60,1348,435,92.98,0.97,0,0.6060606060606061,0.6756892230576441,2,3,0,1,78.0,77.0,69.0,75.83333333333333
2023-02-17,Southeast Asia,Storage,60,1587,404,96.08,0.85,0,0.6060606060606061,0.7954887218045112,2,4,0,1,60.0,61.0,68.85714285714286,75.73333333333333
2023-02-17,Southeast Asia,VM,51,1867,271,96.08,0.85,0,0.5151515151515151,0.9358395989974937,2,4,0,1,60.0,63.0,67.14285714285714,74.5
2023-02-17,North Europe,Container,97,1516,413,96.08,0.85,0,0.9797979797979798,0.7598997493734336,2,4,0,1,51.0,81.0,69.42857142857143,74.66666666666667
2023-02-17,North Europe,Storage,93,1020,365,96.08,0.85,0,0.9393939393939394,0.5112781954887218,2,4,0,1,97.0,78.0,71.57142857142857,75.1
2023-02-17,North Europe,VM,63,954,472,96.08,0.85,0,0.6363636363636364,0.4781954887218045,2,4,0,1,93.0,62.0,71.71428571428571,74.06666666666666
2023-02-17,Southeast Asia,Container,66,571,476,96.08,0.85,0,0.6666666666666666,0.2862155388471178,2,4,0,1,63.0,78.0,70.0,73.33333333333333
2023-02-17,West US,Storage,73,877,245,96.08,0.85,0,0.7373737373737373,0.4395989974937343,2,4,0,1,66.0,60.0,71.85714285714286,73.36666666666666
2023-02-17,West US,VM,99,698,380,96.08,0.85,0,1.0,0.349874686716792,2,4,0,1,73.0,60.0,77.42857142857143,73.46666666666667
2023-02-17,East US,Container,64,1550,373,96.08,0.85,0,0.6464646464646465,0.7769423558897243,2,4,0,1,99.0,51.0,79.28571428571429,73.6
2023-02-17,East US,Storage,78,1832,207,96.08,0.85,0,0.7878787878787878,0.9182957393483709,2,4,0,1,64.0,97.0,76.57142857142857,74.16666666666667
2023-02-17,East US,VM,76,1583,344,96.08,0.85,0,0.7676767676767676,0.7934837092731829,2,4,0,1,78.0,93.0,74.14285714285714,73.86666666666666
2023-02-17,West US,Container,64,1676,421,96.08,0.85,0,0.6464646464646465,0.8401002506265665,2,4,0,1,76.0,63.0,74.28571428571429,72.8
2023-02-18,Southeast Asia,Container,51,1689,289,102.96,1.03,1,0.5151515151515151,0.8466165413533835,2,5,1,1,64.0,66.0,72.14285714285714,72.26666666666667
2023-02-18,Southeast Asia,Storage,75,1417,302,102.96,1.03,1,0.7575757575757576,0.7102756892230576,2,5,1,1,51.0,73.0,72.42857142857143,72.4
2023-02-18,Southeast Asia,VM,82,1088,315,102.96,1.03,1,0.8282828282828283,0.5453634085213033,2,5,1,1,75.0,99.0,70.0,72.93333333333334
2023-02-18,North Europe,Container,82,501,424,102.96,1.03,1,0.8282828282828283,0.2511278195488722,2,5,1,1,82.0,64.0,72.57142857142857,73.9
2023-02-18,North Europe,Storage,82,1213,441,102.96,1.03,1,0.8282828282828283,0.6080200501253132,2,5,1,1,82.0,78.0,73.14285714285714,74.33333333333333
2023-02-18,North Europe,VM,71,591,347,102.96,1.03,1,0.7171717171717171,0.2962406015037594,2,5,1,1,82.0,76.0,72.42857142857143,74.1
2023-02-18,West US,Container,81,1986,279,102.96,1.03,1,0.8181818181818182,0.9954887218045113,2,5,1,1,71.0,64.0,74.85714285714286,73.53333333333333
2023-02-18,West US,VM,71,1611,240,102.96,1.03,1,0.7171717171717171,0.8075187969924812,2,5,1,1,81.0,51.0,77.71428571428571,73.0
2023-02-18,East US,Container,82,601,466,102.96,1.03,1,0.8282828282828283,0.3012531328320802,2,5,1,1,71.0,75.0,78.71428571428571,73.9
2023-02-18,East US,Storage,87,510,416,102.96,1.03,1,0.8787878787878788,0.2556390977443609,2,5,1,1,82.0,82.0,79.42857142857143,73.6
2023-02-18,East US,VM,67,1843,294,102.96,1.03,1,0.6767676767676768,0.9238095238095239,2,5,1,1,87.0,82.0,77.28571428571429,73.26666666666667
2023-02-18,West US,Storage,66,1087,245,102.96,1.03,1,0.6666666666666666,0.5448621553884712,2,5,1,1,67.0,82.0,75.0,73.43333333333334
2023-02-19,North Europe,Storage,60,1607,407,100.05,0.98,1,0.6060606060606061,0.8055137844611528,2,6,1,1,66.0,71.0,73.42857142857143,73.33333333333333
2023-02-19,Southeast Asia,Storage,90,1373,213,100.05,0.98,1,0.9090909090909091,0.6882205513784461,2,6,1,1,60.0,81.0,74.71428571428571,73.63333333333334
2023-02-19,Southeast Asia,VM,75,1394,202,100.05,0.98,1,0.7575757575757576,0.6987468671679198,2,6,1,1,90.0,71.0,75.28571428571429,73.53333333333333
2023-02-19,North Europe,Container,53,1913,221,100.05,0.98,1,0.5353535353535354,0.9588972431077695,2,6,1,1,75.0,82.0,71.14285714285714,73.23333333333333
2023-02-19,North Europe,VM,96,750,206,100.05,0.98,1,0.9696969696969697,0.37593984962406013,2,6,1,1,53.0,87.0,72.42857142857143,73.83333333333333
2023-02-19,Southeast Asia,Container,60,1477,211,100.05,0.98,1,0.6060606060606061,0.7403508771929824,2,6,1,1,96.0,67.0,71.42857142857143,73.83333333333333
2023-02-19,West US,Storage,81,1052,403,100.05,0.98,1,0.8181818181818182,0.5273182957393484,2,6,1,1,60.0,66.0,73.57142857142857,74.53333333333333
2023-02-19,East US,VM,95,621,342,100.05,0.98,1,0.9595959595959596,0.3112781954887218,2,6,1,1,81.0,60.0,78.57142857142857,76.0
2023-02-19,East US,Storage,83,605,322,100.05,0.98,1,0.8383838383838383,0.3032581453634085,2,6,1,1,95.0,90.0,77.57142857142857,75.53333333333333
2023-02-19,West US,Container,57,1841,283,100.05,0.98,1,0.5757575757575758,0.9228070175438596,2,6,1,1,83.0,75.0,75.0,74.33333333333333
2023-02-19,West US,VM,58,1882,422,100.05,0.98,1,0.5858585858585859,0.943358395989975,2,6,1,1,57.0,53.0,75.71428571428571,74.16666666666667
2023-02-19,East US,Container,55,508,461,100.05,0.98,1,0.5555555555555556,0.2546365914786967,2,6,1,1,58.0,96.0,69.85714285714286,73.8
2023-02-20,Southeast Asia,Storage,80,1456,223,85.85,0.96,0,0.8080808080808081,0.7298245614035088,2,0,0,1,55.0,60.0,72.71428571428571,74.03333333333333
2023-02-20,Southeast Asia,VM,64,852,412,85.85,0.96,0,0.6464646464646465,0.4270676691729323,2,0,0,1,80.0,81.0,70.28571428571429,72.86666666666666
2023-02-20,North Europe,Container,84,944,292,85.85,0.96,0,0.8484848484848485,0.4731829573934837,2,0,0,1,64.0,95.0,68.71428571428571,73.53333333333333
2023-02-20,North Europe,Storage,52,1423,401,85.85,0.96,0,0.5252525252525253,0.7132832080200501,2,0,0,1,84.0,83.0,64.28571428571429,72.66666666666667
2023-02-20,North Europe,VM,71,1048,258,85.85,0.96,0,0.7171717171717171,0.5253132832080201,2,0,0,1,52.0,57.0,66.28571428571429,72.5
2023-02-20,Southeast Asia,Container,69,1304,203,85.85,0.96,0,0.696969696969697,0.6536340852130326,2,0,0,1,71.0,58.0,67.85714285714286,72.66666666666667
2023-02-20,West US,Storage,81,806,499,85.85,0.96,0,0.8181818181818182,0.40401002506265665,2,0,0,1,69.0,55.0,71.57142857142857,73.66666666666667
2023-02-20,West US,VM,57,808,382,85.85,0.96,0,0.5757575757575758,0.4050125313283208,2,0,0,1,81.0,80.0,68.28571428571429,73.06666666666666
2023-02-20,East US,Container,68,1249,372,85.85,0.96,0,0.6868686868686869,0.6260651629072682,2,0,0,1,57.0,64.0,68.85714285714286,72.6
2023-02-20,East US,Storage,94,1766,321,85.85,0.96,0,0.9494949494949495,0.8852130325814537,2,0,0,1,68.0,84.0,70.28571428571429,73.0
2023-02-20,East US,VM,72,1408,224,85.85,0.96,0,0.7272727272727273,0.7057644110275689,2,0,0,1,94.0,52.0,73.14285714285714,72.66666666666667
2023-02-20,West US,Container,67,1413,410,85.85,0.96,0,0.6767676767676768,0.7082706766917293,2,0,0,1,72.0,71.0,72.57142857142857,72.53333333333333
2023-02-21,Southeast Asia,Container,54,1504,240,96.57,0.92,0,0.5454545454545454,0.7538847117794486,2,1,0,1,67.0,69.0,70.42857142857143,71.63333333333334
2023-02-21,Southeast Asia,Storage,63,501,492,96.57,0.92,0,0.6363636363636364,0.2511278195488722,2,1,0,1,54.0,81.0,67.85714285714286,71.36666666666666
2023-02-21,Southeast Asia,VM,91,1439,213,96.57,0.92,0,0.9191919191919192,0.7213032581453634,2,1,0,1,63.0,57.0,72.71428571428571,71.66666666666667
2023-02-21,North Europe,Container,85,1251,286,96.57,0.92,0,0.8585858585858586,0.6270676691729323,2,1,0,1,91.0,68.0,75.14285714285714,71.6
2023-02-21,North Europe,Storage,84,1293,207,96.57,0.92,0,0.8484848484848485,0.6481203007518797,2,1,0,1,85.0,94.0,73.71428571428571,72.16666666666667
2023-02-21,North Europe,VM,89,520,424,96.57,0.92,0,0.898989898989899,0.2606516290726817,2,1,0,1,84.0,72.0,76.14285714285714,72.93333333333334
2023-02-21,West US,Container,61,1760,217,96.57,0.92,0,0.6161616161616161,0.8822055137844611,2,1,0,1,89.0,67.0,75.28571428571429,72.96666666666667
2023-02-21,West US,VM,83,1077,461,96.57,0.92,0,0.8383838383838383,0.5398496240601504,2,1,0,1,61.0,54.0,79.42857142857143,72.73333333333333
2023-02-21,East US,Container,90,919,449,96.57,0.92,0,0.9090909090909091,0.4606516290726817,2,1,0,1,83.0,63.0,83.28571428571429,73.23333333333333
2023-02-21,East US,VM,77,1887,219,96.57,0.92,0,0.7777777777777778,0.9458646616541353,2,1,0,1,90.0,91.0,81.28571428571429,74.03333333333333
2023-02-21,West US,Storage,88,1254,385,96.57,0.92,0,0.8888888888888888,0.6285714285714286,2,1,0,1,77.0,85.0,81.71428571428571,73.76666666666667
2023-02-21,East US,Storage,73,1446,295,96.57,0.92,0,0.7373737373737373,0.724812030075188,2,1,0,1,88.0,84.0,80.14285714285714,74.2
2023-02-22,Southeast Asia,Container,92,1471,200,98.39,1.04,0,0.9292929292929293,0.73734335839599,2,2,0,1,73.0,89.0,80.57142857142857,74.56666666666666
2023-02-22,North Europe,VM,94,1418,486,98.39,1.04,0,0.9494949494949495,0.7107769423558897,2,2,0,1,92.0,61.0,85.28571428571429,74.53333333333333
2023-02-22,Southeast Asia,Storage,54,1799,463,98.39,1.04,0,0.5454545454545454,0.9017543859649123,2,2,0,1,94.0,83.0,81.14285714285714,73.56666666666666
2023-02-22,Southeast Asia,VM,59,1343,456,98.39,1.04,0,0.5959595959595959,0.6731829573934837,2,2,0,1,54.0,90.0,76.71428571428571,73.63333333333334
2023-02-22,North Europe,Container,63,1091,292,98.39,1.04,0,0.6363636363636364,0.5468671679197995,2,2,0,1,59.0,77.0,74.71428571428571,73.8
2023-02-22,North Europe,Storage,60,1533,394,98.39,1.04,0,0.6060606060606061,0.7684210526315789,2,2,0,1,63.0,88.0,70.71428571428571,73.96666666666667
2023-02-22,West US,Container,50,1947,363,98.39,1.04,0,0.5050505050505051,0.9759398496240601,2,2,0,1,60.0,73.0,67.42857142857143,72.96666666666667
2023-02-22,West US,VM,74,527,265,98.39,1.04,0,0.7474747474747475,0.26416040100250626,2,2,0,1,50.0,92.0,64.85714285714286,73.3
2023-02-22,East US,Container,88,1337,344,98.39,1.04,0,0.8888888888888888,0.6701754385964912,2,2,0,1,74.0,94.0,64.0,73.43333333333334
2023-02-22,East US,Storage,74,1607,329,98.39,1.04,0,0.7474747474747475,0.8055137844611528,2,2,0,1,88.0,54.0,66.85714285714286,74.16666666666667
2023-02-22,East US,VM,96,513,430,98.39,1.04,0,0.9696969696969697,0.2571428571428571,2,2,0,1,74.0,59.0,72.14285714285714,75.0
2023-02-22,West US,Storage,84,1752,460,98.39,1.04,0,0.8484848484848485,0.8781954887218045,2,2,0,1,96.0,63.0,75.14285714285714,75.5
2023-02-23,Southeast Asia,Storage,54,1684,378,118.86,1.02,0,0.5454545454545454,0.844110275689223,2,3,0,1,84.0,60.0,74.28571428571429,74.6
2023-02-23,Southeast Asia,VM,55,984,444,118.86,1.02,0,0.5555555555555556,0.4932330827067669,2,3,0,1,54.0,50.0,75.0,74.53333333333333
2023-02-23,North Europe,Container,50,618,234,118.86,1.02,0,0.5050505050505051,0.3097744360902256,2,3,0,1,55.0,74.0,71.57142857142857,73.93333333333334
2023-02-23,North Europe,Storage,69,781,484,118.86,1.02,0,0.696969696969697,0.39147869674185465,2,3,0,1,50.0,88.0,68.85714285714286,73.1
2023-02-23,North Europe,VM,58,1010,492,118.86,1.02,0,0.5858585858585859,0.506265664160401,2,3,0,1,69.0,74.0,66.57142857142857,72.63333333333334
2023-02-23,Southeast Asia,Container,63,1535,475,118.86,1.02,0,0.6363636363636364,0.7694235588972431,2,3,0,1,58.0,96.0,61.857142857142854,72.5
2023-02-23,West US,Storage,55,1119,450,118.86,1.02,0,0.5555555555555556,0.5609022556390978,2,3,0,1,63.0,84.0,57.714285714285715,72.53333333333333
2023-02-23,West US,VM,93,655,406,118.86,1.02,0,0.9393939393939394,0.3283208020050125,2,3,0,1,55.0,54.0,63.285714285714285,73.53333333333333
2023-02-23,East US,Container,86,804,319,118.86,1.02,0,0.8686868686868687,0.4030075187969925,2,3,0,1,93.0,55.0,67.71428571428571,73.36666666666666
2023-02-23,East US,Storage,92,1186,403,118.86,1.02,0,0.9292929292929293,0.5944862155388471,2,3,0,1,86.0,50.0,73.71428571428571,73.6
2023-02-23,East US,VM,69,1807,320,118.86,1.02,0,0.696969696969697,0.9057644110275689,2,3,0,1,92.0,69.0,73.71428571428571,73.1
2023-02-23,West US,Container,69,833,329,118.86,1.02,0,0.696969696969697,0.41754385964912283,2,3,0,1,69.0,58.0,75.28571428571429,72.43333333333334
2023-02-24,Southeast Asia,Container,75,926,313,102.58,0.99,0,0.7575757575757576,0.4641604010025063,2,4,0,1,69.0,63.0,77.0,72.9
2023-02-24,Southeast Asia,Storage,83,1716,318,102.58,0.99,0,0.8383838383838383,0.8601503759398497,2,4,0,1,75.0,55.0,81.0,72.9
2023-02-24,Southeast Asia,VM,96,585,374,102.58,0.99,0,0.9696969696969697,0.2932330827067669,2,4,0,1,83.0,93.0,81.42857142857143,73.1
2023-02-24,North Europe,Container,57,1168,204,102.58,0.99,0,0.5757575757575758,0.5854636591478697,2,4,0,1,96.0,86.0,77.28571428571429,72.43333333333334
2023-02-24,North Europe,Storage,57,1864,328,102.58,0.99,0,0.5757575757575758,0.9343358395989975,2,4,0,1,57.0,92.0,72.28571428571429,71.4
2023-02-24,North Europe,VM,94,807,433,102.58,0.99,0,0.9494949494949495,0.4045112781954887,2,4,0,1,57.0,69.0,75.85714285714286,72.1
2023-02-24,West US,Container,69,650,325,102.58,0.99,0,0.696969696969697,0.3258145363408521,2,4,0,1,94.0,69.0,75.85714285714286,71.33333333333333
2023-02-24,West US,VM,80,1707,377,102.58,0.99,0,0.8080808080808081,0.8556390977443609,2,4,0,1,69.0,75.0,76.57142857142857,70.86666666666666
2023-02-24,East US,Container,99,1708,238,102.58,0.99,0,1.0,0.856140350877193,2,4,0,1,80.0,83.0,78.85714285714286,72.36666666666666
2023-02-24,East US,Storage,92,625,416,102.58,0.99,0,0.9292929292929293,0.3132832080200501,2,4,0,1,99.0,96.0,78.28571428571429,73.46666666666667
2023-02-24,East US,VM,99,1739,450,102.58,0.99,0,1.0,0.8716791979949875,2,4,0,1,92.0,57.0,84.28571428571429,74.66666666666667
2023-02-24,West US,Storage,72,1951,493,102.58,0.99,0,0.7272727272727273,0.9779448621553885,2,4,0,1,99.0,57.0,86.42857142857143,75.06666666666666
2023-02-25,North Europe,Storage,82,1612,375,80.81,1.0,1,0.8282828282828283,0.8080200501253133,2,5,1,1,72.0,94.0,84.71428571428571,76.13333333333334
2023-02-25,Southeast Asia,Storage,87,993,331,80.81,1.0,1,0.8787878787878788,0.49774436090225566,2,5,1,1,82.0,69.0,87.28571428571429,76.56666666666666
2023-02-25,Southeast Asia,VM,62,1682,297,80.81,1.0,1,0.6262626262626263,0.8431077694235589,2,5,1,1,87.0,80.0,84.71428571428571,75.7
2023-02-25,North Europe,Container,62,1084,444,80.81,1.0,1,0.6262626262626263,0.5433583959899749,2,5,1,1,62.0,99.0,79.42857142857143,75.3
2023-02-25,North Europe,VM,55,1074,272,80.81,1.0,1,0.5555555555555556,0.5383458646616541,2,5,1,1,62.0,92.0,74.14285714285714,73.93333333333334
2023-02-25,Southeast Asia,Container,87,518,281,80.81,1.0,1,0.8787878787878788,0.2596491228070175,2,5,1,1,55.0,99.0,72.42857142857143,74.03333333333333
2023-02-25,West US,Storage,65,1576,268,80.81,1.0,1,0.6565656565656566,0.7899749373433584,2,5,1,1,87.0,72.0,71.42857142857143,74.4
2023-02-25,East US,VM,67,1668,225,80.81,1.0,1,0.6767676767676768,0.8360902255639098,2,5,1,1,65.0,82.0,69.28571428571429,74.8
2023-02-25,East US,Storage,57,802,431,80.81,1.0,1,0.5757575757575758,0.4020050125313283,2,5,1,1,67.0,87.0,65.0,75.03333333333333
2023-02-25,West US,Container,90,1743,391,80.81,1.0,1,0.9090909090909091,0.8736842105263158,2,5,1,1,57.0,62.0,69.0,75.73333333333333
2023-02-25,West US,VM,50,1670,486,80.81,1.0,1,0.5050505050505051,0.8370927318295739,2,5,1,1,90.0,62.0,67.28571428571429,75.46666666666667
2023-02-25,East US,Container,98,1087,488,80.81,1.0,1,0.98989898989899,0.5448621553884712,2,5,1,1,50.0,55.0,73.42857142857143,76.63333333333334
2023-02-26,Southeast Asia,Container,78,1677,352,100.6,1.25,1,0.7878787878787878,0.8406015037593985,2,6,1,1,98.0,87.0,72.14285714285714,77.4
2023-02-26,Southeast Asia,Storage,57,1315,316,100.6,1.25,1,0.5757575757575758,0.6591478696741855,2,6,1,1,78.0,65.0,71.0,76.2
2023-02-26,Southeast Asia,VM,52,584,481,100.6,1.25,1,0.5252525252525253,0.29273182957393484,2,6,1,1,57.0,67.0,68.85714285714286,75.06666666666666
2023-02-26,North Europe,Container,63,1341,464,100.6,1.25,1,0.6363636363636364,0.6721804511278195,2,6,1,1,52.0,57.0,69.71428571428571,74.1
2023-02-26,North Europe,VM,98,790,301,100.6,1.25,1,0.98989898989899,0.39598997493734334,2,6,1,1,63.0,90.0,70.85714285714286,75.06666666666666
2023-02-26,North Europe,Storage,75,1790,309,100.6,1.25,1,0.7575757575757576,0.8972431077694235,2,6,1,1,98.0,50.0,74.42857142857143,75.26666666666667
2023-02-26,West US,Storage,56,642,292,100.6,1.25,1,0.5656565656565656,0.3218045112781955,2,6,1,1,75.0,98.0,68.42857142857143,74.63333333333334
2023-02-26,West US,VM,70,1588,275,100.6,1.25,1,0.7070707070707071,0.7959899749373434,2,6,1,1,56.0,78.0,67.28571428571429,74.2
2023-02-26,East US,Container,73,1321,288,100.6,1.25,1,0.7373737373737373,0.6621553884711779,2,6,1,1,70.0,57.0,69.57142857142857,73.43333333333334
2023-02-26,East US,Storage,68,1888,328,100.6,1.25,1,0.6868686868686869,0.9463659147869674,2,6,1,1,73.0,52.0,71.85714285714286,73.8
2023-02-26,East US,VM,62,1500,478,100.6,1.25,1,0.6262626262626263,0.7518796992481203,2,6,1,1,68.0,63.0,71.71428571428571,73.96666666666667
2023-02-26,West US,Container,74,1940,423,100.6,1.25,1,0.7474747474747475,0.9724310776942355,2,6,1,1,62.0,98.0,68.28571428571429,73.3
2023-02-27,North Europe,Storage,71,1286,489,98.08,1.03,0,0.7171717171717171,0.6446115288220552,2,0,0,1,74.0,75.0,67.71428571428571,73.36666666666666
2023-02-27,Southeast Asia,Storage,84,1667,305,98.08,1.03,0,0.8484848484848485,0.8355889724310777,2,0,0,1,71.0,56.0,71.71428571428571,73.5
2023-02-27,Southeast Asia,Container,85,1169,345,98.08,1.03,0,0.8585858585858586,0.5859649122807018,2,0,0,1,84.0,70.0,73.85714285714286,73.03333333333333
2023-02-27,Southeast Asia,VM,95,1250,355,98.08,1.03,0,0.9595959595959596,0.6265664160401002,2,0,0,1,85.0,73.0,77.0,73.13333333333334
2023-02-27,North Europe,Container,63,1463,251,98.08,1.03,0,0.6363636363636364,0.7333333333333333,2,0,0,1,95.0,68.0,76.28571428571429,71.93333333333334
2023-02-27,North Europe,VM,53,1288,340,98.08,1.03,0,0.5353535353535354,0.6456140350877193,2,0,0,1,63.0,62.0,75.0,71.3
2023-02-27,East US,Storage,64,1823,427,98.08,1.03,0,0.6464646464646465,0.9137844611528823,2,0,0,1,53.0,74.0,73.57142857142857,70.7
2023-02-27,West US,Storage,64,1292,491,98.08,1.03,0,0.6464646464646465,0.6476190476190476,2,0,0,1,64.0,71.0,72.57142857142857,69.93333333333334
2023-02-27,West US,VM,72,1118,316,98.08,1.03,0,0.7272727272727273,0.5604010025062657,2,0,0,1,64.0,84.0,70.85714285714286,70.26666666666667
2023-02-27,East US,Container,64,542,220,98.08,1.03,0,0.6464646464646465,0.27167919799498746,2,0,0,1,72.0,85.0,67.85714285714286,70.33333333333333
2023-02-27,East US,VM,61,1656,492,98.08,1.03,0,0.6161616161616161,0.8300751879699249,2,0,0,1,64.0,95.0,63.0,70.53333333333333
2023-02-27,West US,Container,60,550,470,98.08,1.03,0,0.6060606060606061,0.2756892230576441,2,0,0,1,61.0,63.0,62.57142857142857,69.63333333333334
2023-02-28,Southeast Asia,Container,58,509,320,99.65,0.88,0,0.5858585858585859,0.25513784461152883,2,1,0,1,60.0,53.0,63.285714285714285,69.4
2023-02-28,Southeast Asia,Storage,71,1743,225,99.65,0.88,0,0.7171717171717171,0.8736842105263158,2,1,0,1,58.0,64.0,64.28571428571429,69.53333333333333
2023-02-28,Southeast Asia,VM,71,1641,476,99.65,0.88,0,0.7171717171717171,0.8225563909774436,2,1,0,1,71.0,64.0,65.28571428571429,70.0
2023-02-28,North Europe,Container,91,1058,340,99.65,0.88,0,0.9191919191919192,0.5303258145363409,2,1,0,1,71.0,72.0,68.0,70.03333333333333
2023-02-28,North Europe,VM,85,1607,462,99.65,0.88,0,0.8585858585858586,0.8055137844611528,2,1,0,1,91.0,64.0,71.0,71.2
2023-02-28,North Europe,Storage,50,1695,372,99.65,0.88,0,0.5050505050505051,0.849624060150376,2,1,0,1,85.0,61.0,69.42857142857143,69.6
2023-02-28,West US,Storage,56,1458,440,99.65,0.88,0,0.5656565656565656,0.7308270676691729,2,1,0,1,50.0,60.0,68.85714285714286,68.86666666666666
2023-02-28,East US,VM,51,1088,331,99.65,0.88,0,0.5151515151515151,0.5453634085213033,2,1,0,1,56.0,58.0,67.85714285714286,68.66666666666667
2023-02-28,East US,Storage,75,1868,462,99.65,0.88,0,0.7575757575757576,0.9363408521303258,2,1,0,1,51.0,71.0,68.42857142857143,69.43333333333334
2023-02-28,West US,Container,91,944,497,99.65,0.88,0,0.9191919191919192,0.4731829573934837,2,1,0,1,75.0,71.0,71.28571428571429,70.36666666666666
2023-02-28,West US,VM,88,1408,358,99.65,0.88,0,0.8888888888888888,0.7057644110275689,2,1,0,1,91.0,91.0,70.85714285714286,70.03333333333333
2023-02-28,East US,Container,80,1631,273,99.65,0.88,0,0.8080808080808081,0.8175438596491228,2,1,0,1,88.0,85.0,70.14285714285714,70.2
2023-03-01,Southeast Asia,Storage,66,1161,492,111.43,1.08,0,0.6666666666666666,0.5819548872180451,3,2,0,1,80.0,50.0,72.42857142857143,70.53333333333333
2023-03-01,Southeast Asia,VM,82,1130,348,111.43,1.08,0,0.8282828282828283,0.5664160401002506,3,2,0,1,66.0,56.0,76.14285714285714,70.93333333333334
2023-03-01,North Europe,Container,84,1631,425,111.43,1.08,0,0.8484848484848485,0.8175438596491228,3,2,0,1,82.0,51.0,80.85714285714286,71.3
2023-03-01,North Europe,Storage,54,1186,248,111.43,1.08,0,0.5454545454545454,0.5944862155388471,3,2,0,1,84.0,75.0,77.85714285714286,70.83333333333333
2023-03-01,North Europe,VM,68,1492,441,111.43,1.08,0,0.6868686868686869,0.7478696741854637,3,2,0,1,54.0,91.0,74.57142857142857,71.03333333333333
2023-03-01,Southeast Asia,Container,64,918,359,111.43,1.08,0,0.6464646464646465,0.46015037593984964,3,2,0,1,68.0,88.0,71.14285714285714,70.7
2023-03-01,West US,Storage,85,1583,366,111.43,1.08,0,0.8585858585858586,0.7934837092731829,3,2,0,1,64.0,80.0,71.85714285714286,71.16666666666667
2023-03-01,West US,VM,99,1163,218,111.43,1.08,0,1.0,0.5829573934837092,3,2,0,1,85.0,66.0,76.57142857142857,71.66666666666667
2023-03-01,East US,Container,76,1816,267,111.43,1.08,0,0.7676767676767676,0.9102756892230577,3,2,0,1,99.0,82.0,75.71428571428571,71.36666666666666
2023-03-01,East US,Storage,65,1572,353,111.43,1.08,0,0.6565656565656566,0.7879699248120301,3,2,0,1,76.0,84.0,73.0,70.36666666666666
2023-03-01,East US,VM,91,1083,351,111.43,1.08,0,0.9191919191919192,0.5428571428571428,3,2,0,1,65.0,54.0,78.28571428571429,71.3
2023-03-01,West US,Container,59,1356,345,111.43,1.08,0,0.5959595959595959,0.6796992481203008,3,2,0,1,91.0,68.0,77.0,71.5
2023-03-02,Southeast Asia,Container,62,1060,329,107.91,0.91,0,0.6262626262626263,0.531328320802005,3,3,0,1,59.0,64.0,76.71428571428571,71.43333333333334
2023-03-02,Southeast Asia,Storage,82,1593,395,107.91,0.91,0,0.8282828282828283,0.7984962406015037,3,3,0,1,62.0,85.0,76.28571428571429,72.03333333333333
2023-03-02,Southeast Asia,VM,52,572,335,107.91,0.91,0,0.5252525252525253,0.28671679197994987,3,3,0,1,82.0,99.0,69.57142857142857,71.36666666666666
2023-03-02,North Europe,Container,89,852,363,107.91,0.91,0,0.898989898989899,0.4270676691729323,3,3,0,1,52.0,76.0,71.42857142857143,72.2
2023-03-02,North Europe,Storage,94,1505,235,107.91,0.91,0,0.9494949494949495,0.7543859649122807,3,3,0,1,89.0,65.0,75.57142857142857,73.3
2023-03-02,North Europe,VM,91,787,366,107.91,0.91,0,0.9191919191919192,0.3944862155388471,3,3,0,1,94.0,91.0,75.57142857142857,74.33333333333333
2023-03-02,West US,Container,95,1741,301,107.91,0.91,0,0.9595959595959596,0.8726817042606516,3,3,0,1,91.0,59.0,80.71428571428571,75.56666666666666
2023-03-02,West US,VM,56,1897,324,107.91,0.91,0,0.5656565656565656,0.9508771929824561,3,3,0,1,95.0,62.0,79.85714285714286,75.06666666666666
2023-03-02,East US,Container,74,1269,490,107.91,0.91,0,0.7474747474747475,0.6360902255639098,3,3,0,1,56.0,82.0,78.71428571428571,75.16666666666667
2023-03-02,East US,VM,60,1149,277,107.91,0.91,0,0.6060606060606061,0.5759398496240602,3,3,0,1,74.0,52.0,79.85714285714286,74.13333333333334
2023-03-02,West US,Storage,88,958,479,107.91,0.91,0,0.8888888888888888,0.48020050125313285,3,3,0,1,60.0,89.0,79.71428571428571,74.23333333333333
2023-03-02,East US,Storage,62,1008,453,107.91,0.91,0,0.6262626262626263,0.5052631578947369,3,3,0,1,88.0,94.0,75.14285714285714,74.63333333333334
2023-03-03,Southeast Asia,Container,65,1535,344,114.03,0.86,0,0.6565656565656566,0.7694235588972431,3,4,0,1,62.0,91.0,71.42857142857143,74.93333333333334
2023-03-03,North Europe,VM,83,1994,485,114.03,0.86,0,0.8383838383838383,0.9994987468671679,3,4,0,1,65.0,95.0,69.71428571428571,76.0
2023-03-03,Southeast Asia,Storage,91,945,357,114.03,0.86,0,0.9191919191919192,0.47368421052631576,3,4,0,1,83.0,56.0,74.71428571428571,76.53333333333333
2023-03-03,Southeast Asia,VM,96,1516,407,114.03,0.86,0,0.9696969696969697,0.7598997493734336,3,4,0,1,91.0,74.0,77.85714285714286,76.7
2023-03-03,North Europe,Container,85,952,486,114.03,0.86,0,0.8585858585858586,0.47719298245614034,3,4,0,1,96.0,60.0,81.42857142857143,76.6
2023-03-03,North Europe,Storage,57,1161,499,114.03,0.86,0,0.5757575757575758,0.5819548872180451,3,4,0,1,85.0,88.0,77.0,75.83333333333333
2023-03-03,West US,Container,87,1732,490,114.03,0.86,0,0.8787878787878788,0.8681704260651629,3,4,0,1,57.0,62.0,80.57142857142857,76.53333333333333
2023-03-03,West US,VM,52,841,329,114.03,0.86,0,0.5252525252525253,0.42155388471177946,3,4,0,1,87.0,65.0,78.71428571428571,75.53333333333333
2023-03-03,East US,VM,54,927,226,114.03,0.86,0,0.5454545454545454,0.46466165413533833,3,4,0,1,52.0,83.0,74.57142857142857,74.53333333333333
2023-03-03,West US,Storage,72,1695,457,114.03,0.86,0,0.7272727272727273,0.849624060150376,3,4,0,1,54.0,91.0,71.85714285714286,75.13333333333334
2023-03-03,East US,Container,87,566,499,114.03,0.86,0,0.8787878787878788,0.2837092731829574,3,4,0,1,72.0,96.0,70.57142857142857,75.76666666666667
2023-03-03,East US,Storage,81,648,463,114.03,0.86,0,0.8181818181818182,0.324812030075188,3,4,0,1,87.0,85.0,70.0,76.33333333333333
2023-03-04,Southeast Asia,Storage,90,840,457,105.87,1.22,1,0.9090909090909091,0.42105263157894735,3,5,1,1,81.0,57.0,74.71428571428571,76.5
2023-03-04,Southeast Asia,VM,99,1248,265,105.87,1.22,1,1.0,0.6255639097744361,3,5,1,1,90.0,87.0,76.42857142857143,76.5
2023-03-04,North Europe,Container,85,980,350,105.87,1.22,1,0.8585858585858586,0.49122807017543857,3,5,1,1,99.0,52.0,81.14285714285714,76.8
2023-03-04,North Europe,Storage,61,1237,341,105.87,1.22,1,0.6161616161616161,0.6200501253132832,3,5,1,1,85.0,54.0,82.14285714285714,76.66666666666667
2023-03-04,North Europe,VM,81,1684,471,105.87,1.22,1,0.8181818181818182,0.844110275689223,3,5,1,1,61.0,72.0,83.42857142857143,76.33333333333333
2023-03-04,Southeast Asia,Container,76,1260,379,105.87,1.22,1,0.7676767676767676,0.631578947368421,3,5,1,1,81.0,87.0,81.85714285714286,76.9
2023-03-04,West US,Storage,79,648,283,105.87,1.22,1,0.797979797979798,0.324812030075188,3,5,1,1,76.0,81.0,81.57142857142857,77.46666666666667
2023-03-04,West US,VM,54,1771,320,105.87,1.22,1,0.5454545454545454,0.887719298245614,3,5,1,1,79.0,90.0,76.42857142857143,76.53333333333333
2023-03-04,East US,Container,77,1126,303,105.87,1.22,1,0.7777777777777778,0.5644110275689223,3,5,1,1,54.0,99.0,73.28571428571429,77.36666666666666
2023-03-04,East US,Storage,65,736,478,105.87,1.22,1,0.6565656565656566,0.36892230576441104,3,5,1,1,77.0,85.0,70.42857142857143,76.56666666666666
2023-03-04,East US,VM,65,1479,202,105.87,1.22,1,0.6565656565656566,0.7413533834586467,3,5,1,1,65.0,61.0,71.0,75.6
2023-03-04,West US,Container,55,905,430,105.87,1.22,1,0.5555555555555556,0.45363408521303256,3,5,1,1,65.0,81.0,67.28571428571429,74.4
2023-03-05,Southeast Asia,Container,84,1989,405,90.09,0.94,1,0.8484848484848485,0.9969924812030075,3,6,1,1,55.0,76.0,68.42857142857143,74.03333333333333
2023-03-05,Southeast Asia,Storage,51,1358,329,90.09,0.94,1,0.5151515151515151,0.6807017543859649,3,6,1,1,84.0,79.0,64.42857142857143,73.86666666666666
2023-03-05,Southeast Asia,VM,58,898,362,90.09,0.94,1,0.5858585858585859,0.45012531328320804,3,6,1,1,51.0,54.0,65.0,73.33333333333333
2023-03-05,North Europe,Container,65,1530,213,90.09,0.94,1,0.6565656565656566,0.7669172932330827,3,6,1,1,58.0,77.0,63.285714285714285,73.5
2023-03-05,North Europe,Storage,63,633,266,90.09,0.94,1,0.6363636363636364,0.3172932330827068,3,6,1,1,65.0,65.0,63.0,72.66666666666667
2023-03-05,North Europe,VM,79,1739,357,90.09,0.94,1,0.797979797979798,0.8716791979949875,3,6,1,1,63.0,65.0,65.0,73.23333333333333
2023-03-05,West US,Container,67,1952,490,90.09,0.94,1,0.6767676767676768,0.9784461152882206,3,6,1,1,79.0,55.0,66.71428571428571,73.3
2023-03-05,West US,VM,91,511,438,90.09,0.94,1,0.9191919191919192,0.256140350877193,3,6,1,1,67.0,84.0,67.71428571428571,73.56666666666666
2023-03-05,East US,Container,71,1839,300,90.09,0.94,1,0.7171717171717171,0.9218045112781955,3,6,1,1,91.0,51.0,70.57142857142857,72.9
2023-03-05,East US,VM,72,1719,461,90.09,0.94,1,0.7272727272727273,0.8616541353383459,3,6,1,1,71.0,58.0,72.57142857142857,72.1
2023-03-05,West US,Storage,98,541,365,90.09,0.94,1,0.98989898989899,0.2711779448621554,3,6,1,1,72.0,65.0,77.28571428571429,72.53333333333333
2023-03-05,East US,Storage,84,905,342,90.09,0.94,1,0.8484848484848485,0.45363408521303256,3,6,1,1,98.0,63.0,80.28571428571429,73.43333333333334
2023-03-06,Southeast Asia,Container,78,542,453,101.0,0.95,0,0.7878787878787878,0.27167919799498746,3,0,0,1,84.0,79.0,80.14285714285714,73.13333333333334
2023-03-06,North Europe,Storage,64,1696,211,101.0,0.95,0,0.6464646464646465,0.8501253132832081,3,0,0,1,78.0,67.0,79.71428571428571,73.53333333333333
2023-03-06,Southeast Asia,Storage,67,1488,359,101.0,0.95,0,0.6767676767676768,0.7458646616541353,3,0,0,1,64.0,91.0,76.28571428571429,73.96666666666667
2023-03-06,Southeast Asia,VM,77,1042,219,101.0,0.95,0,0.7777777777777778,0.5223057644110276,3,0,0,1,67.0,71.0,77.14285714285714,74.13333333333334
2023-03-06,North Europe,Container,81,627,295,101.0,0.95,0,0.8181818181818182,0.3142857142857143,3,0,0,1,77.0,72.0,78.42857142857143,73.93333333333334
2023-03-06,North Europe,VM,62,1640,224,101.0,0.95,0,0.6262626262626263,0.8220551378446115,3,0,0,1,81.0,98.0,73.28571428571429,73.3
2023-03-06,West US,Storage,65,1321,437,101.0,0.95,0,0.6565656565656566,0.6621553884711779,3,0,0,1,62.0,84.0,70.57142857142857,72.46666666666667
2023-03-06,West US,VM,63,1332,309,101.0,0.95,0,0.6363636363636364,0.6676691729323309,3,0,0,1,65.0,78.0,68.42857142857143,71.26666666666667
2023-03-06,East US,Container,82,663,294,101.0,0.95,0,0.8282828282828283,0.3323308270676692,3,0,0,1,63.0,64.0,71.0,71.16666666666667
2023-03-06,East US,Storage,51,1292,452,101.0,0.95,0,0.5151515151515151,0.6476190476190476,3,0,0,1,82.0,67.0,68.71428571428571,70.83333333333333
2023-03-06,East US,VM,69,765,224,101.0,0.95,0,0.696969696969697,0.38345864661654133,3,0,0,1,51.0,77.0,67.57142857142857,70.43333333333334
2023-03-06,West US,Container,52,982,224,101.0,0.95,0,0.5252525252525253,0.49223057644110274,3,0,0,1,69.0,81.0,63.42857142857143,69.63333333333334
2023-03-07,Southeast Asia,Storage,88,1284,300,84.49,1.01,0,0.8888888888888888,0.643609022556391,3,1,0,1,52.0,62.0,67.14285714285714,69.93333333333334
2023-03-07,Southeast Asia,VM,82,1783,459,84.49,1.01,0,0.8282828282828283,0.893734335839599,3,1,0,1,88.0,65.0,69.57142857142857,70.86666666666666
2023-03-07,North Europe,Container,65,899,451,84.49,1.01,0,0.6565656565656566,0.4506265664160401,3,1,0,1,82.0,63.0,69.85714285714286,70.46666666666667
2023-03-07,North Europe,Storage,95,1382,462,84.49,1.01,0,0.9595959595959596,0.6927318295739349,3,1,0,1,65.0,82.0,71.71428571428571,71.46666666666667
2023-03-07,North Europe,VM,58,1679,389,84.49,1.01,0,0.5858585858585859,0.8416040100250627,3,1,0,1,95.0,51.0,72.71428571428571,71.23333333333333
2023-03-07,Southeast Asia,Container,88,1903,420,84.49,1.01,0,0.8888888888888888,0.9538847117794487,3,1,0,1,58.0,69.0,75.42857142857143,72.33333333333333
2023-03-07,West US,Storage,80,1579,282,84.49,1.01,0,0.8080808080808081,0.7914786967418547,3,1,0,1,88.0,52.0,79.42857142857143,72.2
2023-03-07,West US,VM,60,1189,452,84.49,1.01,0,0.6060606060606061,0.5959899749373434,3,1,0,1,80.0,88.0,75.42857142857143,72.5
2023-03-07,East US,Container,68,1277,329,84.49,1.01,0,0.6868686868686869,0.6401002506265664,3,1,0,1,60.0,82.0,73.42857142857143,72.83333333333333
2023-03-07,East US,Storage,68,786,204,84.49,1.01,0,0.6868686868686869,0.39398496240601505,3,1,0,1,68.0,65.0,73.85714285714286,72.93333333333334
2023-03-07,East US,VM,51,1583,350,84.49,1.01,0,0.5151515151515151,0.7934837092731829,3,1,0,1,68.0,95.0,67.57142857142857,72.53333333333333
2023-03-07,West US,Container,58,1622,348,84.49,1.01,0,0.5858585858585859,0.8130325814536341,3,1,0,1,51.0,58.0,67.57142857142857,71.83333333333333
2023-03-08,Southeast Asia,Container,85,964,387,89.38,1.05,0,0.8585858585858586,0.4832080200501253,3,2,0,1,58.0,88.0,67.14285714285714,72.43333333333334
2023-03-08,Southeast Asia,Storage,67,672,359,89.38,1.05,0,0.6767676767676768,0.3368421052631579,3,2,0,1,85.0,80.0,65.28571428571429,71.63333333333334
2023-03-08,Southeast Asia,VM,94,1736,380,89.38,1.05,0,0.9494949494949495,0.8701754385964913,3,2,0,1,67.0,60.0,70.14285714285714,72.4
2023-03-08,North Europe,Container,62,712,441,89.38,1.05,0,0.6262626262626263,0.3568922305764411,3,2,0,1,94.0,68.0,69.28571428571429,72.06666666666666
2023-03-08,North Europe,Storage,72,1946,264,89.38,1.05,0,0.7272727272727273,0.9754385964912281,3,2,0,1,62.0,68.0,69.85714285714286,71.2
2023-03-08,North Europe,VM,87,1160,337,89.38,1.05,0,0.8787878787878788,0.581453634085213,3,2,0,1,72.0,51.0,75.0,71.3
2023-03-08,West US,Container,51,904,445,89.38,1.05,0,0.5151515151515151,0.4531328320802005,3,2,0,1,87.0,58.0,74.0,70.4
2023-03-08,West US,VM,77,1481,213,89.38,1.05,0,0.7777777777777778,0.7423558897243108,3,2,0,1,51.0,85.0,72.85714285714286,70.83333333333333
2023-03-08,East US,Container,84,1018,354,89.38,1.05,0,0.8484848484848485,0.5102756892230577,3,2,0,1,77.0,67.0,75.28571428571429,71.4
2023-03-08,East US,Storage,99,1586,315,89.38,1.05,0,1.0,0.7949874686716792,3,2,0,1,84.0,94.0,76.0,72.13333333333334
2023-03-08,East US,VM,85,623,430,89.38,1.05,0,0.8585858585858586,0.312280701754386,3,2,0,1,99.0,62.0,79.28571428571429,72.26666666666667
2023-03-08,West US,Storage,56,1097,332,89.38,1.05,0,0.5656565656565656,0.549874686716792,3,2,0,1,85.0,72.0,77.0,72.06666666666666
2023-03-09,North Europe,Storage,58,924,328,90.81,1.15,0,0.5858585858585859,0.4631578947368421,3,3,0,1,56.0,87.0,72.85714285714286,71.83333333333333
2023-03-09,Southeast Asia,Storage,99,731,476,90.81,1.15,0,1.0,0.36641604010025064,3,3,0,1,58.0,51.0,79.71428571428571,73.03333333333333
2023-03-09,Southeast Asia,VM,78,1620,209,90.81,1.15,0,0.7878787878787878,0.8120300751879699,3,3,0,1,99.0,77.0,79.85714285714286,72.9
2023-03-09,Southeast Asia,Container,77,1214,446,90.81,1.15,0,0.7777777777777778,0.6085213032581454,3,3,0,1,78.0,84.0,78.85714285714286,73.76666666666667
2023-03-09,North Europe,Container,51,1071,247,90.81,1.15,0,0.5151515151515151,0.5368421052631579,3,3,0,1,77.0,99.0,72.0,73.16666666666667
2023-03-09,North Europe,VM,90,691,216,90.81,1.15,0,0.9090909090909091,0.34636591478696743,3,3,0,1,51.0,85.0,72.71428571428571,74.43333333333334
2023-03-09,East US,Container,83,1123,451,90.81,1.15,0,0.8383838383838383,0.562907268170426,3,3,0,1,90.0,56.0,76.57142857142857,74.26666666666667
2023-03-09,West US,Storage,90,1959,241,90.81,1.15,0,0.9090909090909091,0.9819548872180451,3,3,0,1,83.0,58.0,81.14285714285714,74.53333333333333
2023-03-09,West US,VM,67,1243,426,90.81,1.15,0,0.6767676767676768,0.6230576441102756,3,3,0,1,90.0,99.0,76.57142857142857,74.6
2023-03-09,East US,Storage,75,1009,395,90.81,1.15,0,0.7575757575757576,0.505764411027569,3,3,0,1,67.0,78.0,76.14285714285714,73.93333333333334
2023-03-09,East US,VM,60,1202,455,90.81,1.15,0,0.6060606060606061,0.6025062656641604,3,3,0,1,75.0,77.0,73.71428571428571,74.0
2023-03-09,West US,Container,70,1053,312,90.81,1.15,0,0.7070707070707071,0.5278195488721804,3,3,0,1,60.0,51.0,76.42857142857143,73.4
2023-03-10,Southeast Asia,Container,92,941,460,92.17,0.97,0,0.9292929292929293,0.4716791979949875,3,4,0,1,70.0,90.0,76.71428571428571,73.8
2023-03-10,Southeast Asia,Storage,56,998,227,92.17,0.97,0,0.5656565656565656,0.5002506265664161,3,4,0,1,92.0,83.0,72.85714285714286,73.66666666666667
2023-03-10,Southeast Asia,VM,60,935,410,92.17,0.97,0,0.6060606060606061,0.46867167919799496,3,4,0,1,56.0,90.0,68.57142857142857,73.4
2023-03-10,North Europe,Container,89,865,427,92.17,0.97,0,0.898989898989899,0.43358395989974935,3,4,0,1,60.0,67.0,71.71428571428571,74.1
2023-03-10,North Europe,Storage,54,647,476,92.17,0.97,0,0.5454545454545454,0.3243107769423559,3,4,0,1,89.0,75.0,68.71428571428571,74.2
2023-03-10,North Europe,VM,73,1163,216,92.17,0.97,0,0.7373737373737373,0.5829573934837092,3,4,0,1,54.0,60.0,70.57142857142857,74.7
2023-03-10,West US,Container,72,542,308,92.17,0.97,0,0.7272727272727273,0.27167919799498746,3,4,0,1,73.0,70.0,70.85714285714286,74.26666666666667
2023-03-10,West US,Storage,86,1531,399,92.17,0.97,0,0.8686868686868687,0.7674185463659148,3,4,0,1,72.0,92.0,70.0,74.9
2023-03-10,West US,VM,68,1080,286,92.17,0.97,0,0.6868686868686869,0.5413533834586466,3,4,0,1,86.0,56.0,71.71428571428571,74.03333333333333
2023-03-10,East US,Container,66,1455,372,92.17,0.97,0,0.6666666666666666,0.7293233082706767,3,4,0,1,68.0,60.0,72.57142857142857,74.16666666666667
2023-03-10,East US,Storage,57,1444,278,92.17,0.97,0,0.5757575757575758,0.7238095238095238,3,4,0,1,66.0,89.0,68.0,73.66666666666667
2023-03-10,East US,VM,83,1275,413,92.17,0.97,0,0.8383838383838383,0.6390977443609023,3,4,0,1,57.0,54.0,72.14285714285714,73.53333333333333
2023-03-11,Southeast Asia,Storage,60,1021,470,108.14,0.88,1,0.6060606060606061,0.5117794486215539,3,5,1,1,83.0,73.0,70.28571428571429,73.83333333333333
2023-03-11,Southeast Asia,VM,81,1391,425,108.14,0.88,1,0.8181818181818182,0.6972431077694236,3,5,1,1,60.0,72.0,71.57142857142857,73.96666666666667
2023-03-11,North Europe,Container,81,850,487,108.14,0.88,1,0.8181818181818182,0.42606516290726815,3,5,1,1,81.0,86.0,70.85714285714286,73.86666666666666
2023-03-11,North Europe,Storage,61,1269,468,108.14,0.88,1,0.6161616161616161,0.6360902255639098,3,5,1,1,81.0,68.0,69.85714285714286,72.6
2023-03-11,North Europe,VM,99,648,363,108.14,0.88,1,1.0,0.324812030075188,3,5,1,1,61.0,66.0,74.57142857142857,73.06666666666666
2023-03-11,Southeast Asia,Container,66,1435,382,108.14,0.88,1,0.6666666666666666,0.7192982456140351,3,5,1,1,99.0,57.0,75.85714285714286,73.4
2023-03-11,West US,Storage,85,1905,277,108.14,0.88,1,0.8585858585858586,0.9548872180451128,3,5,1,1,66.0,83.0,76.14285714285714,74.3
2023-03-11,West US,VM,89,1420,248,108.14,0.88,1,0.898989898989899,0.7117794486215538,3,5,1,1,85.0,60.0,80.28571428571429,73.96666666666667
2023-03-11,East US,Container,66,1746,335,108.14,0.88,1,0.6666666666666666,0.8751879699248121,3,5,1,1,89.0,81.0,78.14285714285714,73.56666666666666
2023-03-11,East US,Storage,59,1491,419,108.14,0.88,1,0.5959595959595959,0.7473684210526316,3,5,1,1,66.0,81.0,75.0,72.96666666666667
2023-03-11,East US,VM,54,849,207,108.14,0.88,1,0.5454545454545454,0.4255639097744361,3,5,1,1,59.0,61.0,74.0,73.06666666666666
2023-03-11,West US,Container,90,668,416,108.14,0.88,1,0.9090909090909091,0.3348370927318296,3,5,1,1,54.0,99.0,72.71428571428571,73.06666666666666
2023-03-12,Southeast Asia,Storage,81,702,455,102.27,1.13,1,0.8181818181818182,0.3518796992481203,3,6,1,1,90.0,66.0,74.85714285714286,73.0
2023-03-12,Southeast Asia,VM,56,1162,435,102.27,1.13,1,0.5656565656565656,0.5824561403508772,3,6,1,1,81.0,85.0,70.71428571428571,71.86666666666666
2023-03-12,North Europe,Container,57,801,437,102.27,1.13,1,0.5757575757575758,0.40150375939849625,3,6,1,1,56.0,89.0,66.14285714285714,71.53333333333333
2023-03-12,North Europe,Storage,70,1920,348,102.27,1.13,1,0.7070707070707071,0.9624060150375939,3,6,1,1,57.0,66.0,66.71428571428571,71.36666666666666
2023-03-12,North Europe,VM,90,1442,217,102.27,1.13,1,0.9090909090909091,0.7228070175438597,3,6,1,1,70.0,59.0,71.14285714285714,72.36666666666666
2023-03-12,Southeast Asia,Container,71,1161,434,102.27,1.13,1,0.7171717171717171,0.5819548872180451,3,6,1,1,90.0,54.0,73.57142857142857,72.4
2023-03-12,West US,Storage,81,1745,318,102.27,1.13,1,0.8181818181818182,0.87468671679198,3,6,1,1,71.0,90.0,72.28571428571429,72.03333333333333
2023-03-12,West US,VM,98,1387,321,102.27,1.13,1,0.98989898989899,0.6952380952380952,3,6,1,1,81.0,81.0,74.71428571428571,73.43333333333334
2023-03-12,East US,Container,93,1811,373,102.27,1.13,1,0.9393939393939394,0.9077694235588972,3,6,1,1,98.0,56.0,80.0,74.53333333333333
2023-03-12,East US,Storage,74,1289,412,102.27,1.13,1,0.7474747474747475,0.6461152882205514,3,6,1,1,93.0,57.0,82.42857142857143,74.03333333333333
2023-03-12,East US,VM,58,987,323,102.27,1.13,1,0.5858585858585859,0.49473684210526314,3,6,1,1,74.0,70.0,80.71428571428571,74.16666666666667
2023-03-12,West US,Container,88,996,467,102.27,1.13,1,0.8888888888888888,0.4992481203007519,3,6,1,1,58.0,90.0,80.42857142857143,74.66666666666667
2023-03-13,Southeast Asia,Container,57,628,460,83.93,1.02,0,0.5757575757575758,0.3147869674185464,3,0,0,1,88.0,71.0,78.42857142857143,74.16666666666667
2023-03-13,Southeast Asia,Storage,91,1709,343,83.93,1.02,0,0.9191919191919192,0.8566416040100251,3,0,0,1,57.0,81.0,79.85714285714286,74.33333333333333
2023-03-13,Southeast Asia,VM,86,1634,335,83.93,1.02,0,0.8686868686868687,0.819047619047619,3,0,0,1,91.0,98.0,78.14285714285714,74.93333333333334
2023-03-13,North Europe,Container,88,607,480,83.93,1.02,0,0.8888888888888888,0.3042606516290727,3,0,0,1,86.0,93.0,77.42857142857143,75.66666666666667
2023-03-13,North Europe,Storage,68,522,229,83.93,1.02,0,0.6868686868686869,0.26165413533834586,3,0,0,1,88.0,74.0,76.57142857142857,76.03333333333333
2023-03-13,North Europe,VM,82,1195,202,83.93,1.02,0,0.8282828282828283,0.5989974937343359,3,0,0,1,68.0,58.0,80.0,76.0
2023-03-13,West US,Container,92,920,388,83.93,1.02,0,0.9292929292929293,0.46115288220551376,3,0,0,1,82.0,88.0,80.57142857142857,77.06666666666666
2023-03-13,West US,VM,99,1986,287,83.93,1.02,0,1.0,0.9954887218045113,3,0,0,1,92.0,57.0,86.57142857142857,77.66666666666667
2023-03-13,East US,Container,78,712,482,83.93,1.02,0,0.7878787878787878,0.3568922305764411,3,0,0,1,99.0,91.0,84.71428571428571,77.56666666666666
2023-03-13,East US,Storage,62,1989,457,83.93,1.02,0,0.6262626262626263,0.9969924812030075,3,0,0,1,78.0,86.0,81.28571428571429,77.6
2023-03-13,East US,VM,74,1033,484,83.93,1.02,0,0.7474747474747475,0.5177944862155388,3,0,0,1,62.0,88.0,79.28571428571429,76.76666666666667
2023-03-13,West US,Storage,93,960,477,83.93,1.02,0,0.9393939393939394,0.48120300751879697,3,0,0,1,74.0,68.0,82.85714285714286,77.66666666666667
2023-03-14,North Europe,Storage,61,708,213,102.6,1.08,0,0.6161616161616161,0.3548872180451128,3,1,0,1,93.0,82.0,79.85714285714286,76.86666666666666
2023-03-14,Southeast Asia,Storage,68,1624,385,102.6,1.08,0,0.6868686868686869,0.8140350877192982,3,1,0,1,61.0,92.0,76.42857142857143,76.16666666666667
2023-03-14,Southeast Asia,VM,60,1514,269,102.6,1.08,0,0.6060606060606061,0.7588972431077694,3,1,0,1,68.0,99.0,70.85714285714286,75.96666666666667
2023-03-14,North Europe,Container,83,1960,219,102.6,1.08,0,0.8383838383838383,0.9824561403508771,3,1,0,1,60.0,78.0,71.57142857142857,76.76666666666667
2023-03-14,North Europe,VM,91,1101,253,102.6,1.08,0,0.9191919191919192,0.5518796992481203,3,1,0,1,83.0,62.0,75.71428571428571,78.0
2023-03-14,Southeast Asia,Container,53,1904,331,102.6,1.08,0,0.5353535353535354,0.9543859649122807,3,1,0,1,91.0,74.0,72.71428571428571,76.76666666666667
2023-03-14,West US,Storage,90,611,212,102.6,1.08,0,0.9090909090909091,0.306265664160401,3,1,0,1,53.0,93.0,72.28571428571429,77.06666666666666
2023-03-14,East US,VM,52,948,303,102.6,1.08,0,0.5252525252525253,0.47518796992481205,3,1,0,1,90.0,61.0,71.0,76.93333333333334
2023-03-14,East US,Storage,84,1747,209,102.6,1.08,0,0.8484848484848485,0.8756892230576441,3,1,0,1,52.0,68.0,73.28571428571429,77.83333333333333
2023-03-14,West US,Container,58,999,285,102.6,1.08,0,0.5858585858585859,0.5007518796992482,3,1,0,1,84.0,60.0,73.0,77.43333333333334
2023-03-14,West US,VM,76,1422,265,102.6,1.08,0,0.7676767676767676,0.7127819548872181,3,1,0,1,58.0,83.0,72.0,76.96666666666667
2023-03-14,East US,Container,70,801,430,102.6,1.08,0,0.7070707070707071,0.40150375939849625,3,1,0,1,76.0,91.0,69.0,76.93333333333334
2023-03-15,Southeast Asia,Storage,61,1041,316,87.63,0.87,0,0.6161616161616161,0.5218045112781955,3,2,0,1,70.0,53.0,70.14285714285714,76.26666666666667
2023-03-15,Southeast Asia,VM,71,1163,308,87.63,0.87,0,0.7171717171717171,0.5829573934837092,3,2,0,1,61.0,90.0,67.42857142857143,75.36666666666666
2023-03-15,North Europe,Container,68,1842,410,87.63,0.87,0,0.6868686868686869,0.9233082706766917,3,2,0,1,71.0,52.0,69.71428571428571,74.53333333333333
2023-03-15,North Europe,Storage,83,1093,358,87.63,0.87,0,0.8383838383838383,0.5478696741854636,3,2,0,1,68.0,84.0,69.57142857142857,74.83333333333333
2023-03-15,North Europe,VM,53,1265,223,87.63,0.87,0,0.5353535353535354,0.6340852130325815,3,2,0,1,83.0,58.0,68.85714285714286,74.66666666666667
2023-03-15,Southeast Asia,Container,80,1367,391,87.63,0.87,0,0.8080808080808081,0.6852130325814536,3,2,0,1,53.0,76.0,69.42857142857143,74.4
2023-03-15,West US,Storage,56,1015,420,87.63,0.87,0,0.5656565656565656,0.5087719298245614,3,2,0,1,80.0,70.0,67.42857142857143,74.36666666666666
2023-03-15,West US,VM,94,1543,472,87.63,0.87,0,0.9494949494949495,0.7734335839598997,3,2,0,1,56.0,61.0,72.14285714285714,74.46666666666667
2023-03-15,East US,Container,87,1441,459,87.63,0.87,0,0.8787878787878788,0.7223057644110276,3,2,0,1,94.0,71.0,74.42857142857143,74.5
2023-03-15,East US,Storage,75,1992,401,87.63,0.87,0,0.7575757575757576,0.9984962406015038,3,2,0,1,87.0,68.0,75.42857142857143,74.06666666666666
2023-03-15,East US,VM,69,1035,426,87.63,0.87,0,0.696969696969697,0.518796992481203,3,2,0,1,75.0,83.0,73.42857142857143,74.1
2023-03-15,West US,Container,63,835,385,87.63,0.87,0,0.6363636363636364,0.41854636591478694,3,2,0,1,69.0,53.0,74.85714285714286,73.46666666666667
2023-03-16,Southeast Asia,Container,59,549,458,105.22,1.03,0,0.5959595959595959,0.27518796992481204,3,3,0,1,63.0,80.0,71.85714285714286,72.36666666666666
2023-03-16,Southeast Asia,Storage,65,1336,260,105.22,1.03,0,0.6565656565656566,0.6696741854636592,3,3,0,1,59.0,56.0,73.14285714285714,71.23333333333333
2023-03-16,Southeast Asia,VM,60,636,289,105.22,1.03,0,0.6060606060606061,0.318796992481203,3,3,0,1,65.0,94.0,68.28571428571429,70.63333333333334
2023-03-16,North Europe,Container,96,577,323,105.22,1.03,0,0.9696969696969697,0.28922305764411027,3,3,0,1,60.0,87.0,69.57142857142857,71.76666666666667
2023-03-16,North Europe,Storage,96,898,397,105.22,1.03,0,0.9696969696969697,0.45012531328320804,3,3,0,1,96.0,75.0,72.57142857142857,72.5
2023-03-16,North Europe,VM,53,1159,439,105.22,1.03,0,0.5353535353535354,0.580952380952381,3,3,0,1,96.0,69.0,70.28571428571429,71.16666666666667
2023-03-16,West US,Container,94,660,397,105.22,1.03,0,0.9494949494949495,0.3308270676691729,3,3,0,1,53.0,63.0,74.71428571428571,72.26666666666667
2023-03-16,West US,VM,98,1262,450,105.22,1.03,0,0.98989898989899,0.6325814536340852,3,3,0,1,94.0,59.0,80.28571428571429,73.26666666666667
2023-03-16,East US,Container,98,1706,345,105.22,1.03,0,0.98989898989899,0.8551378446115289,3,3,0,1,98.0,65.0,85.0,74.53333333333333
2023-03-16,East US,VM,68,931,372,105.22,1.03,0,0.6868686868686869,0.4666666666666667,3,3,0,1,98.0,60.0,86.14285714285714,74.03333333333333
2023-03-16,West US,Storage,96,1470,317,105.22,1.03,0,0.9696969696969697,0.7368421052631579,3,3,0,1,68.0,96.0,86.14285714285714,74.2
2023-03-16,East US,Storage,85,1873,382,105.22,1.03,0,0.8585858585858586,0.9388471177944863,3,3,0,1,96.0,96.0,84.57142857142857,75.26666666666667
2023-03-17,Southeast Asia,Container,80,1484,235,102.5,1.03,0,0.8080808080808081,0.743859649122807,3,4,0,1,85.0,53.0,88.42857142857143,74.93333333333334
2023-03-17,North Europe,VM,75,1783,325,102.5,1.03,0,0.7575757575757576,0.893734335839599,3,4,0,1,80.0,94.0,85.71428571428571,75.7
2023-03-17,Southeast Asia,Storage,95,1887,387,102.5,1.03,0,0.9595959595959596,0.9458646616541353,3,4,0,1,75.0,98.0,85.28571428571429,76.06666666666666
2023-03-17,Southeast Asia,VM,55,1308,381,102.5,1.03,0,0.5555555555555556,0.6556390977443609,3,4,0,1,95.0,98.0,79.14285714285714,75.96666666666667
2023-03-17,North Europe,Container,73,1836,299,102.5,1.03,0,0.7373737373737373,0.9203007518796993,3,4,0,1,55.0,68.0,79.85714285714286,75.86666666666666
2023-03-17,North Europe,Storage,88,1818,328,102.5,1.03,0,0.8888888888888888,0.9112781954887218,3,4,0,1,73.0,96.0,78.71428571428571,76.46666666666667
2023-03-17,West US,Container,54,855,269,102.5,1.03,0,0.5454545454545454,0.42857142857142855,3,4,0,1,88.0,85.0,74.28571428571429,76.23333333333333
2023-03-17,West US,VM,95,1421,268,102.5,1.03,0,0.9595959595959596,0.712280701754386,3,4,0,1,54.0,80.0,76.42857142857143,77.03333333333333
2023-03-17,East US,Container,68,1949,234,102.5,1.03,0,0.6868686868686869,0.9769423558897243,3,4,0,1,95.0,75.0,75.42857142857143,77.03333333333333
2023-03-17,East US,Storage,94,1209,250,102.5,1.03,0,0.9494949494949495,0.606015037593985,3,4,0,1,68.0,95.0,75.28571428571429,77.4
2023-03-17,East US,VM,62,753,317,102.5,1.03,0,0.6262626262626263,0.3774436090225564,3,4,0,1,94.0,55.0,76.28571428571429,77.7
2023-03-17,West US,Storage,78,548,273,102.5,1.03,0,0.7878787878787878,0.2746867167919799,3,4,0,1,62.0,73.0,77.0,77.63333333333334
2023-03-18,Southeast Asia,Storage,60,1671,342,93.2,1.02,1,0.6060606060606061,0.837593984962406,3,5,1,1,78.0,88.0,73.0,77.76666666666667
2023-03-18,Southeast Asia,VM,55,1138,359,93.2,1.02,1,0.5555555555555556,0.5704260651629073,3,5,1,1,60.0,54.0,73.14285714285714,76.46666666666667
2023-03-18,North Europe,Container,53,1189,206,93.2,1.02,1,0.5353535353535354,0.5959899749373434,3,5,1,1,55.0,95.0,67.14285714285714,75.33333333333333
2023-03-18,North Europe,Storage,92,1964,220,93.2,1.02,1,0.9292929292929293,0.9844611528822055,3,5,1,1,53.0,68.0,70.57142857142857,75.9
2023-03-18,North Europe,VM,92,1095,449,93.2,1.02,1,0.9292929292929293,0.5488721804511278,3,5,1,1,92.0,94.0,70.28571428571429,76.66666666666667
2023-03-18,Southeast Asia,Container,97,698,353,93.2,1.02,1,0.9797979797979798,0.349874686716792,3,5,1,1,92.0,62.0,75.28571428571429,77.8
2023-03-18,West US,Storage,80,704,269,93.2,1.02,1,0.8080808080808081,0.35288220551378446,3,5,1,1,97.0,78.0,75.57142857142857,78.5
2023-03-18,West US,VM,63,1131,381,93.2,1.02,1,0.6363636363636364,0.5669172932330827,3,5,1,1,80.0,60.0,76.0,78.43333333333334
2023-03-18,East US,Container,56,662,419,93.2,1.02,1,0.5656565656565656,0.3318295739348371,3,5,1,1,63.0,55.0,76.14285714285714,78.3
2023-03-18,East US,Storage,79,1865,419,93.2,1.02,1,0.797979797979798,0.9348370927318296,3,5,1,1,56.0,53.0,79.85714285714286,77.73333333333333
2023-03-18,East US,VM,70,1425,305,93.2,1.02,1,0.7070707070707071,0.7142857142857143,3,5,1,1,79.0,92.0,76.71428571428571,76.86666666666666
2023-03-18,West US,Container,93,1340,427,93.2,1.02,1,0.9393939393939394,0.6716791979949874,3,5,1,1,70.0,92.0,76.85714285714286,78.2
2023-03-19,Southeast Asia,Container,50,1341,204,102.93,0.93,1,0.5050505050505051,0.6721804511278195,3,6,1,1,93.0,97.0,70.14285714285714,76.73333333333333
2023-03-19,Southeast Asia,Storage,55,697,297,102.93,0.93,1,0.5555555555555556,0.3493734335839599,3,6,1,1,50.0,80.0,66.57142857142857,75.3
2023-03-19,Southeast Asia,VM,98,1028,297,102.93,0.93,1,0.98989898989899,0.5152882205513785,3,6,1,1,55.0,63.0,71.57142857142857,75.3
2023-03-19,North Europe,Container,90,922,285,102.93,0.93,1,0.9090909090909091,0.46215538847117793,3,6,1,1,98.0,56.0,76.42857142857143,76.03333333333333
2023-03-19,North Europe,Storage,83,527,242,102.93,0.93,1,0.8383838383838383,0.26416040100250626,3,6,1,1,90.0,79.0,77.0,75.6
2023-03-19,North Europe,VM,82,1092,351,102.93,0.93,1,0.8282828282828283,0.5473684210526316,3,6,1,1,83.0,70.0,78.71428571428571,75.5
2023-03-19,West US,Container,91,1516,285,102.93,0.93,1,0.9191919191919192,0.7598997493734336,3,6,1,1,82.0,93.0,78.42857142857143,75.86666666666666
2023-03-19,West US,VM,75,1483,360,102.93,0.93,1,0.7575757575757576,0.7433583959899749,3,6,1,1,91.0,50.0,82.0,75.86666666666666
2023-03-19,East US,Container,67,1654,286,102.93,0.93,1,0.6767676767676768,0.8290726817042606,3,6,1,1,75.0,55.0,83.71428571428571,74.93333333333334
2023-03-19,East US,Storage,86,813,220,102.93,0.93,1,0.8686868686868687,0.4075187969924812,3,6,1,1,67.0,98.0,82.0,75.96666666666667
2023-03-19,East US,VM,93,1395,341,102.93,0.93,1,0.9393939393939394,0.6992481203007519,3,6,1,1,86.0,90.0,82.42857142857143,76.63333333333334
2023-03-19,West US,Storage,99,1128,395,102.93,0.93,1,1.0,0.5654135338345865,3,6,1,1,93.0,83.0,84.71428571428571,77.0
2023-03-20,North Europe,Storage,56,776,219,118.66,1.05,0,0.5656565656565656,0.38897243107769425,3,0,0,1,99.0,82.0,81.0,77.06666666666666
2023-03-20,Southeast Asia,Storage,64,875,431,118.66,1.05,0,0.6464646464646465,0.43859649122807015,3,0,0,1,56.0,91.0,77.14285714285714,76.03333333333333
2023-03-20,Southeast Asia,Container,70,578,413,118.66,1.05,0,0.7070707070707071,0.28972431077694233,3,0,0,1,64.0,75.0,76.42857142857143,76.1
2023-03-20,North Europe,Container,75,882,267,118.66,1.05,0,0.7575757575757576,0.4421052631578947,3,0,0,1,70.0,67.0,77.57142857142857,75.46666666666667
2023-03-20,North Europe,VM,98,1459,231,118.66,1.05,0,0.98989898989899,0.731328320802005,3,0,0,1,75.0,86.0,79.28571428571429,76.66666666666667
2023-03-20,Southeast Asia,VM,95,1383,413,118.66,1.05,0,0.9595959595959596,0.6932330827067669,3,0,0,1,98.0,93.0,79.57142857142857,77.23333333333333
2023-03-20,West US,Storage,73,1817,258,118.66,1.05,0,0.7373737373737373,0.9107769423558897,3,0,0,1,95.0,99.0,75.85714285714286,77.66666666666667
2023-03-20,West US,VM,88,1609,275,118.66,1.05,0,0.8888888888888888,0.8065162907268171,3,0,0,1,73.0,56.0,80.42857142857143,78.76666666666667
2023-03-20,East US,Container,65,934,324,118.66,1.05,0,0.6565656565656566,0.4681704260651629,3,0,0,1,88.0,64.0,80.57142857142857,79.16666666666667
2023-03-20,East US,Storage,51,1341,297,118.66,1.05,0,0.5151515151515151,0.6721804511278195,3,0,0,1,65.0,70.0,77.85714285714286,77.8
2023-03-20,East US,VM,51,521,311,118.66,1.05,0,0.5151515151515151,0.2611528822055138,3,0,0,1,51.0,75.0,74.42857142857143,76.43333333333334
2023-03-20,West US,Container,59,1110,391,118.66,1.05,0,0.5959595959595959,0.556390977443609,3,0,0,1,51.0,98.0,68.85714285714286,75.16666666666667
2023-03-21,Southeast Asia,Storage,64,737,303,88.09,1.07,0,0.6464646464646465,0.3694235588972431,3,1,0,1,59.0,95.0,64.42857142857143,74.63333333333334
2023-03-21,Southeast Asia,VM,57,1066,246,88.09,1.07,0,0.5757575757575758,0.5343358395989974,3,1,0,1,64.0,73.0,62.142857142857146,74.43333333333334
2023-03-21,North Europe,Container,85,984,284,88.09,1.07,0,0.8585858585858586,0.4932330827067669,3,1,0,1,57.0,88.0,61.714285714285715,75.4
2023-03-21,North Europe,Storage,61,507,496,88.09,1.07,0,0.6161616161616161,0.25413533834586466,3,1,0,1,85.0,65.0,61.142857142857146,74.8
2023-03-21,North Europe,VM,92,1208,466,88.09,1.07,0,0.9292929292929293,0.6055137844611529,3,1,0,1,61.0,51.0,67.0,75.53333333333333
2023-03-21,Southeast Asia,Container,67,1053,467,88.09,1.07,0,0.6767676767676768,0.5278195488721804,3,1,0,1,92.0,51.0,69.28571428571429,74.66666666666667
2023-03-21,West US,Storage,55,1178,478,88.09,1.07,0,0.5555555555555556,0.5904761904761905,3,1,0,1,67.0,59.0,68.71428571428571,74.83333333333333
2023-03-21,West US,VM,82,1511,426,88.09,1.07,0,0.8282828282828283,0.7573934837092732,3,1,0,1,55.0,64.0,71.28571428571429,75.73333333333333
2023-03-21,East US,Container,74,1777,243,88.09,1.07,0,0.7474747474747475,0.8907268170426065,3,1,0,1,82.0,57.0,73.71428571428571,74.93333333333334
2023-03-21,East US,Storage,77,1549,265,88.09,1.07,0,0.7777777777777778,0.7764411027568923,3,1,0,1,74.0,85.0,72.57142857142857,74.5
2023-03-21,East US,VM,77,1281,367,88.09,1.07,0,0.7777777777777778,0.6421052631578947,3,1,0,1,77.0,61.0,74.85714285714286,74.3
2023-03-21,West US,Container,74,878,377,88.09,1.07,0,0.7474747474747475,0.44010025062656644,3,1,0,1,77.0,92.0,72.28571428571429,74.03333333333333
2023-03-22,Southeast Asia,Container,80,746,327,90.25,1.08,0,0.8080808080808081,0.37393483709273184,3,2,0,1,74.0,67.0,74.14285714285714,73.66666666666667
2023-03-22,Southeast Asia,Storage,83,1783,301,90.25,1.08,0,0.8383838383838383,0.893734335839599,3,2,0,1,80.0,55.0,78.14285714285714,73.93333333333334
2023-03-22,Southeast Asia,VM,70,1169,468,90.25,1.08,0,0.7070707070707071,0.5859649122807018,3,2,0,1,83.0,82.0,76.42857142857143,74.03333333333333
2023-03-22,North Europe,Container,50,1074,308,90.25,1.08,0,0.5050505050505051,0.5383458646616541,3,2,0,1,70.0,74.0,73.0,72.83333333333333
2023-03-22,North Europe,Storage,61,1313,215,90.25,1.08,0,0.6161616161616161,0.6581453634085213,3,2,0,1,50.0,77.0,70.71428571428571,71.76666666666667
2023-03-22,North Europe,VM,68,1043,336,90.25,1.08,0,0.6868686868686869,0.5228070175438596,3,2,0,1,61.0,77.0,69.42857142857143,70.73333333333333
2023-03-22,West US,Container,79,1465,445,90.25,1.08,0,0.797979797979798,0.7343358395989975,3,2,0,1,68.0,74.0,70.14285714285714,71.5
2023-03-22,West US,VM,86,1427,375,90.25,1.08,0,0.8686868686868687,0.7152882205513784,3,2,0,1,79.0,80.0,71.0,72.23333333333333
2023-03-22,East US,Container,50,1514,207,90.25,1.08,0,0.5050505050505051,0.7588972431077694,3,2,0,1,86.0,83.0,66.28571428571429,71.56666666666666
2023-03-22,East US,Storage,76,539,419,90.25,1.08,0,0.7676767676767676,0.27017543859649124,3,2,0,1,50.0,70.0,67.14285714285714,71.6
2023-03-22,East US,VM,51,1274,458,90.25,1.08,0,0.5151515151515151,0.6385964912280702,3,2,0,1,76.0,50.0,67.28571428571429,70.03333333333333
2023-03-22,West US,Storage,92,1112,459,90.25,1.08,0,0.9292929292929293,0.5573934837092732,3,2,0,1,51.0,61.0,71.71428571428571,69.93333333333334
2023-03-23,North Europe,Storage,75,1800,355,111.59,0.92,0,0.7575757575757576,0.9022556390977443,3,3,0,1,92.0,68.0,72.71428571428571,70.0
2023-03-23,Southeast Asia,Container,66,1336,307,111.59,0.92,0,0.6666666666666666,0.6696741854636592,3,3,0,1,75.0,79.0,70.85714285714286,69.26666666666667
2023-03-23,Southeast Asia,Storage,72,1699,349,111.59,0.92,0,0.7272727272727273,0.8516290726817043,3,3,0,1,66.0,86.0,68.85714285714286,69.5
2023-03-23,Southeast Asia,VM,83,540,274,111.59,0.92,0,0.8383838383838383,0.2706766917293233,3,3,0,1,72.0,50.0,73.57142857142857,70.56666666666666
2023-03-23,North Europe,Container,75,689,362,111.59,0.92,0,0.7575757575757576,0.34536340852130326,3,3,0,1,83.0,76.0,73.42857142857143,71.36666666666666
2023-03-23,North Europe,VM,61,975,485,111.59,0.92,0,0.6161616161616161,0.48872180451127817,3,3,0,1,75.0,51.0,74.85714285714286,71.43333333333334
2023-03-23,West US,Container,73,1749,330,111.59,0.92,0,0.7373737373737373,0.8766917293233083,3,3,0,1,61.0,92.0,72.14285714285714,71.73333333333333
2023-03-23,West US,Storage,68,1900,412,111.59,0.92,0,0.6868686868686869,0.9523809523809523,3,3,0,1,73.0,75.0,71.14285714285714,72.1
2023-03-23,West US,VM,77,764,333,111.59,0.92,0,0.7777777777777778,0.3829573934837093,3,3,0,1,68.0,66.0,72.71428571428571,71.83333333333333
2023-03-23,East US,Container,54,726,388,111.59,0.92,0,0.5454545454545454,0.36390977443609024,3,3,0,1,77.0,72.0,70.14285714285714,71.6
2023-03-23,East US,Storage,74,1429,353,111.59,0.92,0,0.7474747474747475,0.7162907268170426,3,3,0,1,54.0,83.0,68.85714285714286,71.0
2023-03-23,East US,VM,76,630,395,111.59,0.92,0,0.7676767676767676,0.3157894736842105,3,3,0,1,74.0,75.0,69.0,71.3
2023-03-24,Southeast Asia,Container,58,1344,406,109.63,1.04,0,0.5858585858585859,0.6736842105263158,3,4,0,1,76.0,61.0,68.57142857142857,71.4
2023-03-24,Southeast Asia,Storage,95,959,238,109.63,1.04,0,0.9595959595959596,0.4807017543859649,3,4,0,1,58.0,73.0,71.71428571428571,71.83333333333333
2023-03-24,Southeast Asia,VM,84,1836,316,109.63,1.04,0,0.8484848484848485,0.9203007518796993,3,4,0,1,95.0,68.0,74.0,72.16666666666667
2023-03-24,North Europe,Container,64,1714,220,109.63,1.04,0,0.6464646464646465,0.8591478696741854,3,4,0,1,84.0,77.0,72.14285714285714,71.73333333333333
2023-03-24,North Europe,Storage,52,1015,493,109.63,1.04,0,0.5252525252525253,0.5087719298245614,3,4,0,1,64.0,54.0,71.85714285714286,70.9
2023-03-24,North Europe,VM,57,1354,327,109.63,1.04,0,0.5757575757575758,0.6786967418546366,3,4,0,1,52.0,74.0,69.42857142857143,70.33333333333333
2023-03-24,West US,Storage,77,1570,400,109.63,1.04,0,0.7777777777777778,0.7869674185463659,3,4,0,1,57.0,76.0,69.57142857142857,70.23333333333333
2023-03-24,West US,VM,83,1589,447,109.63,1.04,0,0.8383838383838383,0.7964912280701755,3,4,0,1,77.0,58.0,73.14285714285714,70.23333333333333
2023-03-24,East US,Container,69,1392,471,109.63,1.04,0,0.696969696969697,0.6977443609022557,3,4,0,1,83.0,95.0,69.42857142857143,70.2
2023-03-24,East US,Storage,76,1430,488,109.63,1.04,0,0.7676767676767676,0.7167919799498746,3,4,0,1,69.0,84.0,68.28571428571429,71.06666666666666
2023-03-24,East US,VM,60,1361,470,109.63,1.04,0,0.6060606060606061,0.6822055137844611,3,4,0,1,76.0,64.0,67.71428571428571,71.03333333333333
2023-03-24,West US,Container,69,623,200,109.63,1.04,0,0.696969696969697,0.312280701754386,3,4,0,1,60.0,52.0,70.14285714285714,71.06666666666666
2023-03-25,North Europe,Storage,89,1355,469,108.22,1.19,1,0.898989898989899,0.6791979949874687,3,5,1,1,69.0,57.0,74.71428571428571,71.4
2023-03-25,Southeast Asia,Container,58,783,372,108.22,1.19,1,0.5858585858585859,0.3924812030075188,3,5,1,1,89.0,77.0,72.0,70.46666666666667
2023-03-25,Southeast Asia,Storage,52,1949,474,108.22,1.19,1,0.5252525252525253,0.9769423558897243,3,5,1,1,58.0,83.0,67.57142857142857,70.53333333333333
2023-03-25,Southeast Asia,VM,71,582,309,108.22,1.19,1,0.7171717171717171,0.29172932330827067,3,5,1,1,52.0,69.0,67.85714285714286,70.36666666666666
2023-03-25,North Europe,Container,75,1113,414,108.22,1.19,1,0.7575757575757576,0.5578947368421052,3,5,1,1,71.0,76.0,67.71428571428571,71.16666666666667
2023-03-25,North Europe,VM,68,1095,480,108.22,1.19,1,0.6868686868686869,0.5488721804511278,3,5,1,1,75.0,60.0,68.85714285714286,70.36666666666666
2023-03-25,East US,VM,67,1638,424,108.22,1.19,1,0.6767676767676768,0.8210526315789474,3,5,1,1,68.0,69.0,68.57142857142857,70.1
2023-03-25,West US,Storage,87,641,299,108.22,1.19,1,0.8787878787878788,0.3213032581453634,3,5,1,1,67.0,89.0,68.28571428571429,70.8
2023-03-25,West US,VM,83,1387,245,108.22,1.19,1,0.8383838383838383,0.6952380952380952,3,5,1,1,87.0,58.0,71.85714285714286,71.16666666666667
2023-03-25,East US,Container,72,1966,290,108.22,1.19,1,0.7272727272727273,0.9854636591478697,3,5,1,1,83.0,52.0,74.71428571428571,70.8
2023-03-25,East US,Storage,55,1774,418,108.22,1.19,1,0.5555555555555556,0.8892230576441102,3,5,1,1,72.0,71.0,72.42857142857143,70.13333333333334
2023-03-25,West US,Container,57,1201,234,108.22,1.19,1,0.5757575757575758,0.6020050125313283,3,5,1,1,55.0,75.0,69.85714285714286,70.0
2023-03-26,North Europe,Storage,90,567,463,97.55,0.92,1,0.9090909090909091,0.28421052631578947,3,6,1,1,57.0,68.0,73.0,70.56666666666666
2023-03-26,Southeast Asia,Storage,98,931,357,97.55,0.92,1,0.98989898989899,0.4666666666666667,3,6,1,1,90.0,67.0,77.42857142857143,71.56666666666666
2023-03-26,Southeast Asia,VM,65,976,261,97.55,0.92,1,0.6565656565656566,0.4892230576441103,3,6,1,1,98.0,87.0,74.28571428571429,71.16666666666667
2023-03-26,Southeast Asia,Container,61,1558,466,97.55,0.92,1,0.6161616161616161,0.780952380952381,3,6,1,1,65.0,83.0,71.14285714285714,71.4
2023-03-26,North Europe,Container,51,1650,454,97.55,0.92,1,0.5151515151515151,0.8270676691729323,3,6,1,1,61.0,72.0,68.14285714285714,70.63333333333334
2023-03-26,North Europe,VM,90,833,421,97.55,0.92,1,0.9090909090909091,0.41754385964912283,3,6,1,1,51.0,55.0,73.14285714285714,71.1
2023-03-26,East US,Container,87,1960,363,97.55,0.92,1,0.8787878787878788,0.9824561403508771,3,6,1,1,90.0,57.0,77.42857142857143,72.06666666666666
2023-03-26,West US,Storage,58,819,360,97.55,0.92,1,0.5858585858585859,0.4105263157894737,3,6,1,1,87.0,90.0,72.85714285714286,70.83333333333333
2023-03-26,West US,VM,89,964,485,97.55,0.92,1,0.898989898989899,0.4832080200501253,3,6,1,1,58.0,98.0,71.57142857142857,71.0
2023-03-26,East US,Storage,68,1442,319,97.55,0.92,1,0.6868686868686869,0.7228070175438597,3,6,1,1,89.0,65.0,72.0,71.13333333333334
2023-03-26,East US,VM,56,1586,272,97.55,0.92,1,0.5656565656565656,0.7949874686716792,3,6,1,1,68.0,61.0,71.28571428571429,71.26666666666667
2023-03-26,West US,Container,74,1726,426,97.55,0.92,1,0.7474747474747475,0.8651629072681705,3,6,1,1,56.0,51.0,74.57142857142857,71.83333333333333
2023-03-27,Southeast Asia,Container,53,1978,227,91.1,0.92,0,0.5353535353535354,0.9914786967418546,3,0,0,1,74.0,90.0,69.28571428571429,71.03333333333333
2023-03-27,Southeast Asia,Storage,70,1004,356,91.1,0.92,0,0.7070707070707071,0.5032581453634085,3,0,0,1,53.0,87.0,66.85714285714286,70.6
2023-03-27,Southeast Asia,VM,78,905,431,91.1,0.92,0,0.7878787878787878,0.45363408521303256,3,0,0,1,70.0,58.0,69.71428571428571,70.9
2023-03-27,North Europe,Container,90,1158,225,91.1,0.92,0,0.9090909090909091,0.5804511278195489,3,0,0,1,78.0,89.0,69.85714285714286,71.36666666666666
2023-03-27,North Europe,Storage,95,1058,214,91.1,0.92,0,0.9595959595959596,0.5303258145363409,3,0,0,1,90.0,68.0,73.71428571428571,72.53333333333333
2023-03-27,North Europe,VM,94,842,275,91.1,0.92,0,0.9494949494949495,0.4220551378446115,3,0,0,1,95.0,56.0,79.14285714285714,73.36666666666666
2023-03-27,West US,Storage,66,981,415,91.1,0.92,0,0.6666666666666666,0.4917293233082707,3,0,0,1,94.0,74.0,78.0,72.6
2023-03-27,West US,VM,58,1847,234,91.1,0.92,0,0.5858585858585859,0.9258145363408521,3,0,0,1,66.0,53.0,78.71428571428571,72.6
2023-03-27,East US,Container,86,1512,400,91.1,0.92,0,0.8686868686868687,0.7578947368421053,3,0,0,1,58.0,70.0,81.0,73.73333333333333
2023-03-27,East US,Storage,70,1848,475,91.1,0.92,0,0.7070707070707071,0.9263157894736842,3,0,0,1,86.0,78.0,79.85714285714286,73.7
2023-03-27,East US,VM,95,1992,454,91.1,0.92,0,0.9595959595959596,0.9984962406015038,3,0,0,1,70.0,90.0,80.57142857142857,74.36666666666666
2023-03-27,West US,Container,81,1588,207,91.1,0.92,0,0.8181818181818182,0.7959899749373434,3,0,0,1,95.0,95.0,78.57142857142857,74.8
2023-03-28,North Europe,Storage,94,1252,341,99.23,1.03,0,0.9494949494949495,0.6275689223057644,3,1,0,1,81.0,94.0,78.57142857142857,75.7
2023-03-28,Southeast Asia,Container,57,1054,289,99.23,1.03,0,0.5757575757575758,0.5283208020050125,3,1,0,1,94.0,66.0,77.28571428571429,74.7
2023-03-28,Southeast Asia,Storage,87,548,389,99.23,1.03,0,0.8787878787878788,0.2746867167919799,3,1,0,1,57.0,58.0,81.42857142857143,74.83333333333333
2023-03-28,Southeast Asia,VM,69,1152,388,99.23,1.03,0,0.696969696969697,0.5774436090225564,3,1,0,1,87.0,86.0,79.0,74.73333333333333
2023-03-28,North Europe,Container,84,1955,436,99.23,1.03,0,0.8484848484848485,0.9799498746867168,3,1,0,1,69.0,70.0,81.0,75.7
2023-03-28,North Europe,VM,57,1990,292,99.23,1.03,0,0.5757575757575758,0.9974937343358395,3,1,0,1,84.0,95.0,75.57142857142857,75.7
2023-03-28,East US,VM,53,1929,275,99.23,1.03,0,0.5353535353535354,0.9669172932330827,3,1,0,1,57.0,81.0,71.57142857142857,74.46666666666667
2023-03-28,West US,Storage,71,1072,467,99.23,1.03,0,0.7171717171717171,0.53734335839599,3,1,0,1,53.0,94.0,68.28571428571429,73.56666666666666
2023-03-28,West US,VM,57,1610,461,99.23,1.03,0,0.5757575757575758,0.8070175438596491,3,1,0,1,71.0,57.0,68.28571428571429,73.3
2023-03-28,East US,Container,73,1685,456,99.23,1.03,0,0.7373737373737373,0.8446115288220551,3,1,0,1,57.0,87.0,66.28571428571429,73.7
2023-03-28,East US,Storage,94,1078,393,99.23,1.03,0,0.9494949494949495,0.5403508771929825,3,1,0,1,73.0,69.0,69.85714285714286,75.13333333333334
2023-03-28,West US,Container,55,1229,482,99.23,1.03,0,0.5555555555555556,0.6160401002506266,3,1,0,1,94.0,84.0,65.71428571428571,73.96666666666667
2023-03-29,North Europe,Storage,88,896,391,102.77,1.08,0,0.8888888888888888,0.44912280701754387,3,2,0,1,55.0,57.0,70.14285714285714,74.0
2023-03-29,Southeast Asia,Storage,93,518,271,102.77,1.08,0,0.9393939393939394,0.2596491228070175,3,2,0,1,88.0,53.0,75.85714285714286,75.16666666666667
2023-03-29,Southeast Asia,VM,95,500,367,102.77,1.08,0,0.9595959595959596,0.2506265664160401,3,2,0,1,93.0,71.0,79.28571428571429,75.36666666666666
2023-03-29,North Europe,Container,60,1406,326,102.77,1.08,0,0.6060606060606061,0.7047619047619048,3,2,0,1,95.0,57.0,79.71428571428571,75.1
2023-03-29,Southeast Asia,Container,57,1456,308,102.77,1.08,0,0.5757575757575758,0.7298245614035088,3,2,0,1,60.0,73.0,77.42857142857143,75.13333333333334
2023-03-29,North Europe,VM,88,682,240,102.77,1.08,0,0.8888888888888888,0.3418546365914787,3,2,0,1,57.0,94.0,76.57142857142857,75.6
2023-03-29,West US,VM,58,1867,236,102.77,1.08,0,0.5858585858585859,0.9358395989974937,3,2,0,1,88.0,55.0,77.0,75.76666666666667
2023-03-29,West US,Storage,98,1052,216,102.77,1.08,0,0.98989898989899,0.5273182957393484,3,2,0,1,58.0,88.0,78.42857142857143,76.7
2023-03-29,East US,Container,92,881,432,102.77,1.08,0,0.9292929292929293,0.44160401002506267,3,2,0,1,98.0,93.0,78.28571428571429,77.16666666666667
2023-03-29,East US,Storage,98,1203,305,102.77,1.08,0,0.98989898989899,0.6030075187969924,3,2,0,1,92.0,95.0,78.71428571428571,77.43333333333334
2023-03-29,East US,VM,88,840,444,102.77,1.08,0,0.8888888888888888,0.42105263157894735,3,2,0,1,98.0,60.0,82.71428571428571,77.2
2023-03-29,West US,Container,73,1318,258,102.77,1.08,0,0.7373737373737373,0.6606516290726817,3,2,0,1,88.0,57.0,85.0,76.5
2023-03-30,Southeast Asia,Container,64,540,457,100.13,1.15,0,0.6464646464646465,0.2706766917293233,3,3,0,1,73.0,88.0,81.57142857142857,76.43333333333334
2023-03-30,Southeast Asia,Storage,98,831,442,100.13,1.15,0,0.98989898989899,0.41654135338345866,3,3,0,1,64.0,58.0,87.28571428571429,77.76666666666667
2023-03-30,North Europe,Container,85,1093,346,100.13,1.15,0,0.8585858585858586,0.5478696741854636,3,3,0,1,98.0,98.0,85.42857142857143,77.73333333333333
2023-03-30,North Europe,Storage,51,1847,360,100.13,1.15,0,0.5151515151515151,0.9258145363408521,3,3,0,1,85.0,92.0,79.57142857142857,77.1
2023-03-30,North Europe,VM,98,1349,345,100.13,1.15,0,0.98989898989899,0.6761904761904762,3,3,0,1,51.0,98.0,79.57142857142857,77.2
2023-03-30,Southeast Asia,VM,96,911,283,100.13,1.15,0,0.9696969696969697,0.45664160401002507,3,3,0,1,98.0,88.0,80.71428571428571,77.7
2023-03-30,West US,Storage,76,673,357,100.13,1.15,0,0.7676767676767676,0.33734335839599,3,3,0,1,96.0,73.0,81.14285714285714,77.1
2023-03-30,West US,VM,54,1019,352,100.13,1.15,0,0.5454545454545454,0.5107769423558898,3,3,0,1,76.0,64.0,79.71428571428571,77.0
2023-03-30,East US,Container,88,1487,449,100.13,1.15,0,0.8888888888888888,0.7453634085213032,3,3,0,1,54.0,98.0,78.28571428571429,77.03333333333333
2023-03-30,East US,Storage,82,1824,289,100.13,1.15,0,0.8282828282828283,0.9142857142857143,3,3,0,1,88.0,85.0,77.85714285714286,77.46666666666667
2023-03-30,East US,VM,61,944,439,100.13,1.15,0,0.6161616161616161,0.4731829573934837,3,3,0,1,82.0,51.0,79.28571428571429,76.7
2023-03-30,West US,Container,94,930,414,100.13,1.15,0,0.9494949494949495,0.46616541353383456,3,3,0,1,61.0,98.0,78.71428571428571,77.93333333333334
2023-03-31,Southeast Asia,VM,74,1802,493,97.35,1.27,0,0.7474747474747475,0.9032581453634085,3,4,0,1,94.0,96.0,75.57142857142857,78.63333333333334
2023-03-31,North Europe,Container,98,1650,422,97.35,1.27,0,0.98989898989899,0.8270676691729323,3,4,0,1,74.0,76.0,78.71428571428571,79.53333333333333
2023-03-31,North Europe,Storage,84,734,412,97.35,1.27,0,0.8484848484848485,0.36791979949874687,3,4,0,1,98.0,54.0,83.0,80.43333333333334
2023-03-31,North Europe,VM,51,1604,467,97.35,1.27,0,0.5151515151515151,0.8040100250626566,3,4,0,1,84.0,88.0,77.71428571428571,79.7
2023-03-31,West US,Container,51,886,495,97.35,1.27,0,0.5151515151515151,0.44411027568922307,3,4,0,1,51.0,82.0,73.28571428571429,78.26666666666667
2023-03-31,East US,Container,58,1900,238,97.35,1.27,0,0.5858585858585859,0.9523809523809523,3,4,0,1,51.0,61.0,72.85714285714286,78.36666666666666
2023-03-31,West US,VM,77,1270,283,97.35,1.27,0,0.7777777777777778,0.6365914786967418,3,4,0,1,58.0,94.0,70.42857142857143,78.0
2023-03-31,East US,Storage,51,1789,409,97.35,1.27,0,0.5151515151515151,0.8967418546365915,3,4,0,1,77.0,74.0,67.14285714285714,76.6
2023-03-31,East US,VM,78,604,401,97.35,1.27,0,0.7878787878787878,0.30275689223057645,3,4,0,1,51.0,98.0,64.28571428571429,76.03333333333333
2023-03-31,Southeast Asia,Storage,77,776,306,97.35,1.27,0,0.7777777777777778,0.38897243107769425,3,4,0,1,78.0,84.0,63.285714285714285,76.6
2023-03-31,West US,Storage,55,1166,316,97.35,1.27,0,0.5555555555555556,0.5844611528822055,3,4,0,1,77.0,51.0,63.857142857142854,76.53333333333333
2023-03-31,Southeast Asia,Container,67,919,298,97.35,1.27,0,0.6767676767676768,0.4606516290726817,3,4,0,1,55.0,51.0,66.14285714285714,75.83333333333333
